Name:
Lakshadweep, India
 
Polygon Middle Longitude:
72.8750  
 
Polygon Middle Latitude:
10.3250 
 
Averaged Maximum Monthly Mean:
29.9846
 
Averaged Monthly Mean (Jan-Dec):
28.0084 28.1628 28.8548 29.5700 29.9846 28.8223 27.7034 27.4204 27.9277 28.2973 28.6109 28.4430
 
First Valid DHW Date:
1985 25 03
 
First Valid BAA Date:
1985 31 03
 
YYYY MM DD SST_MIN SST_MAX SST@90th_HS SSTA@90th_HS 90th_HS>0 DHW_from_90th_HS>1 BAA_7day_max
1985 01 01 27.8400 28.1100 28.1000     -0.1555       0.0000    0.0000            0
1985 01 02 27.8300 28.1000 28.0700     -0.1658       0.0000    0.0000            0
1985 01 03 27.8900 28.1900 28.1100     -0.0413       0.0000    0.0000            0
1985 01 04 28.0200 28.3100 28.3000      0.1416       0.0000    0.0000            0
1985 01 05 27.4700 27.7300 27.6500     -0.4300       0.0000    0.0000            0
1985 01 06 27.6300 27.9200 27.8000     -0.2829       0.0000    0.0000            0
1985 01 07 27.8800 28.3200 28.2700      0.1661       0.0000    0.0000            0
1985 01 08 27.8600 28.4300 28.3700      0.2103       0.0000    0.0000            0
1985 01 09 27.6700 28.3900 28.2900      0.1355       0.0000    0.0000            0
1985 01 10 27.0200 28.2500 27.8600     -0.2748       0.0000    0.0000            0
1985 01 11 26.9000 28.1700 27.8100     -0.3300       0.0000    0.0000            0
1985 01 12 27.1100 28.3200 28.0300     -0.0729       0.0000    0.0000            0
1985 01 13 27.2200 28.2600 28.0500     -0.0700       0.0000    0.0000            0
1985 01 14 27.3900 28.3100 28.1900      0.0826       0.0000    0.0000            0
1985 01 15 27.5000 28.3200 28.1800      0.0700       0.0000    0.0000            0
1985 01 16 27.4200 28.3500 28.2700      0.2542       0.0000    0.0000            0
1985 01 17 27.5100 28.9400 28.8700      0.8452       0.0000    0.0000            0
1985 01 18 27.7700 29.0600 28.9700      0.9277       0.0000    0.0000            0
1985 01 19 28.0000 29.1100 29.0100      0.9529       0.0000    0.0000            0
1985 01 20 28.0100 28.9700 28.9600      0.8961       0.0000    0.0000            0
1985 01 21 27.9800 29.1400 29.0300      0.9613       0.0000    0.0000            0
1985 01 22 27.8600 28.5600 28.4600      0.3803       0.0000    0.0000            0
1985 01 23 27.7100 28.4000 28.3400      0.2255       0.0000    0.0000            0
1985 01 24 27.6600 28.6300 28.5700      0.4703       0.0000    0.0000            0
1985 01 25 27.6900 28.7600 28.6700      0.5626       0.0000    0.0000            0
1985 01 26 27.5400 28.8000 28.7300      0.6148       0.0000    0.0000            0
1985 01 27 28.1100 29.0200 28.9200      0.8110       0.0000    0.0000            0
1985 01 28 27.8500 28.8200 28.7600      0.6352       0.0000    0.0000            0
1985 01 29 27.7600 28.7500 28.7100      0.5616       0.0000    0.0000            0
1985 01 30 27.5700 28.8500 28.8100      0.6639       0.0000    0.0000            0
1985 01 31 27.6400 28.5800 28.4800      0.3010       0.0000    0.0000            0
1985 02 01 27.6800 28.7100 28.7000      0.5239       0.0000    0.0000            0
1985 02 02 27.8000 28.9000 28.7400      0.5532       0.0000    0.0000            0
1985 02 03 27.7900 28.9400 28.8000      0.6006       0.0000    0.0000            0
1985 02 04 27.6600 28.9000 28.5900      0.4087       0.0000    0.0000            0
1985 02 05 27.3800 28.4400 28.3500      0.1342       0.0000    0.0000            0
1985 02 06 27.5000 28.4500 28.4500      0.2268       0.0000    0.0000            0
1985 02 07 27.6900 28.4700 28.3400      0.1371       0.0000    0.0000            0
1985 02 08 27.4200 28.5500 28.4200      0.2065       0.0000    0.0000            0
1985 02 09 27.2500 28.5700 28.4000      0.1803       0.0000    0.0000            0
1985 02 10 27.3000 28.5800 28.4200      0.1987       0.0000    0.0000            0
1985 02 11 27.3500 28.5500 28.4000      0.1519       0.0000    0.0000            0
1985 02 12 27.2900 28.4000 28.2800      0.0616       0.0000    0.0000            0
1985 02 13 27.2600 28.3900 28.1400     -0.1252       0.0000    0.0000            0
1985 02 14 27.4400 28.7300 28.3500      0.0771       0.0000    0.0000            0
1985 02 15 27.2500 28.4700 27.8000     -0.4700       0.0000    0.0000            0
1985 02 16 27.5000 28.4600 28.2400     -0.0664       0.0000    0.0000            0
1985 02 17 27.3200 28.2000 28.0900     -0.2193       0.0000    0.0000            0
1985 02 18 27.0800 28.1500 28.0400     -0.3150       0.0000    0.0000            0
1985 02 19 27.0200 28.1400 28.0600     -0.2800       0.0000    0.0000            0
1985 02 20 26.6500 27.8400 27.7200     -0.6800       0.0000    0.0000            0
1985 02 21 27.1700 28.2400 28.1500     -0.2600       0.0000    0.0000            0
1985 02 22 27.6000 28.6000 28.4500     -0.0375       0.0000    0.0000            0
1985 02 23 28.0700 29.0400 28.8600      0.3729       0.0000    0.0000            0
1985 02 24 27.9400 28.8300 28.7000      0.2000       0.0000    0.0000            0
1985 02 25 27.7300 28.7800 28.5400      0.0100       0.0000    0.0000            0
1985 02 26 27.3100 28.8200 28.2600     -0.2450       0.0000    0.0000            0
1985 02 27 26.8900 28.8000 27.9600     -0.5757       0.0000    0.0000            0
1985 02 28 26.9000 28.9000 27.9200     -0.6604       0.0000    0.0000            0
1985 03 01 26.9600 28.1300 27.6300     -0.9550       0.0000    0.0000            0
1985 03 02 27.5100 28.3600 28.0300     -0.5750       0.0000    0.0000            0
1985 03 03 27.5200 28.3000 28.0100     -0.5014       0.0000    0.0000            0
1985 03 04 27.5200 28.2800 28.1800     -0.4850       0.0000    0.0000            0
1985 03 05 27.4800 28.3500 28.2300     -0.5500       0.0000    0.0000            0
1985 03 06 27.4500 28.2500 28.1200     -0.6900       0.0000    0.0000            0
1985 03 07 27.7900 28.7600 28.6700     -0.1800       0.0000    0.0000            0
1985 03 08 27.9500 28.7300 28.5700     -0.2275       0.0000    0.0000            0
1985 03 09 27.8300 28.6000 28.5400     -0.3621       0.0000    0.0000            0
1985 03 10 28.2300 28.6500 28.6100     -0.1196       0.0000    0.0000            0
1985 03 11 28.0700 28.6300 28.5600     -0.3900       0.0000    0.0000            0
1985 03 12 27.9700 28.6900 28.5100     -0.4296       0.0000    0.0000            0
1985 03 13 28.9300 29.6300 29.5200      0.6957       0.0000    0.0000            0
1985 03 14 28.9600 29.6700 29.6300      0.6554       0.0000    0.0000            0
1985 03 15 28.6900 29.5000 29.4500      0.4200       0.0000    0.0000            0
1985 03 16 28.6500 29.4900 29.4100      0.3381       0.0000    0.0000            0
1985 03 17 28.2300 29.2600 29.1700      0.0642       0.0000    0.0000            0
1985 03 18 28.4200 29.5300 29.2600      0.4052       0.0000    0.0000            0
1985 03 19 29.2600 29.9600 29.7000      0.5571       0.0000    0.0000            0
1985 03 20 29.0000 29.9300 29.7600      0.6155       0.0000    0.0000            0
1985 03 21 28.5000 29.4900 29.4100      0.1871       0.0000    0.0000            0
1985 03 22 28.3200 29.3500 29.2200     -0.0306       0.0000    0.0000            0
1985 03 23 28.5300 29.5000 29.3500      0.1645       0.0000    0.0000            0
1985 03 24 28.7400 29.5200 29.4400      0.1264       0.0000    0.0000            0
1985 03 25 29.3600 30.0200 29.9700      0.6910       0.0000    0.0000            0
1985 03 26 29.6500 30.3600 30.2700      0.9681       0.3000    0.0000            0
1985 03 27 29.1600 30.3700 30.1400      1.1113       0.1800    0.0000            0
1985 03 28 28.8600 30.2400 29.9800      0.9413       0.0200    0.0000            0
1985 03 29 28.6500 29.6500 29.5100      0.1548       0.0000    0.0000            0
1985 03 30 28.9900 29.7300 29.6100      0.1629       0.0000    0.0000            0
1985 03 31 28.9000 29.5800 29.4900      0.0071       0.0000    0.0000            1
1985 04 01 29.3500 29.9500 29.7500      0.5971       0.0000    0.0000            1
1985 04 02 29.3000 29.9100 29.8400      0.6626       0.0000    0.0000            1
1985 04 03 29.7500 30.1600 30.0900      0.6642       0.0900    0.0000            1
1985 04 04 29.4400 30.3200 30.1300      0.5539       0.0900    0.0000            1
1985 04 05 29.3200 30.3100 29.9000      0.3623       0.0000    0.0000            1
1985 04 06 29.2800 29.9700 29.8900      0.2594       0.0000    0.0000            1
1985 04 07 29.6000 30.1500 30.0500      0.7484       0.0700    0.0000            1
1985 04 08 29.3600 30.0500 29.9300      0.6026       0.0000    0.0000            1
1985 04 09 29.1600 29.9300 29.8000      0.2013       0.0000    0.0000            1
1985 04 10 28.6700 29.6700 29.5800     -0.1558       0.0000    0.0000            1
1985 04 11 28.3200 29.4800 29.1500     -0.4971       0.0000    0.0000            1
1985 04 12 28.4500 29.6400 29.4400     -0.3445       0.0000    0.0000            1
1985 04 13 28.4500 29.5400 29.4400      0.0197       0.0000    0.0000            1
1985 04 14 29.6100 30.2000 30.0600      0.6029       0.0900    0.0000            1
1985 04 15 29.4700 30.1800 30.0100      0.4400       0.0200    0.0000            1
1985 04 16 29.2800 30.0600 29.9200      0.3163       0.0000    0.0000            1
1985 04 17 28.8400 29.9300 29.6300     -0.1080       0.0000    0.0000            1
1985 04 18 28.5900 29.7700 29.6500     -0.0210       0.0000    0.0000            1
1985 04 19 28.9800 30.2200 30.0800      0.4073       0.1300    0.0000            1
1985 04 20 29.2300 30.2800 30.1600      0.4933       0.2100    0.0000            1
1985 04 21 29.7200 30.4000 30.3100      0.6320       0.3600    0.0000            1
1985 04 22 29.8200 30.4600 30.3500      0.4427       0.3200    0.0000            1
1985 04 23 29.5400 30.1100 30.0800      0.1720       0.0400    0.0000            1
1985 04 24 29.3900 29.9200 29.7900      0.0050       0.0000    0.0000            1
1985 04 25 29.0800 29.6300 29.5200     -0.2900       0.0000    0.0000            1
1985 04 26 29.0200 29.7100 29.5600     -0.3697       0.0000    0.0000            1
1985 04 27 29.7700 30.8400 30.7900      0.9520       0.8200    0.0000            1
1985 04 28 29.6100 30.8600 30.7800      0.9147       0.7900    0.0000            1
1985 04 29 29.5900 31.0600 30.9100      1.1000       0.9400    0.0000            1
1985 04 30 29.5700 30.3400 30.2400      0.3700       0.2500    0.0000            1
1985 05 01 29.9500 30.5400 30.4800      0.5920       0.4800    0.0000            1
1985 05 02 29.6000 30.0500 29.9700      0.0753       0.0000    0.0000            1
1985 05 03 29.2400 29.8200 29.7100     -0.1980       0.0000    0.0000            1
1985 05 04 29.1900 29.6600 29.5800     -0.2450       0.0000    0.0000            1
1985 05 05 29.2500 29.7900 29.7400     -0.1700       0.0000    0.0000            1
1985 05 06 28.7800 29.6700 29.5200     -0.4660       0.0000    0.0000            1
1985 05 07 28.7100 29.6500 29.5800     -0.4193       0.0000    0.0000            1
1985 05 08 29.0300 29.9800 29.5100     -0.3240       0.0000    0.0000            0
1985 05 09 29.0600 29.8600 29.4000     -0.4300       0.0000    0.0000            0
1985 05 10 29.3000 30.2500 29.6500     -0.3100       0.0000    0.0000            0
1985 05 11 29.3500 30.5700 29.7200     -0.2480       0.0000    0.0000            0
1985 05 12 29.2900 30.2600 29.7100     -0.3020       0.0000    0.0000            0
1985 05 13 29.2300 30.2100 29.6900     -0.2573       0.0000    0.0000            0
1985 05 14 29.0900 30.0900 29.6300     -0.3433       0.0000    0.0000            0
1985 05 15 29.4500 30.0000 29.9600     -0.0700       0.0000    0.0000            0
1985 05 16 29.3000 29.8900 29.7700     -0.2106       0.0000    0.0000            0
1985 05 17 29.1300 29.6800 29.5800     -0.3300       0.0000    0.0000            0
1985 05 18 29.1800 29.6800 29.6100     -0.2781       0.0000    0.0000            0
1985 05 19 28.7900 29.5000 29.4400     -0.4074       0.0000    0.0000            0
1985 05 20 28.6200 29.3800 29.3400     -0.4777       0.0000    0.0000            0
1985 05 21 28.5300 29.3900 29.2600     -0.4890       0.0000    0.0000            0
1985 05 22 28.6300 29.5800 29.4200     -0.3094       0.0000    0.0000            0
1985 05 23 28.7000 29.6400 29.4300     -0.2032       0.0000    0.0000            0
1985 05 24 28.8100 29.9400 29.7100      0.1097       0.0000    0.0000            0
1985 05 25 28.9300 29.9300 29.8000      0.2210       0.0000    0.0000            0
1985 05 26 29.0000 29.9400 29.8300      0.2639       0.0000    0.0000            0
1985 05 27 28.9700 29.9300 29.8100      0.2797       0.0000    0.0000            0
1985 05 28 29.0100 29.8900 29.7200      0.2658       0.0000    0.0000            0
1985 05 29 29.0500 29.8900 29.7700      0.3548       0.0000    0.0000            0
1985 05 30 29.0700 29.8700 29.7600      0.3723       0.0000    0.0000            0
1985 05 31 28.8400 29.8400 29.7500      0.3426       0.0000    0.0000            0
1985 06 01 28.5300 29.6900 29.6000      0.2487       0.0000    0.0000            0
1985 06 02 28.3500 29.6400 29.5400      0.2545       0.0000    0.0000            0
1985 06 03 28.3800 29.5900 29.5200      0.2319       0.0000    0.0000            0
1985 06 04 28.4800 29.5500 29.4700      0.1874       0.0000    0.0000            0
1985 06 05 28.4400 29.5700 29.5200      0.2748       0.0000    0.0000            0
1985 06 06 28.3200 29.5100 29.4600      0.2423       0.0000    0.0000            0
1985 06 07 28.1000 29.6800 29.6400      0.4735       0.0000    0.0000            0
1985 06 08 28.8700 29.7800 29.7500      0.5984       0.0000    0.0000            0
1985 06 09 28.8700 29.8000 29.7200      0.6129       0.0000    0.0000            0
1985 06 10 28.7400 29.7000 29.5800      0.4990       0.0000    0.0000            0
1985 06 11 28.6300 29.3000 29.1500      0.1032       0.0000    0.0000            0
1985 06 12 28.3700 29.1300 28.9900     -0.0135       0.0000    0.0000            0
1985 06 13 28.0700 28.8100 28.6800     -0.2984       0.0000    0.0000            0
1985 06 14 28.0100 28.5900 28.4300     -0.4552       0.0000    0.0000            0
1985 06 15 27.9100 28.4400 28.2800     -0.5400       0.0000    0.0000            0
1985 06 16 27.9700 28.7600 28.4900     -0.2507       0.0000    0.0000            0
1985 06 17 27.9800 28.8900 28.6700     -0.0647       0.0000    0.0000            0
1985 06 18 28.1300 28.9800 28.8400      0.1570       0.0000    0.0000            0
1985 06 19 28.0600 29.1200 28.9800      0.3367       0.0000    0.0000            0
1985 06 20 27.8100 28.7800 28.4600     -0.0983       0.0000    0.0000            0
1985 06 21 27.7800 28.6100 28.3400     -0.1980       0.0000    0.0000            0
1985 06 22 27.6600 28.5500 28.3000     -0.1760       0.0000    0.0000            0
1985 06 23 27.3400 28.4700 28.3300     -0.1560       0.0000    0.0000            0
1985 06 24 27.4500 28.3300 28.2500     -0.1720       0.0000    0.0000            0
1985 06 25 27.1200 28.0000 27.9200     -0.4467       0.0000    0.0000            0
1985 06 26 27.4500 28.1300 27.9800     -0.3620       0.0000    0.0000            0
1985 06 27 27.5100 28.2600 27.9300     -0.5160       0.0000    0.0000            0
1985 06 28 27.3500 28.2100 27.9400     -0.5107       0.0000    0.0000            0
1985 06 29 27.1800 27.8600 27.6900     -0.7407       0.0000    0.0000            0
1985 06 30 27.1600 27.8100 27.6900     -0.6450       0.0000    0.0000            0
1985 07 01 26.7800 27.9200 27.4200     -0.9227       0.0000    0.0000            0
1985 07 02 26.6700 27.9000 27.3200     -0.8240       0.0000    0.0000            0
1985 07 03 26.3600 27.8000 27.1300     -0.9660       0.0000    0.0000            0
1985 07 04 26.5900 27.5100 27.0600     -0.9790       0.0000    0.0000            0
1985 07 05 27.1900 27.9900 27.8700     -0.1567       0.0000    0.0000            0
1985 07 06 27.2300 28.0100 27.6700     -0.3310       0.0000    0.0000            0
1985 07 07 27.0900 28.1400 27.4800     -0.5027       0.0000    0.0000            0
1985 07 08 26.8000 27.9800 27.2400     -0.8250       0.0000    0.0000            0
1985 07 09 26.7000 27.7200 27.1800     -0.7100       0.0000    0.0000            0
1985 07 10 26.6000 27.6300 27.0100     -0.9917       0.0000    0.0000            0
1985 07 11 26.4900 27.6800 27.0100     -0.9993       0.0000    0.0000            0
1985 07 12 25.8200 27.5600 26.6300     -1.1060       0.0000    0.0000            0
1985 07 13 27.0500 27.8400 27.8100     -0.2820       0.0000    0.0000            0
1985 07 14 27.4500 28.1700 28.1000      0.3793       0.0000    0.0000            0
1985 07 15 27.2500 28.1000 28.0100      0.3600       0.0000    0.0000            0
1985 07 16 27.1500 27.8200 27.6600     -0.3648       0.0000    0.0000            0
1985 07 17 27.1100 27.9200 27.6500      0.0200       0.0000    0.0000            0
1985 07 18 27.1100 28.1800 27.6700      0.0590       0.0000    0.0000            0
1985 07 19 26.9500 27.9200 27.7300     -0.1932       0.0000    0.0000            0
1985 07 20 26.9500 28.0300 27.5900     -0.0252       0.0000    0.0000            0
1985 07 21 26.9200 27.7900 27.6500     -0.2629       0.0000    0.0000            0
1985 07 22 26.7700 27.4300 27.3800     -0.6194       0.0000    0.0000            0
1985 07 23 26.4700 27.2400 27.1500     -0.4271       0.0000    0.0000            0
1985 07 24 26.4400 27.1900 27.0900     -0.4600       0.0000    0.0000            0
1985 07 25 26.6200 27.1800 27.1300     -0.4303       0.0000    0.0000            0
1985 07 26 26.6600 27.1500 27.1000     -0.8832       0.0000    0.0000            0
1985 07 27 26.5900 27.0800 26.9700     -1.0003       0.0000    0.0000            0
1985 07 28 26.2700 26.8100 26.6900     -1.0687       0.0000    0.0000            0
1985 07 29 26.1400 27.2000 26.9100     -1.0487       0.0000    0.0000            0
1985 07 30 26.1000 27.2800 27.1100     -0.7529       0.0000    0.0000            0
1985 07 31 26.3800 27.5000 27.2400     -0.5416       0.0000    0.0000            0
1985 08 01 26.6000 27.5100 27.3700     -0.0974       0.0000    0.0000            0
1985 08 02 26.2000 28.0600 27.3700     -0.1523       0.0000    0.0000            0
1985 08 03 26.6900 28.2900 27.5900      0.0587       0.0000    0.0000            0
1985 08 04 26.7500 28.3300 27.6300      0.1913       0.0000    0.0000            0
1985 08 05 26.9200 28.0500 27.7000      0.1890       0.0000    0.0000            0
1985 08 06 26.9300 28.0400 27.5700     -0.1639       0.0000    0.0000            0
1985 08 07 26.8600 28.0500 27.5400     -0.1942       0.0000    0.0000            0
1985 08 08 26.7500 27.9800 27.6400     -0.0797       0.0000    0.0000            0
1985 08 09 26.8700 28.0200 27.9400      0.1352       0.0000    0.0000            0
1985 08 10 26.8200 27.9100 27.7500      0.0326       0.0000    0.0000            0
1985 08 11 26.9200 27.8500 27.7800     -0.0468       0.0000    0.0000            0
1985 08 12 26.5400 27.5300 27.3400     -0.3384       0.0000    0.0000            0
1985 08 13 26.4200 27.2200 27.1300     -0.5610       0.0000    0.0000            0
1985 08 14 25.4800 26.9100 26.4200     -1.2668       0.0000    0.0000            0
1985 08 15 25.6300 27.0000 26.6300     -1.0400       0.0000    0.0000            0
1985 08 16 25.9000 27.2900 26.9200     -0.7703       0.0000    0.0000            0
1985 08 17 26.0900 27.4600 27.0900     -0.5826       0.0000    0.0000            0
1985 08 18 26.2500 27.4100 27.1600     -0.5319       0.0000    0.0000            0
1985 08 19 26.4700 27.2700 27.1300     -0.7419       0.0000    0.0000            0
1985 08 20 26.2100 27.2400 27.0300     -0.6613       0.0000    0.0000            0
1985 08 21 26.2400 27.3300 27.1200     -0.5835       0.0000    0.0000            0
1985 08 22 26.2200 27.3700 27.1800     -0.4235       0.0000    0.0000            0
1985 08 23 26.1500 27.4800 27.2500     -0.6561       0.0000    0.0000            0
1985 08 24 26.6300 27.7900 27.3600     -0.4016       0.0000    0.0000            0
1985 08 25 26.7300 28.0100 27.4000     -0.3729       0.0000    0.0000            0
1985 08 26 26.6600 28.0800 27.3600     -0.4306       0.0000    0.0000            0
1985 08 27 27.0800 28.0600 27.7000      0.0674       0.0000    0.0000            0
1985 08 28 26.8900 27.8700 27.4200     -0.1465       0.0000    0.0000            0
1985 08 29 26.8100 27.7400 27.3500     -0.2813       0.0000    0.0000            0
1985 08 30 26.7300 27.6700 27.2600     -0.3874       0.0000    0.0000            0
1985 08 31 26.5700 27.4300 27.2000     -0.7084       0.0000    0.0000            0
1985 09 01 26.8400 27.5300 27.3500     -0.5823       0.0000    0.0000            0
1985 09 02 26.9100 27.5900 27.4200     -0.2135       0.0000    0.0000            0
1985 09 03 26.9200 27.7600 27.5400     -0.4197       0.0000    0.0000            0
1985 09 04 26.9700 27.9700 27.5000     -0.1719       0.0000    0.0000            0
1985 09 05 27.2200 28.0900 27.9400      0.1868       0.0000    0.0000            0
1985 09 06 27.2800 28.0600 28.0500      0.1268       0.0000    0.0000            0
1985 09 07 27.3400 28.4700 28.3000      0.5074       0.0000    0.0000            0
1985 09 08 27.3200 28.6300 28.3500      0.5323       0.0000    0.0000            0
1985 09 09 27.6600 28.8500 28.5700      0.7361       0.0000    0.0000            0
1985 09 10 28.0000 29.0600 28.8800      1.1171       0.0000    0.0000            0
1985 09 11 28.2000 29.1100 28.9200      1.1684       0.0000    0.0000            0
1985 09 12 28.1400 29.1500 28.7800      1.1632       0.0000    0.0000            0
1985 09 13 27.0300 28.2800 28.0200      0.0103       0.0000    0.0000            0
1985 09 14 26.8400 28.0500 27.8000     -0.0629       0.0000    0.0000            0
1985 09 15 27.1600 27.9500 27.7100     -0.2500       0.0000    0.0000            0
1985 09 16 27.7900 28.3800 28.3600      0.3897       0.0000    0.0000            0
1985 09 17 27.5000 28.0900 28.0100     -0.0240       0.0000    0.0000            0
1985 09 18 27.5700 28.2900 28.1800      0.2360       0.0000    0.0000            0
1985 09 19 27.8900 28.6500 28.6000      0.5933       0.0000    0.0000            0
1985 09 20 27.3900 28.4600 28.2500      0.1817       0.0000    0.0000            0
1985 09 21 27.3100 28.4100 28.2500      0.2040       0.0000    0.0000            0
1985 09 22 27.0400 28.3100 28.1600      0.1053       0.0000    0.0000            0
1985 09 23 27.7900 28.7500 28.6200      0.5593       0.0000    0.0000            0
1985 09 24 27.9800 28.7600 28.6600      0.5950       0.0000    0.0000            0
1985 09 25 27.9000 28.6800 28.6100      0.5300       0.0000    0.0000            0
1985 09 26 27.7200 28.3100 28.2500      0.1553       0.0000    0.0000            0
1985 09 27 27.7300 28.3000 28.2500      0.1960       0.0000    0.0000            0
1985 09 28 27.7500 28.2800 28.2300      0.1083       0.0000    0.0000            0
1985 09 29 27.6000 28.0600 28.0000     -0.0633       0.0000    0.0000            0
1985 09 30 27.4500 27.8900 27.8400     -0.2300       0.0000    0.0000            0
1985 10 01 27.3300 27.8800 27.8000     -0.3513       0.0000    0.0000            0
1985 10 02 27.4900 27.9500 27.8700     -0.2927       0.0000    0.0000            0
1985 10 03 27.2300 27.8500 27.7400     -0.4380       0.0000    0.0000            0
1985 10 04 27.2600 27.8800 27.8300     -0.3870       0.0000    0.0000            0
1985 10 05 27.1500 27.8600 27.6600     -0.3300       0.0000    0.0000            0
1985 10 06 27.2600 28.1200 28.0500     -0.1960       0.0000    0.0000            0
1985 10 07 27.4700 28.4400 28.2200      0.0293       0.0000    0.0000            0
1985 10 08 27.5300 28.5400 28.2600      0.0433       0.0000    0.0000            0
1985 10 09 27.9500 28.7800 28.6600      0.3620       0.0000    0.0000            0
1985 10 10 27.9500 28.7500 28.6200      0.2867       0.0000    0.0000            0
1985 10 11 27.6700 28.4900 28.3700      0.0620       0.0000    0.0000            0
1985 10 12 27.6100 28.5100 28.2500     -0.0850       0.0000    0.0000            0
1985 10 13 27.5500 28.7400 28.3900      0.1060       0.0000    0.0000            0
1985 10 14 27.6700 28.8500 28.5200      0.2230       0.0000    0.0000            0
1985 10 15 27.4500 28.6300 28.3000      0.0000       0.0000    0.0000            0
1985 10 16 27.4800 28.3100 28.1400     -0.2674       0.0000    0.0000            0
1985 10 17 28.0300 28.7000 28.5900      0.1665       0.0000    0.0000            0
1985 10 18 28.0600 28.8600 28.7200      0.3139       0.0000    0.0000            0
1985 10 19 28.0100 28.8500 28.7100      0.2655       0.0000    0.0000            0
1985 10 20 27.3500 28.5000 28.2900     -0.1203       0.0000    0.0000            0
1985 10 21 27.3400 28.5600 28.3100     -0.0865       0.0000    0.0000            0
1985 10 22 27.3700 28.6200 28.4900      0.0581       0.0000    0.0000            0
1985 10 23 27.4500 28.8200 28.6600      0.2381       0.0000    0.0000            0
1985 10 24 27.9900 28.9400 28.6600      0.1932       0.0000    0.0000            0
1985 10 25 28.0400 28.5900 28.3900      0.0932       0.0000    0.0000            0
1985 10 26 28.0200 28.5500 28.3400      0.0465       0.0000    0.0000            0
1985 10 27 27.8000 28.3000 28.2600     -0.1716       0.0000    0.0000            0
1985 10 28 27.5600 28.4500 28.4300     -0.0226       0.0000    0.0000            0
1985 10 29 27.6300 28.6300 28.5800      0.1174       0.0000    0.0000            0
1985 10 30 27.7000 28.9300 28.6800      0.2161       0.0000    0.0000            0
1985 10 31 27.7900 28.5800 28.4200     -0.0945       0.0000    0.0000            0
1985 11 01 27.9000 28.4000 28.2400     -0.2771       0.0000    0.0000            0
1985 11 02 27.9500 28.6500 28.5100      0.0000       0.0000    0.0000            0
1985 11 03 28.3500 28.8000 28.7200      0.1784       0.0000    0.0000            0
1985 11 04 28.2900 28.6800 28.6000      0.0500       0.0000    0.0000            0
1985 11 05 28.3700 28.8800 28.8300      0.2832       0.0000    0.0000            0
1985 11 06 28.0600 28.7800 28.6400      0.0700       0.0000    0.0000            0
1985 11 07 27.5300 28.4600 28.3600     -0.2074       0.0000    0.0000            0
1985 11 08 26.6000 28.3000 28.2100     -0.3600       0.0000    0.0000            0
1985 11 09 26.7500 27.9100 27.8300     -0.7581       0.0000    0.0000            0
1985 11 10 26.9400 28.0100 27.8500     -0.7090       0.0000    0.0000            0
1985 11 11 27.1900 28.1400 28.0200     -0.4697       0.0000    0.0000            0
1985 11 12 27.4600 28.5000 28.2500     -0.3648       0.0000    0.0000            0
1985 11 13 28.0100 28.7900 28.7300      0.1355       0.0000    0.0000            0
1985 11 14 28.2800 28.8800 28.8200      0.1974       0.0000    0.0000            0
1985 11 15 28.2900 28.7900 28.7200      0.0900       0.0000    0.0000            0
1985 11 16 28.2000 28.7500 28.6800      0.0377       0.0000    0.0000            0
1985 11 17 27.8900 28.7900 28.6100      0.0007       0.0000    0.0000            0
1985 11 18 27.7800 28.4800 28.3000     -0.2630       0.0000    0.0000            0
1985 11 19 27.7600 28.4100 28.3400     -0.2680       0.0000    0.0000            0
1985 11 20 28.1200 28.8100 28.7600      0.1583       0.0000    0.0000            0
1985 11 21 28.2000 28.7900 28.6800      0.0800       0.0000    0.0000            0
1985 11 22 28.1700 28.7100 28.5800     -0.0240       0.0000    0.0000            0
1985 11 23 28.0400 28.5400 28.4300     -0.1593       0.0000    0.0000            0
1985 11 24 28.1400 28.6800 28.6200      0.0460       0.0000    0.0000            0
1985 11 25 28.0400 28.5500 28.5200      0.0167       0.0000    0.0000            0
1985 11 26 27.9800 28.5800 28.3200     -0.2420       0.0000    0.0000            0
1985 11 27 27.0900 28.1900 27.7500     -0.7420       0.0000    0.0000            0
1985 11 28 27.5900 28.5200 28.1600     -0.3280       0.0000    0.0000            0
1985 11 29 27.0800 28.1100 27.9700     -0.5780       0.0000    0.0000            0
1985 11 30 27.0700 28.1700 28.0200     -0.4600       0.0000    0.0000            0
1985 12 01 27.0100 28.0700 27.9100     -0.5607       0.0000    0.0000            0
1985 12 02 27.5100 28.1500 28.1100     -0.3100       0.0000    0.0000            0
1985 12 03 27.7600 28.3500 28.2700     -0.2560       0.0000    0.0000            0
1985 12 04 27.8200 28.5800 28.5100      0.0013       0.0000    0.0000            0
1985 12 05 27.9300 28.5700 28.5500      0.0367       0.0000    0.0000            0
1985 12 06 27.8800 28.5100 28.4200      0.0370       0.0000    0.0000            0
1985 12 07 27.9000 28.6000 28.5600      0.1207       0.0000    0.0000            0
1985 12 08 27.7200 28.6100 28.5400      0.1143       0.0000    0.0000            0
1985 12 09 27.6400 28.6100 28.5200     -0.0140       0.0000    0.0000            0
1985 12 10 27.5800 28.1500 28.0800     -0.3600       0.0000    0.0000            0
1985 12 11 27.0900 28.0300 27.9000     -0.5260       0.0000    0.0000            0
1985 12 12 27.3600 28.1800 27.9000     -0.5760       0.0000    0.0000            0
1985 12 13 27.6200 28.5300 28.3200     -0.1080       0.0000    0.0000            0
1985 12 14 27.5100 28.5300 28.3400     -0.0747       0.0000    0.0000            0
1985 12 15 27.6200 28.6500 28.5500      0.1300       0.0000    0.0000            0
1985 12 16 27.6500 28.8600 28.6900      0.2452       0.0000    0.0000            0
1985 12 17 27.7900 28.6400 28.5400      0.1552       0.0000    0.0000            0
1985 12 18 27.8800 28.5200 28.4500      0.1513       0.0000    0.0000            0
1985 12 19 27.9500 28.2900 28.2000     -0.1871       0.0000    0.0000            0
1985 12 20 28.2900 28.5800 28.5100      0.1713       0.0000    0.0000            0
1985 12 21 28.2300 28.6400 28.5200      0.1935       0.0000    0.0000            0
1985 12 22 28.4500 28.9700 28.8700      0.6152       0.0000    0.0000            0
1985 12 23 28.1900 28.7600 28.5900      0.2442       0.0000    0.0000            0
1985 12 24 27.9800 28.6600 28.5200      0.2023       0.0000    0.0000            0
1985 12 25 27.7300 28.6000 28.3900      0.1597       0.0000    0.0000            0
1985 12 26 27.5800 28.1800 28.0200     -0.2890       0.0000    0.0000            0
1985 12 27 27.3100 28.1700 27.9700     -0.1900       0.0000    0.0000            0
1985 12 28 27.1500 27.7300 27.6000     -0.6835       0.0000    0.0000            0
1985 12 29 27.2600 27.8900 27.8000     -0.4616       0.0000    0.0000            0
1985 12 30 27.6800 28.1100 28.0600     -0.1532       0.0000    0.0000            0
1985 12 31 27.9400 28.4600 28.3500      0.1239       0.0000    0.0000            0
1986 01 01 28.2600 29.0000 28.7000      0.4955       0.0000    0.0000            0
1986 01 02 28.2100 28.5400 28.4600      0.2761       0.0000    0.0000            0
1986 01 03 28.0800 28.5100 28.3400      0.1545       0.0000    0.0000            0
1986 01 04 27.8700 28.5200 28.4000      0.1929       0.0000    0.0000            0
1986 01 05 27.6500 28.4000 28.3200      0.2106       0.0000    0.0000            0
1986 01 06 27.4100 28.4300 28.2900      0.1632       0.0000    0.0000            0
1986 01 07 27.4400 28.5100 28.3300      0.2406       0.0000    0.0000            0
1986 01 08 27.2800 28.2000 28.0500     -0.0442       0.0000    0.0000            0
1986 01 09 27.0900 27.9500 27.7500     -0.3026       0.0000    0.0000            0
1986 01 10 26.9300 27.6400 27.4900     -0.5687       0.0000    0.0000            0
1986 01 11 27.9100 28.7700 28.6100      0.5703       0.0000    0.0000            0
1986 01 12 27.9900 29.0300 28.6700      0.5481       0.0000    0.0000            0
1986 01 13 28.0500 29.1600 28.6900      0.6355       0.0000    0.0000            0
1986 01 14 27.8700 28.8600 28.4400      0.3239       0.0000    0.0000            0
1986 01 15 27.4000 28.3300 28.0700     -0.0300       0.0000    0.0000            0
1986 01 16 27.6700 28.4800 28.0000     -0.1148       0.0000    0.0000            0
1986 01 17 27.9700 28.5300 28.2600      0.2923       0.0000    0.0000            0
1986 01 18 28.2000 28.6500 28.5500      0.5474       0.0000    0.0000            0
1986 01 19 28.0500 28.7200 28.4900      0.4768       0.0000    0.0000            0
1986 01 20 28.0300 28.8300 28.5800      0.4742       0.0000    0.0000            0
1986 01 21 28.1700 28.9500 28.7400      0.6674       0.0000    0.0000            0
1986 01 22 28.0900 28.8500 28.7500      0.6803       0.0000    0.0000            0
1986 01 23 27.6600 28.3400 28.2000      0.1994       0.0000    0.0000            0
1986 01 24 27.4900 28.1600 28.0700     -0.0181       0.0000    0.0000            0
1986 01 25 27.4700 27.9200 27.8600     -0.2345       0.0000    0.0000            0
1986 01 26 27.2700 27.7400 27.6900     -0.4597       0.0000    0.0000            0
1986 01 27 27.2200 28.0300 27.7100     -0.4619       0.0000    0.0000            0
1986 01 28 27.3200 28.1900 27.9400     -0.2387       0.0000    0.0000            0
1986 01 29 27.6900 28.4000 28.2100      0.0368       0.0000    0.0000            0
1986 01 30 27.9500 28.4500 28.3600      0.2139       0.0000    0.0000            0
1986 01 31 27.7400 28.6000 28.2800      0.2223       0.0000    0.0000            0
1986 02 01 27.6900 28.5300 28.2100      0.1358       0.0000    0.0000            0
1986 02 02 27.6000 28.3600 28.1600      0.0497       0.0000    0.0000            0
1986 02 03 27.4500 28.1700 28.0700     -0.0465       0.0000    0.0000            0
1986 02 04 27.3800 28.1800 28.0900     -0.0361       0.0000    0.0000            0
1986 02 05 27.4300 28.2000 28.1100     -0.0423       0.0000    0.0000            0
1986 02 06 27.5700 28.4100 28.2600      0.1865       0.0000    0.0000            0
1986 02 07 27.6600 28.4800 28.4000      0.1761       0.0000    0.0000            0
1986 02 08 27.8200 28.8600 28.7400      0.5019       0.0000    0.0000            0
1986 02 09 28.1200 28.6200 28.5300      0.2965       0.0000    0.0000            0
1986 02 10 27.8500 28.6700 28.5800      0.3519       0.0000    0.0000            0
1986 02 11 27.7500 28.4300 28.3800      0.1197       0.0000    0.0000            0
1986 02 12 27.4600 28.1100 28.0700     -0.1748       0.0000    0.0000            0
1986 02 13 27.8200 28.3900 28.2600      0.1971       0.0000    0.0000            0
1986 02 14 27.7700 28.5300 28.4100      0.1584       0.0000    0.0000            0
1986 02 15 27.8100 28.5200 28.4500      0.1800       0.0000    0.0000            0
1986 02 16 27.7400 28.3900 28.3900      0.1475       0.0000    0.0000            0
1986 02 17 27.7400 28.4000 28.3700      0.0843       0.0000    0.0000            0
1986 02 18 27.7200 28.2600 28.2500     -0.0586       0.0000    0.0000            0
1986 02 19 27.4400 28.0300 28.0100     -0.3214       0.0000    0.0000            0
1986 02 20 27.0500 27.6300 27.5600     -0.7125       0.0000    0.0000            0
1986 02 21 27.0200 27.7900 27.6700     -0.7686       0.0000    0.0000            0
1986 02 22 27.2800 28.2600 28.1400     -0.3250       0.0000    0.0000            0
1986 02 23 27.2500 28.4300 28.3300     -0.1371       0.0000    0.0000            0
1986 02 24 27.8400 28.7500 28.6500      0.1154       0.0000    0.0000            0
1986 02 25 28.1500 28.8200 28.7600      0.2121       0.0000    0.0000            0
1986 02 26 28.0300 28.6700 28.5900      0.0354       0.0000    0.0000            0
1986 02 27 27.7700 28.5200 28.4000     -0.1629       0.0000    0.0000            0
1986 02 28 27.6700 28.4900 28.4400     -0.1736       0.0000    0.0000            0
1986 03 01 27.8900 28.7100 28.6000     -0.0500       0.0000    0.0000            0
1986 03 02 28.1200 29.0300 28.8700      0.2289       0.0000    0.0000            0
1986 03 03 28.1600 28.8800 28.8000      0.1286       0.0000    0.0000            0
1986 03 04 28.2500 28.9500 28.9200      0.1829       0.0000    0.0000            0
1986 03 05 28.2500 28.8100 28.7400     -0.0186       0.0000    0.0000            0
1986 03 06 28.2100 28.7700 28.6900     -0.0386       0.0000    0.0000            0
1986 03 07 28.2600 28.8200 28.6900     -0.0514       0.0000    0.0000            0
1986 03 08 28.5000 29.1200 28.9900      0.2525       0.0000    0.0000            0
1986 03 09 27.7600 28.5600 28.4100     -0.4721       0.0000    0.0000            0
1986 03 10 27.5200 28.5600 28.2100     -0.4539       0.0000    0.0000            0
1986 03 11 28.1400 28.9600 28.7600      0.0229       0.0000    0.0000            0
1986 03 12 28.4900 29.1200 29.0000      0.1171       0.0000    0.0000            0
1986 03 13 28.0800 28.7700 28.7400     -0.2464       0.0000    0.0000            0
1986 03 14 28.2100 29.1000 29.0700      0.0293       0.0000    0.0000            0
1986 03 15 28.2100 29.3300 29.2600      0.1800       0.0000    0.0000            0
1986 03 16 28.5500 29.6700 29.5400      0.4248       0.0000    0.0000            0
1986 03 17 28.3100 29.4200 29.1300      0.0435       0.0000    0.0000            0
1986 03 18 28.3600 29.8900 29.1600      0.1074       0.0000    0.0000            0
1986 03 19 28.3100 29.5900 29.1200      0.0432       0.0000    0.0000            0
1986 03 20 28.1000 29.3400 28.8800     -0.2210       0.0000    0.0000            0
1986 03 21 27.9300 29.2200 28.8500     -0.2671       0.0000    0.0000            0
1986 03 22 27.6900 28.7600 28.3200     -0.8294       0.0000    0.0000            0
1986 03 23 28.5800 29.5700 29.4100      0.4594       0.0000    0.0000            0
1986 03 24 28.4300 29.3600 29.1600      0.2068       0.0000    0.0000            0
1986 03 25 28.7000 29.6300 29.5400      0.4203       0.0000    0.0000            0
1986 03 26 28.4400 29.2500 29.1600     -0.0113       0.0000    0.0000            0
1986 03 27 28.2400 29.1600 29.0600     -0.2387       0.0000    0.0000            0
1986 03 28 28.1800 29.5100 29.3100     -0.0319       0.0000    0.0000            0
1986 03 29 28.5900 29.7800 29.5500      0.1848       0.0000    0.0000            0
1986 03 30 28.1000 29.3400 29.1800     -0.2626       0.0000    0.0000            0
1986 03 31 27.8600 28.9700 28.6400     -0.7571       0.0000    0.0000            0
1986 04 01 28.1800 29.2000 28.9400     -0.5687       0.0000    0.0000            0
1986 04 02 28.1400 29.3900 29.0400     -0.4971       0.0000    0.0000            0
1986 04 03 28.6000 29.3600 29.2200     -0.3342       0.0000    0.0000            0
1986 04 04 28.7400 29.5100 29.2700     -0.2310       0.0000    0.0000            0
1986 04 05 28.6200 29.6800 29.3500     -0.1745       0.0000    0.0000            0
1986 04 06 28.4500 29.6200 29.2900     -0.2581       0.0000    0.0000            0
1986 04 07 28.2600 29.4900 29.0500     -0.5216       0.0000    0.0000            0
1986 04 08 28.0300 29.0400 28.8800     -0.7152       0.0000    0.0000            0
1986 04 09 28.0300 29.3800 29.2900     -0.4252       0.0000    0.0000            0
1986 04 10 28.5300 29.6000 29.5700     -0.0739       0.0000    0.0000            0
1986 04 11 29.0500 29.9400 29.9200      0.2542       0.0000    0.0000            0
1986 04 12 29.3600 29.9400 29.9200      0.1374       0.0000    0.0000            0
1986 04 13 29.1200 30.0800 29.8600      0.1471       0.0000    0.0000            0
1986 04 14 29.1600 30.4000 30.0700      0.3339       0.0700    0.0000            1
1986 04 15 29.1800 30.6200 30.1300      0.3800       0.1400    0.0000            1
1986 04 16 29.2500 30.8100 30.3300      0.5720       0.3400    0.0000            1
1986 04 17 28.4800 30.1300 29.5100     -0.2547       0.0000    0.0000            1
1986 04 18 28.8900 29.8800 29.6700     -0.2090       0.0000    0.0000            1
1986 04 19 28.9700 29.7300 29.5900      0.0747       0.0000    0.0000            1
1986 04 20 29.4700 30.1200 30.0500      0.1617       0.0200    0.0000            1
1986 04 21 29.5200 30.1800 30.1400      0.5420       0.1500    0.0000            1
1986 04 22 29.8800 30.7900 30.4300      0.6393       0.4400    0.0000            1
1986 04 23 30.1300 31.1100 30.7500      1.1993       0.8400    0.0000            1
1986 04 24 30.1800 31.0600 30.9400      1.0250       0.9200    0.0000            1
1986 04 25 30.5900 31.4300 31.4100      1.7067       1.3800    0.1971            2
1986 04 26 30.0800 31.2800 31.0100      1.1693       1.0300    0.3443            2
1986 04 27 29.8900 30.8800 30.8500      0.9160       0.8200    0.3443            2
1986 04 28 30.0400 30.9100 30.8400      0.9890       0.8700    0.3443            2
1986 04 29 30.0900 30.9000 30.8400      0.9773       0.8600    0.3443            2
1986 04 30 30.0300 30.9100 30.8600      0.9950       0.8600    0.3443            2
1986 05 01 30.0800 31.0200 30.9000      1.0307       0.9000    0.3443            2
1986 05 02 30.0800 31.1200 30.9400      1.0570       0.9400    0.3443            2
1986 05 03 29.9700 31.1000 30.8900      1.0540       0.8900    0.3443            1
1986 05 04 30.1200 31.3200 31.2700      1.3763       1.2700    0.5257            2
1986 05 05 30.1100 31.1400 31.0600      1.1833       1.0400    0.6743            2
1986 05 06 30.3300 31.0900 30.9200      1.0040       0.9200    0.6743            2
1986 05 07 29.5700 30.4700 30.2200      0.4080       0.2800    0.6743            2
1986 05 08 29.6700 30.2800 30.2400      0.2807       0.2200    0.6743            2
1986 05 09 29.9900 30.6200 30.5100      0.5760       0.5300    0.6743            2
1986 05 10 30.0200 30.5700 30.4500      0.5150       0.4800    0.6743            2
1986 05 11 29.9100 30.3100 30.2600      0.2947       0.2400    0.6743            2
1986 05 12 29.7300 30.1300 30.1000      0.1210       0.0900    0.6743            1
1986 05 13 29.5100 30.0900 29.8000     -0.0980       0.0000    0.6743            1
1986 05 14 29.1600 30.2300 29.6200     -0.3613       0.0000    0.6743            1
1986 05 15 29.2100 30.4500 29.8700     -0.1300       0.0000    0.6743            1
1986 05 16 29.2600 30.1000 29.7400     -0.2110       0.0000    0.6743            1
1986 05 17 29.1500 30.2800 29.7000     -0.1797       0.0000    0.6743            1
1986 05 18 29.6700 30.1700 30.1500      0.2200       0.1000    0.6743            1
1986 05 19 29.9700 30.7800 30.5500      0.7610       0.6100    0.6743            1
1986 05 20 30.2100 31.0600 30.9800      1.1884       0.9900    0.6743            1
1986 05 21 30.0400 30.9100 30.8000      1.0077       0.7600    0.6743            1
1986 05 22 29.9800 30.9300 30.7700      1.0510       0.7800    0.6743            1
1986 05 23 29.9700 30.6100 30.4200      0.7397       0.4300    0.6743            1
1986 05 24 29.8600 30.3100 30.2300      0.5945       0.2200    0.6743            1
1986 05 25 29.3000 29.9600 29.8100      0.2171       0.0000    0.6743            1
1986 05 26 29.0300 29.5500 29.3300     -0.2290       0.0000    0.6743            1
1986 05 27 29.2300 29.9100 29.7100      0.1781       0.0000    0.6743            1
1986 05 28 29.0900 29.7800 29.5500      0.0729       0.0000    0.6743            1
1986 05 29 28.9700 29.7800 29.5500      0.1123       0.0000    0.6743            1
1986 05 30 29.1500 30.0800 29.9300      0.4681       0.0000    0.6743            1
1986 05 31 29.0200 29.9100 29.7600      0.3884       0.0000    0.6743            0
1986 06 01 29.5300 30.3200 30.2000      0.8719       0.1700    0.6743            1
1986 06 02 29.9600 30.6400 30.4400      1.1071       0.4800    0.6743            1
1986 06 03 29.9700 30.6100 30.3600      1.1387       0.4400    0.6743            1
1986 06 04 29.8200 30.4500 30.2700      1.0097       0.3000    0.6743            1
1986 06 05 29.6200 30.2400 30.1200      0.8887       0.1300    0.6743            1
1986 06 06 29.3000 30.0900 29.9700      0.7748       0.0000    0.6743            1
1986 06 07 28.9300 29.8600 29.7200      0.5784       0.0000    0.6743            1
1986 06 08 28.7200 29.6300 29.5100      0.3948       0.0000    0.6743            1
1986 06 09 28.4900 29.2800 29.1600      0.0794       0.0000    0.6743            1
1986 06 10 28.2500 29.1200 29.0100     -0.0323       0.0000    0.6743            1
1986 06 11 28.5200 29.2300 29.0900      0.0829       0.0000    0.6743            1
1986 06 12 28.4000 28.9800 28.8700     -0.0723       0.0000    0.6743            0
1986 06 13 28.2600 28.7800 28.7200     -0.1400       0.0000    0.6743            0
1986 06 14 28.1100 28.6800 28.5800     -0.2310       0.0000    0.6743            0
1986 06 15 28.0000 28.6000 28.5200     -0.2900       0.0000    0.6743            0
1986 06 16 27.9200 28.5500 28.4400     -0.2847       0.0000    0.6743            0
1986 06 17 27.8500 28.4100 28.3200     -0.5080       0.0000    0.6743            0
1986 06 18 27.9100 28.3800 28.2900     -0.4020       0.0000    0.6743            0
1986 06 19 27.9600 28.4400 28.3000     -0.3040       0.0000    0.6743            0
1986 06 20 27.8200 28.3400 28.2700     -0.3467       0.0000    0.6743            0
1986 06 21 27.7500 28.3100 28.2400     -0.2780       0.0000    0.6743            0
1986 06 22 27.7900 28.4600 28.2800     -0.2437       0.0000    0.6743            0
1986 06 23 27.9300 28.6600 28.4700     -0.0773       0.0000    0.6743            0
1986 06 24 27.9800 28.6100 28.2400     -0.1570       0.0000    0.6743            0
1986 06 25 28.3200 29.2300 28.9700      0.4567       0.0000    0.6743            0
1986 06 26 28.1900 29.2000 28.9300      0.4523       0.0000    0.6743            0
1986 06 27 27.9400 28.9200 28.7900      0.3420       0.0000    0.6743            0
1986 06 28 27.8000 28.6900 28.5900      0.1777       0.0000    0.6743            0
1986 06 29 27.4900 28.3100 28.1800     -0.1980       0.0000    0.6743            0
1986 06 30 27.7400 28.3900 28.3100     -0.0400       0.0000    0.6743            0
1986 07 01 27.7800 28.4400 28.3400      0.0760       0.0000    0.6743            0
1986 07 02 27.6200 28.2600 28.2300     -0.0717       0.0000    0.6743            0
1986 07 03 27.8700 28.2900 28.2700      0.0120       0.0000    0.6743            0
1986 07 04 27.7800 28.2000 28.1700     -0.0693       0.0000    0.6743            0
1986 07 05 27.8300 28.3600 28.3000      0.1300       0.0000    0.6743            0
1986 07 06 27.6800 28.5700 28.3000      0.2020       0.0000    0.6743            0
1986 07 07 27.2800 28.5100 28.1700      0.2127       0.0000    0.6743            0
1986 07 08 27.1600 28.2100 28.0200      0.0570       0.0000    0.6743            0
1986 07 09 27.3100 28.1900 28.0200      0.0420       0.0000    0.6743            0
1986 07 10 27.0900 28.0200 27.9100     -0.1250       0.0000    0.6743            0
1986 07 11 26.9700 27.9000 27.7900     -0.1947       0.0000    0.6743            0
1986 07 12 26.8500 27.8300 27.6700     -0.1990       0.0000    0.6743            0
1986 07 13 26.9200 27.8200 27.7400     -0.3507       0.0000    0.6743            0
1986 07 14 27.0700 27.9100 27.8700     -0.1960       0.0000    0.6743            0
1986 07 15 27.4100 28.1900 28.0100      0.3000       0.0000    0.6743            0
1986 07 16 27.3200 28.0100 27.9200      0.1777       0.0000    0.6743            0
1986 07 17 27.1200 27.9900 27.9000      0.0610       0.0000    0.6743            0
1986 07 18 26.8700 27.9700 27.8600      0.0174       0.0000    0.4771            0
1986 07 19 26.7900 27.9400 27.8800     -0.0955       0.0000    0.3300            0
1986 07 20 26.8400 27.8500 27.7800     -0.0745       0.0000    0.3300            0
1986 07 21 26.8800 27.7600 27.7100     -0.2313       0.0000    0.3300            0
1986 07 22 26.8700 27.6600 27.6300     -0.3684       0.0000    0.3300            0
1986 07 23 26.4000 27.9400 27.4000     -0.4158       0.0000    0.3300            0
1986 07 24 26.8200 28.6200 27.7000      0.0923       0.0000    0.3300            0
1986 07 25 26.9900 28.7300 27.9100      0.1116       0.0000    0.3300            0
1986 07 26 26.9000 28.6500 27.8700      0.3274       0.0000    0.3300            0
1986 07 27 26.8100 28.1000 27.7700      0.2358       0.0000    0.1486            0
1986 07 28 27.0400 28.0800 27.7600      0.2187       0.0000    0.0000            0
1986 07 29 27.3600 28.2000 28.1400      0.2203       0.0000    0.0000            0
1986 07 30 27.7200 28.6000 28.5200      0.5574       0.0000    0.0000            0
1986 07 31 27.5900 28.5500 28.4400      0.9445       0.0000    0.0000            0
1986 08 01 27.1900 28.2400 28.0400      0.1497       0.0000    0.0000            0
1986 08 02 27.0400 28.1300 27.9300      0.3990       0.0000    0.0000            0
1986 08 03 27.2400 28.4900 28.1700      0.5287       0.0000    0.0000            0
1986 08 04 27.2400 28.7700 28.5400      0.7061       0.0000    0.0000            0
1986 08 05 27.0000 28.5900 28.3900      0.5487       0.0000    0.0000            0
1986 08 06 26.8200 28.5000 28.3300      0.4948       0.0000    0.0000            0
1986 08 07 26.5200 28.3300 28.0600      0.3661       0.0000    0.0000            0
1986 08 08 26.2500 28.1000 27.8700      0.1703       0.0000    0.0000            0
1986 08 09 26.0400 28.1700 27.8900      0.2171       0.0000    0.0000            0
1986 08 10 26.0300 28.1700 27.7200      0.0261       0.0000    0.0000            0
1986 08 11 26.0300 28.2200 27.5400     -0.1219       0.0000    0.0000            0
1986 08 12 25.8400 28.2800 27.5500     -0.1394       0.0000    0.0000            0
1986 08 13 25.9100 27.8700 27.3300     -0.3423       0.0000    0.0000            0
1986 08 14 26.2300 28.2400 27.8000      0.1132       0.0000    0.0000            0
1986 08 15 26.4400 28.3000 27.8900      0.2100       0.0000    0.0000            0
1986 08 16 26.4700 28.1900 27.8200      0.1297       0.0000    0.0000            0
1986 08 17 26.3200 28.0600 27.7600      0.0874       0.0000    0.0000            0
1986 08 18 26.0300 28.0400 27.7600      0.1013       0.0000    0.0000            0
1986 08 19 26.0400 27.8700 27.7200     -0.1594       0.0000    0.0000            0
1986 08 20 26.5500 28.1600 28.0200      0.1206       0.0000    0.0000            0
1986 08 21 26.2200 27.9500 27.7900     -0.0890       0.0000    0.0000            0
1986 08 22 26.1500 27.9400 27.7800     -0.1161       0.0000    0.0000            0
1986 08 23 25.9600 27.7400 27.4500     -0.4339       0.0000    0.0000            0
1986 08 24 26.0800 27.8800 27.5300     -0.2216       0.0000    0.0000            0
1986 08 25 26.0800 28.0600 27.6600     -0.2181       0.0000    0.0000            0
1986 08 26 26.1500 28.1300 27.8200     -0.0316       0.0000    0.0000            0
1986 08 27 26.0900 27.7700 27.5200     -0.3490       0.0000    0.0000            0
1986 08 28 26.0800 27.5600 27.3000     -0.4910       0.0000    0.0000            0
1986 08 29 26.4100 27.4300 27.3100     -0.6342       0.0000    0.0000            0
1986 08 30 26.7900 27.8200 27.6500     -0.1590       0.0000    0.0000            0
1986 08 31 26.7800 27.7500 27.6700     -0.1848       0.0000    0.0000            0
1986 09 01 27.0400 28.1100 27.9800      0.1155       0.0000    0.0000            0
1986 09 02 27.6800 28.5400 28.2900      0.5603       0.0000    0.0000            0
1986 09 03 27.7900 28.5400 28.2900      0.4155       0.0000    0.0000            0
1986 09 04 27.6800 28.6300 28.3900      0.5142       0.0000    0.0000            0
1986 09 05 27.5700 28.5600 28.3500      0.4529       0.0000    0.0000            0
1986 09 06 27.5800 28.6100 28.3700      0.4687       0.0000    0.0000            0
1986 09 07 27.2100 28.2000 28.1000      0.1687       0.0000    0.0000            0
1986 09 08 27.2900 28.2800 28.1500      0.1997       0.0000    0.0000            0
1986 09 09 27.3100 28.2300 28.1000      0.2932       0.0000    0.0000            0
1986 09 10 27.1800 28.2000 28.1300      0.1768       0.0000    0.0000            0
1986 09 11 27.0200 28.1500 28.0600      0.0900       0.0000    0.0000            0
1986 09 12 26.7900 28.1000 27.9300     -0.0413       0.0000    0.0000            0
1986 09 13 26.7200 28.0800 27.8900     -0.1042       0.0000    0.0000            0
1986 09 14 27.0200 27.9900 27.9200     -0.0703       0.0000    0.0000            0
1986 09 15 27.3800 28.0100 27.9300     -0.0600       0.0000    0.0000            0
1986 09 16 27.1200 27.9900 27.8900     -0.1330       0.0000    0.0000            0
1986 09 17 27.1000 27.9900 27.8800     -0.1473       0.0000    0.0000            0
1986 09 18 26.5200 27.6500 27.5400     -0.4760       0.0000    0.0000            0
1986 09 19 26.1000 27.3600 27.2000     -0.8553       0.0000    0.0000            0
1986 09 20 26.0600 27.5900 27.4000     -0.6683       0.0000    0.0000            0
1986 09 21 26.2700 28.0300 27.6700     -0.4120       0.0000    0.0000            0
1986 09 22 26.4100 28.4600 27.8500     -0.2457       0.0000    0.0000            0
1986 09 23 26.4900 28.2500 27.5600     -0.5493       0.0000    0.0000            0
1986 09 24 27.1100 28.3100 28.2200      0.0900       0.0000    0.0000            0
1986 09 25 27.1800 28.3100 28.2100      0.0700       0.0000    0.0000            0
1986 09 26 27.1800 28.2800 28.2000      0.1460       0.0000    0.0000            0
1986 09 27 26.9500 27.9400 27.8400     -0.2260       0.0000    0.0000            0
1986 09 28 26.7400 27.7800 27.6800     -0.3960       0.0000    0.0000            0
1986 09 29 26.6800 27.6300 27.5700     -0.5273       0.0000    0.0000            0
1986 09 30 26.9900 27.7600 27.6900     -0.4200       0.0000    0.0000            0
1986 10 01 27.0500 27.7300 27.6200     -0.5100       0.0000    0.0000            0
1986 10 02 26.9600 27.8500 27.6600     -0.4627       0.0000    0.0000            0
1986 10 03 26.8200 27.3800 27.3000     -0.8720       0.0000    0.0000            0
1986 10 04 26.7500 27.2500 27.2100     -1.0153       0.0000    0.0000            0
1986 10 05 26.8800 27.3200 27.2900     -0.9467       0.0000    0.0000            0
1986 10 06 27.1300 27.6200 27.5200     -0.7290       0.0000    0.0000            0
1986 10 07 27.3900 27.9900 27.6800     -0.5767       0.0000    0.0000            0
1986 10 08 27.3200 28.4400 28.1300     -0.1843       0.0000    0.0000            0
1986 10 09 27.1200 28.2600 28.0200     -0.3160       0.0000    0.0000            0
1986 10 10 26.9900 28.2700 28.0400     -0.3100       0.0000    0.0000            0
1986 10 11 27.1200 28.3300 28.0900     -0.2567       0.0000    0.0000            0
1986 10 12 27.2000 28.4000 28.2100     -0.1590       0.0000    0.0000            0
1986 10 13 26.8300 28.3900 28.1100     -0.2547       0.0000    0.0000            0
1986 10 14 27.1100 28.2900 28.2300     -0.1180       0.0000    0.0000            0
1986 10 15 27.3800 28.4200 28.2900     -0.0600       0.0000    0.0000            0
1986 10 16 27.1500 28.3500 28.2400     -0.1181       0.0000    0.0000            0
1986 10 17 26.8700 28.0300 27.8800     -0.4961       0.0000    0.0000            0
1986 10 18 26.7100 28.1200 27.6600     -0.7532       0.0000    0.0000            0
1986 10 19 27.0700 28.6000 28.1300     -0.2997       0.0000    0.0000            0
1986 10 20 26.9300 28.7100 28.1200     -0.2800       0.0000    0.0000            0
1986 10 21 27.7800 28.8500 28.6000      0.1555       0.0000    0.0000            0
1986 10 22 27.5300 28.7400 28.5800      0.1468       0.0000    0.0000            0
1986 10 23 27.7100 28.8800 28.8100      0.3881       0.0000    0.0000            0
1986 10 24 27.9100 28.9700 28.7900      0.3387       0.0000    0.0000            0
1986 10 25 27.9500 28.8800 28.7000      0.2500       0.0000    0.0000            0
1986 10 26 27.7700 28.7200 28.6600      0.1948       0.0000    0.0000            0
1986 10 27 27.9200 29.0300 28.7400      0.3574       0.0000    0.0000            0
1986 10 28 27.7800 28.6100 28.4900      0.0094       0.0000    0.0000            0
1986 10 29 27.6900 28.5300 28.2600     -0.2400       0.0000    0.0000            0
1986 10 30 27.7200 28.4400 28.3100     -0.1610       0.0000    0.0000            0
1986 10 31 27.6600 28.8700 28.7500      0.2313       0.0000    0.0000            0
1986 11 01 27.7200 28.8600 28.8100      0.2984       0.0000    0.0000            0
1986 11 02 27.5700 28.5700 28.5200      0.0106       0.0000    0.0000            0
1986 11 03 27.2100 28.2100 27.9100     -0.6310       0.0000    0.0000            0
1986 11 04 27.2300 28.1400 27.7900     -0.7584       0.0000    0.0000            0
1986 11 05 27.2900 27.9600 27.7500     -0.8094       0.0000    0.0000            0
1986 11 06 27.3300 27.7300 27.6700     -0.8974       0.0000    0.0000            0
1986 11 07 27.3500 27.7600 27.6800     -0.8955       0.0000    0.0000            0
1986 11 08 27.4500 27.8400 27.7500     -0.8390       0.0000    0.0000            0
1986 11 09 26.7100 27.7000 27.5500     -0.9677       0.0000    0.0000            0
1986 11 10 26.7600 27.8600 27.6800     -0.9113       0.0000    0.0000            0
1986 11 11 27.1800 28.0900 27.8800     -0.7203       0.0000    0.0000            0
1986 11 12 27.5900 28.2600 28.1400     -0.4039       0.0000    0.0000            0
1986 11 13 27.7700 28.1800 28.1300     -0.4045       0.0000    0.0000            0
1986 11 14 27.8800 28.2500 28.0700     -0.4177       0.0000    0.0000            0
1986 11 15 27.8100 28.1800 28.1600     -0.5000       0.0000    0.0000            0
1986 11 16 27.4700 27.9700 27.9400     -0.6700       0.0000    0.0000            0
1986 11 17 27.1300 28.0000 27.9000     -0.6600       0.0000    0.0000            0
1986 11 18 27.2100 28.0300 27.9400     -0.6230       0.0000    0.0000            0
1986 11 19 27.1900 28.1100 27.9000     -0.6227       0.0000    0.0000            0
1986 11 20 27.3600 28.2700 28.0800     -0.4317       0.0000    0.0000            0
1986 11 21 27.4900 28.1800 28.1100     -0.3960       0.0000    0.0000            0
1986 11 22 27.7900 28.2900 28.2500     -0.3150       0.0000    0.0000            0
1986 11 23 27.7300 28.2200 28.1800     -0.3280       0.0000    0.0000            0
1986 11 24 27.7100 28.1100 28.1000     -0.4550       0.0000    0.0000            0
1986 11 25 27.4200 27.8500 27.8300     -0.6533       0.0000    0.0000            0
1986 11 26 27.2400 27.9400 27.7600     -0.7850       0.0000    0.0000            0
1986 11 27 27.3700 28.0700 27.8900     -0.6500       0.0000    0.0000            0
1986 11 28 28.2500 28.7500 28.6300      0.0683       0.0000    0.0000            0
1986 11 29 28.2600 28.5700 28.5100     -0.0280       0.0000    0.0000            0
1986 11 30 28.1100 28.5300 28.4600     -0.0900       0.0000    0.0000            0
1986 12 01 27.8700 28.4100 28.3400     -0.2100       0.0000    0.0000            0
1986 12 02 27.6400 28.1900 28.1400     -0.2967       0.0000    0.0000            0
1986 12 03 27.5600 28.3700 28.2500     -0.1840       0.0000    0.0000            0
1986 12 04 27.7500 28.3200 28.2400     -0.2250       0.0000    0.0000            0
1986 12 05 27.5600 28.2900 28.2100     -0.2500       0.0000    0.0000            0
1986 12 06 27.4200 28.3100 28.1700     -0.2950       0.0000    0.0000            0
1986 12 07 27.5700 28.3300 28.2400     -0.2100       0.0000    0.0000            0
1986 12 08 27.6100 28.3000 28.1900     -0.2527       0.0000    0.0000            0
1986 12 09 28.2700 28.7100 28.6500      0.1500       0.0000    0.0000            0
1986 12 10 27.8300 28.3400 28.2500     -0.2433       0.0000    0.0000            0
1986 12 11 27.5600 28.1400 28.0300     -0.4500       0.0000    0.0000            0
1986 12 12 27.3000 27.9400 27.7700     -0.6330       0.0000    0.0000            0
1986 12 13 27.4300 28.1200 28.0900     -0.2860       0.0000    0.0000            0
1986 12 14 27.2400 28.2300 27.9500     -0.4573       0.0000    0.0000            0
1986 12 15 26.8000 28.2900 27.8000     -0.6100       0.0000    0.0000            0
1986 12 16 27.4100 28.0800 27.9700     -0.3529       0.0000    0.0000            0
1986 12 17 27.1200 27.7800 27.6600     -0.7242       0.0000    0.0000            0
1986 12 18 27.1900 27.8700 27.7200     -0.6423       0.0000    0.0000            0
1986 12 19 27.4000 27.8600 27.8100     -0.4655       0.0000    0.0000            0
1986 12 20 27.6100 28.2200 28.1200     -0.2761       0.0000    0.0000            0
1986 12 21 28.0400 28.6600 28.5200      0.1532       0.0000    0.0000            0
1986 12 22 28.0300 28.6900 28.6000      0.2371       0.0000    0.0000            0
1986 12 23 27.9200 28.5900 28.4900      0.1487       0.0000    0.0000            0
1986 12 24 28.1700 28.9000 28.7500      0.4206       0.0000    0.0000            0
1986 12 25 28.1700 28.8700 28.8200      0.5777       0.0000    0.0000            0
1986 12 26 27.7000 28.5400 28.4500      0.1603       0.0000    0.0000            0
1986 12 27 27.6200 28.3000 28.2100     -0.0910       0.0000    0.0000            0
1986 12 28 27.2300 28.0400 27.8900     -0.3477       0.0000    0.0000            0
1986 12 29 27.3200 27.8900 27.8200     -0.3942       0.0000    0.0000            0
1986 12 30 27.5200 27.9700 27.9500     -0.2755       0.0000    0.0000            0
1986 12 31 27.5100 27.9800 27.9300     -0.2942       0.0000    0.0000            0
1987 01 01 27.3200 27.5900 27.5700     -0.6306       0.0000    0.0000            0
1987 01 02 27.1400 27.6700 27.6400     -0.5619       0.0000    0.0000            0
1987 01 03 27.0500 27.7600 27.7300     -0.4626       0.0000    0.0000            0
1987 01 04 27.1700 27.7900 27.7100     -0.4484       0.0000    0.0000            0
1987 01 05 27.5800 28.2600 28.0700     -0.1174       0.0000    0.0000            0
1987 01 06 27.5000 28.0500 27.8700     -0.1958       0.0000    0.0000            0
1987 01 07 27.4700 28.0500 28.0200     -0.1316       0.0000    0.0000            0
1987 01 08 27.2800 27.9000 27.8500     -0.2613       0.0000    0.0000            0
1987 01 09 27.2500 27.6100 27.5900     -0.5258       0.0000    0.0000            0
1987 01 10 27.4400 27.8500 27.6900     -0.3842       0.0000    0.0000            0
1987 01 11 27.4500 28.0300 27.8200     -0.3287       0.0000    0.0000            0
1987 01 12 27.2900 28.0400 27.9900     -0.1294       0.0000    0.0000            0
1987 01 13 27.5600 28.1800 28.1000     -0.0129       0.0000    0.0000            0
1987 01 14 27.6500 28.5400 28.4200      0.3687       0.0000    0.0000            0
1987 01 15 27.5700 28.5300 28.3900      0.3400       0.0000    0.0000            0
1987 01 16 27.3900 28.3300 28.1300      0.1313       0.0000    0.0000            0
1987 01 17 26.7700 27.5400 27.3300     -0.7129       0.0000    0.0000            0
1987 01 18 26.8000 27.7500 27.4500     -0.5984       0.0000    0.0000            0
1987 01 19 27.0500 27.9000 27.7200     -0.3619       0.0000    0.0000            0
1987 01 20 27.5800 28.4400 28.0500     -0.0006       0.0000    0.0000            0
1987 01 21 27.5400 28.3900 28.0800      0.0252       0.0000    0.0000            0
1987 01 22 27.6700 28.5800 28.3500      0.2481       0.0000    0.0000            0
1987 01 23 27.6100 28.4200 28.2100      0.1081       0.0000    0.0000            0
1987 01 24 27.4200 28.2200 28.0100     -0.0826       0.0000    0.0000            0
1987 01 25 27.5500 27.8600 27.8100     -0.3074       0.0000    0.0000            0
1987 01 26 27.6400 27.9700 27.9100     -0.1758       0.0000    0.0000            0
1987 01 27 27.4500 27.7900 27.6800     -0.3603       0.0000    0.0000            0
1987 01 28 27.7100 28.3300 28.1500     -0.0187       0.0000    0.0000            0
1987 01 29 27.8100 28.7000 28.5300      0.3761       0.0000    0.0000            0
1987 01 30 27.9900 28.9000 28.7200      0.5587       0.0000    0.0000            0
1987 01 31 27.7800 28.8200 28.6500      0.4761       0.0000    0.0000            0
1987 02 01 27.3500 27.9900 27.9300     -0.2226       0.0000    0.0000            0
1987 02 02 27.0800 28.0700 28.0300     -0.1252       0.0000    0.0000            0
1987 02 03 26.9800 28.0500 28.0100     -0.1532       0.0000    0.0000            0
1987 02 04 27.4200 28.2900 28.2700      0.1739       0.0000    0.0000            0
1987 02 05 27.9300 28.4300 28.4100      0.2106       0.0000    0.0000            0
1987 02 06 27.9000 28.6000 28.4500      0.2297       0.0000    0.0000            0
1987 02 07 27.8000 28.5400 28.2300      0.0061       0.0000    0.0000            0
1987 02 08 27.9900 28.8600 28.5100      0.2787       0.0000    0.0000            0
1987 02 09 27.9500 28.9100 28.7600      0.5390       0.0000    0.0000            0
1987 02 10 27.6700 28.7700 28.6500      0.4242       0.0000    0.0000            0
1987 02 11 27.3700 28.6100 28.3900      0.1358       0.0000    0.0000            0
1987 02 12 26.9900 27.8200 27.7600     -0.4755       0.0000    0.0000            0
1987 02 13 26.8300 27.8100 27.7500     -0.4716       0.0000    0.0000            0
1987 02 14 27.1300 27.8800 27.8100     -0.4413       0.0000    0.0000            0
1987 02 15 27.5000 28.2500 28.2100     -0.0500       0.0000    0.0000            0
1987 02 16 27.9100 28.6600 28.5900      0.2925       0.0000    0.0000            0
1987 02 17 27.8700 28.7800 28.7400      0.3971       0.0000    0.0000            0
1987 02 18 27.8500 29.1300 28.9500      0.5861       0.0000    0.0000            0
1987 02 19 27.9600 29.1500 29.0100      0.6229       0.0000    0.0000            0
1987 02 20 27.9900 28.8800 28.7600      0.3525       0.0000    0.0000            0
1987 02 21 27.8900 28.7600 28.6500      0.2093       0.0000    0.0000            0
1987 02 22 27.7800 28.3500 28.2200     -0.2575       0.0000    0.0000            0
1987 02 23 27.5600 28.3000 28.0800     -0.4143       0.0000    0.0000            0
1987 02 24 28.0200 28.5800 28.4100     -0.0550       0.0000    0.0000            0
1987 02 25 27.9300 28.4800 28.3600     -0.1571       0.0000    0.0000            0
1987 02 26 27.8500 28.3100 28.2200     -0.3561       0.0000    0.0000            0
1987 02 27 27.4300 28.3100 28.2700     -0.3257       0.0000    0.0000            0
1987 02 28 27.9000 28.6600 28.5200      0.0257       0.0000    0.0000            0
1987 03 01 28.1200 29.3900 29.3000      0.7000       0.0000    0.0000            0
1987 03 02 28.4800 29.6800 29.5600      0.9918       0.0000    0.0000            0
1987 03 03 28.5400 29.5300 29.4200      0.8386       0.0000    0.0000            0
1987 03 04 28.5100 29.2700 29.1700      0.5354       0.0000    0.0000            0
1987 03 05 28.4900 28.9100 28.8100      0.1407       0.0000    0.0000            0
1987 03 06 28.2800 28.6400 28.5900     -0.2300       0.0000    0.0000            0
1987 03 07 28.2100 28.6200 28.6100     -0.2300       0.0000    0.0000            0
1987 03 08 28.0600 28.5200 28.4600     -0.3150       0.0000    0.0000            0
1987 03 09 27.8700 28.3700 28.2900     -0.5179       0.0000    0.0000            0
1987 03 10 28.0800 29.2400 29.1600      0.3486       0.0000    0.0000            0
1987 03 11 28.6800 29.5700 29.4800      0.6529       0.0000    0.0000            0
1987 03 12 28.5000 29.2000 29.0900      0.2361       0.0000    0.0000            0
1987 03 13 28.5200 28.9700 28.8600     -0.0093       0.0000    0.0000            0
1987 03 14 28.5400 29.0900 28.9600      0.1029       0.0000    0.0000            0
1987 03 15 28.6300 29.2200 29.1600      0.2800       0.0000    0.0000            0
1987 03 16 28.7600 29.6500 29.5800      0.6471       0.0000    0.0000            0
1987 03 17 28.6800 29.5800 29.5400      0.4461       0.0000    0.0000            0
1987 03 18 28.7600 29.8900 29.8300      0.7332       0.0000    0.0000            0
1987 03 19 28.4200 29.5400 29.4100      0.2958       0.0000    0.0000            0
1987 03 20 28.7800 29.6500 29.5500      0.3939       0.0000    0.0000            0
1987 03 21 28.6000 29.3700 29.3300      0.1848       0.0000    0.0000            0
1987 03 22 28.4100 29.3600 29.2500      0.0965       0.0000    0.0000            0
1987 03 23 28.5000 29.3400 29.2800      0.0035       0.0000    0.0000            0
1987 03 24 28.4900 29.3400 29.2900     -0.0065       0.0000    0.0000            0
1987 03 25 28.4800 29.3300 29.2900     -0.0416       0.0000    0.0000            0
1987 03 26 28.4400 29.4000 29.3500     -0.0132       0.0000    0.0000            0
1987 03 27 27.9900 29.4900 29.2200     -0.0403       0.0000    0.0000            0
1987 03 28 27.7800 28.9600 28.7000     -0.5987       0.0000    0.0000            0
1987 03 29 28.4200 28.9800 28.9300     -0.4242       0.0000    0.0000            0
1987 03 30 28.7200 29.2000 29.0600      0.0423       0.0000    0.0000            0
1987 03 31 28.8900 29.3100 29.2300     -0.1816       0.0000    0.0000            0
1987 04 01 29.1100 29.5300 29.4800      0.0497       0.0000    0.0000            0
1987 04 02 29.1800 29.5900 29.4800      0.0119       0.0000    0.0000            0
1987 04 03 29.0600 29.8800 29.5900      0.1803       0.0000    0.0000            0
1987 04 04 28.8300 29.7200 29.4800      0.0461       0.0000    0.0000            0
1987 04 05 28.2700 29.4700 29.2400     -0.2113       0.0000    0.0000            0
1987 04 06 28.5100 29.5700 29.3600     -0.2735       0.0000    0.0000            0
1987 04 07 28.7000 29.6000 29.4400     -0.2187       0.0000    0.0000            0
1987 04 08 28.9000 29.6400 29.5200     -0.1639       0.0000    0.0000            0
1987 04 09 28.8700 29.5600 29.4500     -0.2552       0.0000    0.0000            0
1987 04 10 29.7600 30.3000 30.1900      0.5810       0.2000    0.0000            1
1987 04 11 29.6700 30.0300 29.9400      0.4116       0.0000    0.0000            1
1987 04 12 29.3900 29.9500 29.8500      0.1926       0.0000    0.0000            1
1987 04 13 28.9500 29.5700 29.5100      0.0671       0.0000    0.0000            1
1987 04 14 28.9600 29.7600 29.6700      0.2129       0.0000    0.0000            1
1987 04 15 28.4700 29.6300 29.5500      0.0500       0.0000    0.0000            1
1987 04 16 28.3100 28.9700 28.8700     -0.5667       0.0000    0.0000            1
1987 04 17 28.4000 28.9500 28.9000     -0.9720       0.0000    0.0000            0
1987 04 18 28.6000 29.1800 29.1200     -0.7660       0.0000    0.0000            0
1987 04 19 28.9200 29.6100 29.4600     -0.2140       0.0000    0.0000            0
1987 04 20 29.1200 29.9500 29.8200      0.1267       0.0000    0.0000            0
1987 04 21 29.5800 30.0800 30.0100      0.2000       0.0000    0.0000            0
1987 04 22 29.5500 30.2000 30.0100      0.2187       0.0500    0.0000            1
1987 04 23 29.2600 30.0400 29.9400      0.0347       0.0000    0.0000            1
1987 04 24 28.9700 29.9400 29.6800     -0.1580       0.0000    0.0000            1
1987 04 25 29.7400 30.2400 30.2000      0.3733       0.2200    0.0000            1
1987 04 26 29.4800 30.2600 30.2100      0.3620       0.2100    0.0000            1
1987 04 27 29.3500 30.2900 30.0900      0.4240       0.1300    0.0000            1
1987 04 28 29.1500 30.1500 30.0800      0.1390       0.0200    0.0000            1
1987 04 29 29.3300 30.2800 30.1600      0.3140       0.1700    0.0000            1
1987 04 30 29.2700 30.2000 30.0900      0.2300       0.0900    0.0000            1
1987 05 01 30.1500 30.9100 30.7600      0.8720       0.7600    0.0000            1
1987 05 02 30.2100 31.2400 30.9900      1.0953       1.0000    0.1429            2
1987 05 03 30.0600 31.1300 30.8200      0.9280       0.8400    0.1429            2
1987 05 04 29.4800 30.5000 30.3100      0.3917       0.3000    0.1429            2
1987 05 05 29.8500 30.5400 30.4300      0.6000       0.4500    0.1429            2
1987 05 06 30.0300 30.8700 30.7500      0.9090       0.7800    0.1429            2
1987 05 07 30.6000 31.4500 31.2800      1.2880       1.2400    0.3200            2
1987 05 08 30.6100 31.5200 31.1400      1.1883       1.1300    0.4814            2
1987 05 09 30.3200 31.1300 30.8000      0.8480       0.8000    0.4814            2
1987 05 10 29.9100 30.6800 30.3900      0.4050       0.3600    0.4814            2
1987 05 11 29.7700 30.4000 30.1600      0.1833       0.1500    0.4814            2
1987 05 12 29.4300 30.4200 30.0100      0.0630       0.0400    0.4814            2
1987 05 13 29.5500 30.5500 30.3500      0.3567       0.3400    0.4814            2
1987 05 14 30.4500 31.6200 31.4600      1.4260       1.4200    0.6843            2
1987 05 15 30.8100 31.6100 31.5200      1.5100       1.5100    0.9000            2
1987 05 16 30.5000 31.3600 31.1900      1.2171       1.1800    1.0686            2
1987 05 17 30.6500 31.4500 31.3100      1.3929       1.3200    1.2571            2
1987 05 18 30.8000 31.2800 31.2400      1.3413       1.2300    1.4329            2
1987 05 19 30.7200 31.2800 31.2800      1.3923       1.2400    1.6100            2
1987 05 20 30.6200 31.3000 31.2100      1.4139       1.2300    1.7857            2
1987 05 21 30.2900 31.2500 31.0200      1.2523       1.0200    1.9314            2
1987 05 22 30.2400 31.2000 30.9700      1.2323       0.9500    1.9314            2
1987 05 23 30.3400 31.5400 31.3600      1.6652       1.3400    2.1229            2
1987 05 24 30.4700 31.6900 31.4800      1.8313       1.4800    2.3343            2
1987 05 25 31.2800 32.2500 32.1100      2.4977       2.1300    2.6386            2
1987 05 26 31.3600 32.1500 32.0500      2.4581       2.0500    2.9314            2
1987 05 27 31.1200 31.9400 31.7900      2.2374       1.8000    3.1886            2
1987 05 28 30.9500 31.5900 31.5300      2.0058       1.4900    3.4014            2
1987 05 29 30.9400 31.7500 31.6600      2.1881       1.6100    3.6314            2
1987 05 30 30.7000 31.5800 31.4600      2.0197       1.4100    3.8329            2
1987 05 31 30.5900 31.8800 31.7000      2.3032       1.7200    4.0786            3
1987 06 01 30.5100 31.5400 31.3900      2.0342       1.4200    4.2814            3
1987 06 02 30.5000 31.5500 31.4200      2.1019       1.4400    4.4871            3
1987 06 03 30.5200 31.5900 31.4500      2.1665       1.4800    4.6986            3
1987 06 04 30.5400 31.6800 31.5000      2.2374       1.5600    4.9214            3
1987 06 05 30.4400 31.5400 31.4200      2.2158       1.4300    5.1257            3
1987 06 06 30.3700 31.2600 31.1000      1.9135       1.1400    5.2886            3
1987 06 07 30.0700 31.1000 30.9600      1.8697       0.9200    5.2886            3
1987 06 08 30.0300 31.1100 30.8300      1.8097       0.7800    5.2886            3
1987 06 09 29.7900 31.1400 30.5400      1.4613       0.5500    5.2886            3
1987 06 10 29.3100 30.3600 29.8200      0.7726       0.0000    5.2886            3
1987 06 11 29.2500 29.9900 29.6200      0.6094       0.0000    5.2886            3
1987 06 12 29.0700 29.8000 29.4900      0.5135       0.0000    5.2886            3
1987 06 13 28.8100 29.4800 29.2100      0.2597       0.0000    5.2886            1
1987 06 14 28.4900 29.2400 29.0500      0.2594       0.0000    5.2886            1
1987 06 15 28.2500 29.1800 28.7700     -0.0800       0.0000    5.2886            1
1987 06 16 28.1700 29.1800 28.6100     -0.2337       0.0000    5.2886            0
1987 06 17 28.2000 29.5400 28.6800     -0.1113       0.0000    5.2886            0
1987 06 18 28.4200 29.9700 29.0400      0.2860       0.0000    5.2886            0
1987 06 19 28.7700 30.1600 29.2200      0.5833       0.0000    5.2886            0
1987 06 20 29.1500 30.0800 29.9900      1.3017       0.0500    5.2886            1
1987 06 21 28.8600 29.7100 29.6600      1.0320       0.0000    5.2886            1
1987 06 22 28.8900 29.7300 29.6100      0.9740       0.0000    5.2886            1
1987 06 23 28.5900 29.2600 29.1400      0.5460       0.0000    5.2886            1
1987 06 24 28.4500 28.9200 28.8100      0.2910       0.0000    5.2886            1
1987 06 25 28.5100 28.8300 28.8100      0.3567       0.0000    5.2886            1
1987 06 26 28.5400 29.1300 28.8200      0.3367       0.0000    5.2886            1
1987 06 27 28.5200 29.2700 28.8900      0.4560       0.0000    5.2886            0
1987 06 28 28.4000 29.1200 28.9100      0.5643       0.0000    5.2886            0
1987 06 29 28.3200 28.9700 28.6800      0.4860       0.0000    5.2886            0
1987 06 30 28.1600 28.8200 28.5600      0.4250       0.0000    5.2886            0
1987 07 01 27.8500 28.5300 28.2900      0.1920       0.0000    5.2886            0
1987 07 02 27.6000 28.2600 28.1700      0.0673       0.0000    5.2886            0
1987 07 03 27.7100 28.4000 28.3700      0.2420       0.0000    5.2886            0
1987 07 04 27.7800 28.4800 28.3700      0.2847       0.0000    5.2886            0
1987 07 05 28.0000 28.7100 28.5800      0.5200       0.0000    5.2886            0
1987 07 06 28.0900 28.6800 28.5500      0.5180       0.0000    5.2886            0
1987 07 07 27.9800 28.6300 28.4100      0.2713       0.0000    5.2886            0
1987 07 08 27.8700 28.7200 28.4900      0.4120       0.0000    5.2886            0
1987 07 09 27.6900 28.5400 28.4000      0.3480       0.0000    5.2886            0
1987 07 10 27.5600 28.4300 28.2600      0.2417       0.0000    5.2886            0
1987 07 11 27.4000 28.3000 28.0700      0.1027       0.0000    5.2886            0
1987 07 12 27.2100 28.0700 27.9400     -0.1570       0.0000    5.2886            0
1987 07 13 27.5700 28.5500 28.2700      0.3433       0.0000    5.2886            0
1987 07 14 27.7700 28.9200 28.3400      0.4563       0.0000    5.2886            0
1987 07 15 28.0400 29.2900 28.6400      0.7500       0.0000    5.2886            0
1987 07 16 28.1700 29.0400 28.6400      1.0455       0.0000    5.2886            0
1987 07 17 28.1600 28.8600 28.5900      0.9442       0.0000    5.2886            0
1987 07 18 28.1000 28.8800 28.5700      0.9374       0.0000    5.2886            0
1987 07 19 28.1700 29.0600 28.8500      1.2645       0.0000    5.2886            0
1987 07 20 28.0900 28.8800 28.5400      0.9523       0.0000    5.2886            0
1987 07 21 28.2100 28.8200 28.6000      1.0029       0.0000    5.2886            0
1987 07 22 28.1400 29.1700 28.7200      1.1506       0.0000    5.2886            0
1987 07 23 28.2300 29.1700 28.7000      1.0094       0.0000    5.2886            0
1987 07 24 27.9000 29.1300 28.4800      0.6723       0.0000    5.2886            0
1987 07 25 27.6500 28.3900 28.0300      0.4697       0.0000    5.1457            0
1987 07 26 27.6400 28.3200 28.2100      0.3239       0.0000    5.1457            0
1987 07 27 27.8700 28.8200 28.4100      0.8565       0.0000    5.1457            0
1987 07 28 27.7100 28.5000 28.3800      0.8371       0.0000    5.1457            0
1987 07 29 28.2500 28.9500 28.8500      0.8777       0.0000    5.1457            0
1987 07 30 28.7800 29.4400 29.3400      1.7871       0.0000    4.9686            0
1987 07 31 29.0000 29.7100 29.6200      2.1077       0.0000    4.8071            0
1987 08 01 28.9300 29.6600 29.6300      2.1206       0.0000    4.8071            0
1987 08 02 28.9100 29.8800 29.7000      2.1697       0.0000    4.8071            0
1987 08 03 28.6900 29.7900 29.4700      1.9742       0.0000    4.8071            0
1987 08 04 28.6800 29.5400 29.2700      1.7603       0.0000    4.8071            0
1987 08 05 28.7000 29.3700 29.2100      1.7387       0.0000    4.8071            0
1987 08 06 28.5000 29.1400 29.0400      1.3048       0.0000    4.6043            0
1987 08 07 28.4500 29.2300 29.0500      1.3310       0.0000    4.3886            0
1987 08 08 28.7300 29.4700 29.2400      1.5371       0.0000    4.2200            0
1987 08 09 28.3300 29.0500 28.7600      1.1052       0.0000    4.0314            0
1987 08 10 28.2500 28.8400 28.7100      0.9894       0.0000    3.8557            0
1987 08 11 28.2900 28.9100 28.8500      0.9968       0.0000    3.6786            0
1987 08 12 28.2800 29.0700 28.9200      1.2136       0.0000    3.5029            0
1987 08 13 28.0800 28.6900 28.5700      0.9190       0.0000    3.3571            0
1987 08 14 28.0600 28.6200 28.5400      0.8339       0.0000    3.3571            0
1987 08 15 28.0100 28.5400 28.5200      0.7600       0.0000    3.1657            0
1987 08 16 27.8500 28.4200 28.3400      0.6590       0.0000    2.9543            0
1987 08 17 27.9700 28.4100 28.3700      0.6687       0.0000    2.6500            0
1987 08 18 28.1000 28.5700 28.4300      0.7181       0.0000    2.3571            0
1987 08 19 27.9700 28.5500 28.2400      0.8200       0.0000    2.1000            0
1987 08 20 27.4800 28.4100 28.0800      0.6629       0.0000    1.8871            0
1987 08 21 27.2700 28.0400 27.8300      0.5816       0.0000    1.6571            0
1987 08 22 27.2600 27.9400 27.8600     -0.0361       0.0000    1.4557            0
1987 08 23 27.3200 28.0500 27.7500      0.2777       0.0000    1.2100            0
1987 08 24 27.2800 27.9700 27.8300     -0.0335       0.0000    1.0071            0
1987 08 25 27.2600 28.1900 28.1900      0.2613       0.0000    0.8014            0
1987 08 26 27.5500 28.4500 28.3500      0.7232       0.0000    0.5900            0
1987 08 27 27.4500 28.3900 28.2800      0.6503       0.0000    0.3671            0
1987 08 28 27.2100 28.2500 27.8900      0.2797       0.0000    0.1629            0
1987 08 29 27.5700 29.1400 28.6500      0.8310       0.0000    0.0000            0
1987 08 30 27.7400 29.1500 28.6700      0.8558       0.0000    0.0000            0
1987 08 31 27.8700 29.1400 28.7000      0.9981       0.0000    0.0000            0
1987 09 01 28.2200 28.9000 28.6600      0.9642       0.0000    0.0000            0
1987 09 02 28.5700 28.9200 28.8500      0.9071       0.0000    0.0000            0
1987 09 03 28.6900 29.2800 28.9300      1.2255       0.0000    0.0000            0
1987 09 04 28.9300 29.3500 29.2900      1.3510       0.0000    0.0000            0
1987 09 05 28.5200 29.1100 28.8900      1.0065       0.0000    0.0000            0
1987 09 06 28.6800 29.1200 29.0300      1.0652       0.0000    0.0000            0
1987 09 07 28.5200 29.2500 29.0800      1.1526       0.0000    0.0000            0
1987 09 08 28.4800 29.6200 29.2800      1.3490       0.0000    0.0000            0
1987 09 09 28.1300 29.6900 29.1900      1.2477       0.0000    0.0000            0
1987 09 10 28.1400 29.5600 29.1300      1.1781       0.0000    0.0000            0
1987 09 11 28.4200 29.3700 29.0100      1.1561       0.0000    0.0000            0
1987 09 12 28.5400 29.2000 29.1600      1.1616       0.0000    0.0000            0
1987 09 13 28.7000 29.3100 29.2600      1.2490       0.0000    0.0000            0
1987 09 14 28.7800 29.2300 29.1800      1.1758       0.0000    0.0000            0
1987 09 15 28.8300 29.2600 29.1900      1.2700       0.0000    0.0000            0
1987 09 16 28.5600 29.2000 29.0900      1.1217       0.0000    0.0000            0
1987 09 17 28.4100 29.1000 28.9900      1.0147       0.0000    0.0000            0
1987 09 18 28.2200 29.0700 29.0400      1.0490       0.0000    0.0000            0
1987 09 19 28.0600 28.9500 28.8400      0.7833       0.0000    0.0000            0
1987 09 20 28.2200 29.4600 29.1300      1.1117       0.0000    0.0000            0
1987 09 21 28.2600 29.7200 29.2000      1.2120       0.0000    0.0000            0
1987 09 22 28.2500 29.7600 29.2300      1.1953       0.0000    0.0000            0
1987 09 23 28.2100 29.5900 29.1300      1.1027       0.0000    0.0000            0
1987 09 24 28.4300 29.5400 29.1800      1.1080       0.0000    0.0000            0
1987 09 25 28.7900 29.9200 29.5800      1.5333       0.0000    0.0000            0
1987 09 26 28.4400 29.5600 29.2600      1.2083       0.0000    0.0000            0
1987 09 27 27.9800 29.1400 28.9300      0.8660       0.0000    0.0000            0
1987 09 28 27.7600 28.6600 28.4000      0.3287       0.0000    0.0000            0
1987 09 29 27.6800 28.5400 28.5000      0.3033       0.0000    0.0000            0
1987 09 30 28.0100 29.0000 28.8500      0.8400       0.0000    0.0000            0
1987 10 01 28.6700 29.7300 29.6300      1.4580       0.0000    0.0000            0
1987 10 02 28.4600 29.1800 29.1200      0.9517       0.0000    0.0000            0
1987 10 03 28.4700 29.0500 28.9600      0.9000       0.0000    0.0000            0
1987 10 04 28.4400 29.2300 29.1600      0.9647       0.0000    0.0000            0
1987 10 05 28.6900 29.3800 29.2700      1.1067       0.0000    0.0000            0
1987 10 06 28.5000 29.5000 29.3400      1.2220       0.0000    0.0000            0
1987 10 07 28.6400 29.6300 29.4700      1.3107       0.0000    0.0000            0
1987 10 08 28.4900 29.5400 29.3400      1.2417       0.0000    0.0000            0
1987 10 09 28.6800 30.0200 29.8900      1.7080       0.0000    0.0000            0
1987 10 10 28.7400 29.9500 29.8000      1.6233       0.0000    0.0000            0
1987 10 11 28.7000 29.9200 29.7500      1.5020       0.0000    0.0000            0
1987 10 12 28.7100 29.7000 29.5400      1.3380       0.0000    0.0000            0
1987 10 13 28.4600 29.3200 29.0200      0.6460       0.0000    0.0000            0
1987 10 14 28.3000 29.0500 28.9700      0.6927       0.0000    0.0000            0
1987 10 15 28.2700 29.1400 29.0600      0.7200       0.0000    0.0000            0
1987 10 16 28.3800 29.4900 29.3400      1.0584       0.0000    0.0000            0
1987 10 17 28.3700 29.3200 29.1600      0.8394       0.0000    0.0000            0
1987 10 18 28.9000 29.8400 29.6600      1.2939       0.0000    0.0000            0
1987 10 19 29.0300 29.8900 29.8400      1.3955       0.0000    0.0000            0
1987 10 20 29.0500 29.8800 29.8500      1.3994       0.0000    0.0000            0
1987 10 21 28.8700 29.5200 29.4800      1.0294       0.0000    0.0000            0
1987 10 22 28.9800 30.0000 29.9300      1.4968       0.0000    0.0000            0
1987 10 23 29.3600 30.1300 30.0600      1.6226       0.0900    0.0000            1
1987 10 24 29.3300 30.2400 30.1900      1.7671       0.2000    0.0000            1
1987 10 25 29.4300 30.4900 30.3800      1.9268       0.4200    0.0000            1
1987 10 26 28.0000 30.3200 30.2400      1.8000       0.2200    0.0000            1
1987 10 27 28.1700 29.8100 29.7500      1.3000       0.0000    0.0000            1
1987 10 28 28.6200 30.4200 30.2800      1.9010       0.2400    0.0000            1
1987 10 29 28.8700 30.5300 30.3800      1.9826       0.3500    0.0000            1
1987 10 30 28.8900 30.3200 30.2300      1.8142       0.2200    0.0000            1
1987 10 31 28.3200 29.6700 29.4800      0.9700       0.0000    0.0000            1
1987 11 01 28.6000 29.7200 29.4700      0.9419       0.0000    0.0000            1
1987 11 02 28.8300 30.0400 29.6800      1.2377       0.0000    0.0000            1
1987 11 03 28.9800 30.2100 29.7300      1.1939       0.0000    0.0000            1
1987 11 04 28.9000 29.9100 29.5000      1.0290       0.0000    0.0000            1
1987 11 05 28.9800 30.0400 29.7400      1.1965       0.0000    0.0000            1
1987 11 06 29.0700 30.0300 29.7100      1.1603       0.0000    0.0000            0
1987 11 07 28.9900 29.9300 29.5300      0.9681       0.0000    0.0000            0
1987 11 08 28.4200 28.9900 28.8600      0.3242       0.0000    0.0000            0
1987 11 09 28.6300 29.4000 29.1500      0.6155       0.0000    0.0000            0
1987 11 10 28.8900 29.6300 29.4300      0.9913       0.0000    0.0000            0
1987 11 11 28.9400 30.1000 29.9300      1.4703       0.0000    0.0000            0
1987 11 12 28.7600 30.1100 29.9800      1.4587       0.0300    0.0000            1
1987 11 13 28.8400 29.8500 29.7500      1.1006       0.0000    0.0000            1
1987 11 14 28.7900 30.4700 30.2000      1.5506       0.2300    0.0000            1
1987 11 15 28.7600 29.8500 29.6600      1.0100       0.0000    0.0000            1
1987 11 16 28.8500 29.6400 29.4800      0.8380       0.0000    0.0000            1
1987 11 17 29.1500 29.7900 29.7400      1.1047       0.0000    0.0000            1
1987 11 18 29.2200 29.8100 29.7700      1.1830       0.0000    0.0000            1
1987 11 19 29.2400 29.8000 29.7500      1.1607       0.0000    0.0000            1
1987 11 20 29.1200 29.6800 29.5700      0.9333       0.0000    0.0000            1
1987 11 21 28.8600 29.6700 29.5100      0.8820       0.0000    0.0000            0
1987 11 22 28.9100 29.5200 29.4000      0.8350       0.0000    0.0000            0
1987 11 23 28.9200 29.7000 29.6000      0.9933       0.0000    0.0000            0
1987 11 24 28.7500 29.7200 29.5500      0.9500       0.0000    0.0000            0
1987 11 25 28.9500 29.6700 29.5700      0.9867       0.0000    0.0000            0
1987 11 26 29.0100 29.7000 29.6000      1.0150       0.0000    0.0000            0
1987 11 27 29.0900 30.1100 30.0800      1.5020       0.0800    0.0000            1
1987 11 28 29.1900 30.2900 30.2600      1.6963       0.2700    0.0000            1
1987 11 29 29.2200 30.3200 30.2600      1.6860       0.2900    0.0000            1
1987 11 30 29.1400 30.0900 30.0700      1.4950       0.0500    0.0000            1
1987 12 01 29.2000 29.9800 29.9100      1.3780       0.0000    0.0000            1
1987 12 02 28.8900 29.8500 29.8000      1.2507       0.0000    0.0000            1
1987 12 03 29.6300 30.4000 30.3400      1.8340       0.3700    0.0000            1
1987 12 04 29.3900 29.8800 29.8000      1.3193       0.0000    0.0000            1
1987 12 05 29.0900 29.5900 29.5500      1.0933       0.0000    0.0000            1
1987 12 06 28.9000 29.3500 29.1700      0.6780       0.0000    0.0000            1
1987 12 07 28.7200 29.2100 29.1500      0.6887       0.0000    0.0000            1
1987 12 08 28.4200 29.2000 29.0800      0.5427       0.0000    0.0000            1
1987 12 09 28.6600 29.3500 29.1600      0.6280       0.0000    0.0000            1
1987 12 10 28.7100 29.3100 29.1200      0.7633       0.0000    0.0000            0
1987 12 11 28.6900 29.2400 29.0400      0.7100       0.0000    0.0000            0
1987 12 12 29.0100 29.9900 29.7900      1.3870       0.0000    0.0000            0
1987 12 13 29.2000 29.9000 29.8100      1.4907       0.0000    0.0000            0
1987 12 14 29.0300 29.5000 29.4700      1.0623       0.0000    0.0000            0
1987 12 15 28.7000 29.2200 29.1500      0.6400       0.0000    0.0000            0
1987 12 16 28.6100 29.0500 28.9300      0.4384       0.0000    0.0000            0
1987 12 17 28.3500 29.0600 28.8500      0.3961       0.0000    0.0000            0
1987 12 18 28.1200 28.8800 28.7300      0.4600       0.0000    0.0000            0
1987 12 19 28.2600 29.2000 29.0100      0.6374       0.0000    0.0000            0
1987 12 20 28.6600 29.4200 29.1300      0.7648       0.0000    0.0000            0
1987 12 21 28.5500 29.7200 29.3600      1.0100       0.0000    0.0000            0
1987 12 22 28.6800 29.3600 29.2300      0.9223       0.0000    0.0000            0
1987 12 23 28.8700 29.4300 29.3000      1.0368       0.0000    0.0000            0
1987 12 24 29.1100 29.6500 29.5600      1.2687       0.0000    0.0000            0
1987 12 25 28.8700 29.7300 29.5000      1.2129       0.0000    0.0000            0
1987 12 26 28.7300 29.2900 29.2000      0.9306       0.0000    0.0000            0
1987 12 27 28.4600 28.9100 28.8300      0.5532       0.0000    0.0000            0
1987 12 28 28.8800 29.2600 29.2300      0.9648       0.0000    0.0000            0
1987 12 29 29.1700 29.6000 29.5500      1.2974       0.0000    0.0000            0
1987 12 30 28.9900 29.3500 29.2500      1.0158       0.0000    0.0000            0
1987 12 31 28.9300 29.3300 29.3000      1.0790       0.0000    0.0000            0
1988 01 01 29.0300 29.4300 29.3700      1.2264       0.0000    0.0000            0
1988 01 02 28.5800 28.9100 28.8200      0.7032       0.0000    0.0000            0
1988 01 03 28.5500 28.8600 28.8200      0.5939       0.0000    0.0000            0
1988 01 04 28.5000 28.8100 28.8000      0.6355       0.0000    0.0000            0
1988 01 05 28.3300 28.7400 28.6800      0.5561       0.0000    0.0000            0
1988 01 06 28.2800 28.8400 28.7600      0.6645       0.0000    0.0000            0
1988 01 07 27.9200 28.5700 28.5200      0.4403       0.0000    0.0000            0
1988 01 08 27.9800 28.7200 28.5200      0.3603       0.0000    0.0000            0
1988 01 09 28.1600 28.6400 28.5800      0.4523       0.0000    0.0000            0
1988 01 10 28.3300 28.9300 28.8600      0.7503       0.0000    0.0000            0
1988 01 11 28.5700 29.1900 29.0800      1.0045       0.0000    0.0000            0
1988 01 12 28.5600 29.2300 29.0600      0.9661       0.0000    0.0000            0
1988 01 13 28.3300 28.9500 28.8400      0.7668       0.0000    0.0000            0
1988 01 14 28.0600 28.5600 28.4800      0.3503       0.0000    0.0000            0
1988 01 15 28.0900 28.4800 28.4200      0.3200       0.0000    0.0000            0
1988 01 16 28.1200 28.7000 28.5600      0.4452       0.0000    0.0000            0
1988 01 17 27.8600 28.6700 28.4900      0.3810       0.0000    0.0000            0
1988 01 18 28.1100 28.6300 28.5300      0.4477       0.0000    0.0000            0
1988 01 19 28.0800 28.6900 28.5700      0.4445       0.0000    0.0000            0
1988 01 20 28.1300 28.8400 28.7000      0.5706       0.0000    0.0000            0
1988 01 21 28.2000 28.8300 28.7100      0.6155       0.0000    0.0000            0
1988 01 22 27.8800 28.4500 28.3900      0.2584       0.0000    0.0000            0
1988 01 23 27.8500 28.3900 28.3500      0.2139       0.0000    0.0000            0
1988 01 24 27.6000 28.5400 28.2900      0.1732       0.0000    0.0000            0
1988 01 25 27.5300 28.8000 28.5200      0.3852       0.0000    0.0000            0
1988 01 26 27.4800 28.7100 28.5600      0.3939       0.0000    0.0000            0
1988 01 27 27.6000 29.1000 28.8800      0.7158       0.0000    0.0000            0
1988 01 28 27.8100 29.1600 29.0600      0.9013       0.0000    0.0000            0
1988 01 29 27.6200 28.9100 28.8400      0.6813       0.0000    0.0000            0
1988 01 30 27.8000 28.7300 28.6400      0.4719       0.0000    0.0000            0
1988 01 31 28.0200 28.7500 28.7200      0.5477       0.0000    0.0000            0
1988 02 01 28.1800 28.8900 28.8000      0.6439       0.0000    0.0000            0
1988 02 02 28.3000 29.2700 29.1700      1.0065       0.0000    0.0000            0
1988 02 03 27.9000 29.0600 28.9100      0.7042       0.0000    0.0000            0
1988 02 04 27.7900 29.2800 29.0900      1.0132       0.0000    0.0000            0
1988 02 05 27.4900 29.4600 29.2300      1.0048       0.0000    0.0000            0
1988 02 06 28.3100 28.8300 28.7700      0.5506       0.0000    0.0000            0
1988 02 07 28.6300 29.0400 29.0000      0.7719       0.0000    0.0000            0
1988 02 08 28.8700 29.2100 29.1300      0.9216       0.0000    0.0000            0
1988 02 09 28.8000 29.2800 29.0900      0.8465       0.0000    0.0000            0
1988 02 10 28.3600 29.1100 28.9600      0.7303       0.0000    0.0000            0
1988 02 11 28.1600 29.0000 28.8700      0.6394       0.0000    0.0000            0
1988 02 12 28.1500 29.1600 28.9300      0.6674       0.0000    0.0000            0
1988 02 13 28.2500 29.2400 28.9800      0.7055       0.0000    0.0000            0
1988 02 14 28.0700 29.3600 29.1400      0.8884       0.0000    0.0000            0
1988 02 15 28.1400 29.1700 28.9300      0.6400       0.0000    0.0000            0
1988 02 16 28.1100 29.2100 28.9400      0.6345       0.0000    0.0000            0
1988 02 17 28.5100 29.2700 29.1300      0.8524       0.0000    0.0000            0
1988 02 18 28.5800 29.2800 29.1300      0.8286       0.0000    0.0000            0
1988 02 19 28.8600 29.5200 29.3800      0.9866       0.0000    0.0000            0
1988 02 20 28.8500 29.9600 29.8500      1.4407       0.0000    0.0000            0
1988 02 21 28.8100 30.1900 30.1000      1.6548       0.0900    0.0000            1
1988 02 22 28.8200 30.3500 30.2700      1.8014       0.2500    0.0000            1
1988 02 23 29.1000 29.8200 29.7500      1.2503       0.0000    0.0000            1
1988 02 24 28.7700 30.0200 29.9600      1.4334       0.0000    0.0000            1
1988 02 25 28.3900 29.7600 29.6300      1.0783       0.0000    0.0000            1
1988 02 26 28.1700 29.7200 29.5600      0.9831       0.0000    0.0000            1
1988 02 27 28.4000 29.7000 29.5800      1.0221       0.0000    0.0000            1
1988 02 28 28.4500 29.6500 29.5600      0.9772       0.0000    0.0000            1
1988 02 29 28.2800 29.8100 29.7600      1.1179       0.0000    0.0000            0
1988 03 01 28.2900 29.7700 29.7000      1.0221       0.0000    0.0000            0
1988 03 02 28.2500 29.6700 29.5700      0.9283       0.0000    0.0000            0
1988 03 03 28.5700 29.7100 29.5500      0.8779       0.0000    0.0000            0
1988 03 04 29.0800 29.8000 29.8000      1.0507       0.0000    0.0000            0
1988 03 05 29.1200 29.8800 29.7600      1.0941       0.0000    0.0000            0
1988 03 06 29.2200 30.0000 29.8800      1.1717       0.0000    0.0000            0
1988 03 07 29.1900 29.9700 29.8800      1.1493       0.0000    0.0000            0
1988 03 08 28.9400 29.7600 29.6800      0.8203       0.0000    0.0000            0
1988 03 09 28.7500 29.8900 29.5700      0.6852       0.0000    0.0000            0
1988 03 10 28.6400 30.0300 29.4900      0.5793       0.0000    0.0000            0
1988 03 11 28.6700 30.1500 29.3800      0.5610       0.0000    0.0000            0
1988 03 12 28.8200 30.2800 29.6100      0.7862       0.0000    0.0000            0
1988 03 13 29.1400 29.9200 29.7800      1.0434       0.0000    0.0000            0
1988 03 14 29.3800 30.0900 30.0200      0.9886       0.0000    0.0000            0
1988 03 15 29.2700 30.0900 29.9600      0.8800       0.0000    0.0000            0
1988 03 16 28.8500 29.7200 29.5900      0.4852       0.0000    0.0000            0
1988 03 17 28.5200 29.2700 29.1700      0.0835       0.0000    0.0000            0
1988 03 18 28.5600 30.0400 29.5400      0.4394       0.0000    0.0000            0
1988 03 19 28.9100 30.3600 29.8300      0.7145       0.0000    0.0000            0
1988 03 20 29.1500 30.8600 30.0900      0.9974       0.1000    0.0000            1
1988 03 21 29.3300 30.9600 30.6300      1.8006       0.7000    0.0000            1
1988 03 22 29.4900 31.0700 30.9800      1.7161       0.9300    0.0000            1
1988 03 23 29.4900 31.4000 30.5800      1.3642       0.6100    0.0000            1
1988 03 24 29.4800 31.1800 30.4900      1.2410       0.5000    0.0000            1
1988 03 25 29.0900 30.7700 30.1700      0.9113       0.1700    0.0000            1
1988 03 26 29.0800 30.7200 30.3000      1.0110       0.2900    0.0000            1
1988 03 27 29.0600 30.1000 30.0000      0.6281       0.0000    0.0000            1
1988 03 28 28.7700 29.9600 29.8700      0.4729       0.0000    0.0000            1
1988 03 29 28.7700 30.1100 29.8300      0.4758       0.0000    0.0000            1
1988 03 30 28.5300 30.2400 29.9700      0.5074       0.0000    0.0000            1
1988 03 31 28.2600 30.1100 29.8600      0.3774       0.0000    0.0000            1
1988 04 01 28.3900 29.7000 29.5300      0.0177       0.0000    0.0000            1
1988 04 02 29.0400 30.1600 30.0000      0.4771       0.0000    0.0000            0
1988 04 03 28.9700 29.9100 29.6700      0.2303       0.0000    0.0000            0
1988 04 04 28.7500 29.6600 29.5200     -0.0697       0.0000    0.0000            0
1988 04 05 28.8800 29.8700 29.6700      0.1455       0.0000    0.0000            0
1988 04 06 29.2100 30.4200 30.2700      0.7219       0.2500    0.0000            1
1988 04 07 29.1500 30.6800 30.3800      0.8058       0.3800    0.0000            1
1988 04 08 29.1900 30.8200 30.4600      0.8994       0.4700    0.0000            1
1988 04 09 29.3100 30.6800 30.2900      0.6613       0.3000    0.0000            1
1988 04 10 29.5300 30.8700 30.7300      1.0877       0.7200    0.0000            1
1988 04 11 29.8000 31.4800 30.9800      1.3229       1.0100    0.1443            2
1988 04 12 30.0700 31.3000 30.8800      1.1987       0.9100    0.1443            2
1988 04 13 29.6900 30.8900 30.6500      0.9371       0.6100    0.1443            2
1988 04 14 29.7300 30.9000 30.7400      1.0035       0.7300    0.1443            2
1988 04 15 29.7900 31.0400 30.7200      0.9700       0.7300    0.1443            2
1988 04 16 29.9900 30.9500 30.7700      0.9040       0.7300    0.1443            2
1988 04 17 30.1300 30.9000 30.7700      0.8987       0.7400    0.1443            2
1988 04 18 30.0700 30.9300 30.7700      0.8920       0.7300    0.1443            1
1988 04 19 29.4000 30.7900 30.1900      0.4253       0.2000    0.1443            1
1988 04 20 29.3600 30.6600 29.9200      0.1183       0.0000    0.1443            1
1988 04 21 29.6400 30.8500 30.4100      0.6000       0.4000    0.1443            1
1988 04 22 30.0100 31.1100 30.8400      1.0363       0.8600    0.1443            1
1988 04 23 30.4500 31.5200 31.4300      1.5267       1.3800    0.3414            2
1988 04 24 30.4400 31.4500 31.3200      1.4050       1.3000    0.5271            2
1988 04 25 30.5300 31.4700 31.3500      1.4333       1.3200    0.7157            2
1988 04 26 30.5600 31.6000 31.4200      1.5683       1.4100    0.9171            2
1988 04 27 29.9500 31.2900 30.8400      0.9840       0.8400    0.9171            2
1988 04 28 30.1800 31.4800 31.0300      1.1873       1.0400    1.0657            2
1988 04 29 30.3800 31.3600 31.1600      1.3173       1.1200    1.2257            2
1988 04 30 30.3400 31.3500 31.2400      1.3850       1.2000    1.3971            2
1988 05 01 29.9300 31.0800 31.0200      1.0693       0.9900    1.3971            2
1988 05 02 29.3400 30.4600 30.4000      0.4393       0.3700    1.3971            2
1988 05 03 29.1800 30.5100 30.4300      0.4640       0.4000    1.3971            2
1988 05 04 29.2700 30.6300 30.5200      0.5487       0.4900    1.3971            2
1988 05 05 29.3000 31.1800 30.8500      0.9433       0.8300    1.3971            2
1988 05 06 29.0900 30.9600 30.6200      0.7110       0.6300    1.3971            2
1988 05 07 29.1400 30.7200 30.4700      0.5520       0.4800    1.3971            1
1988 05 08 28.8700 30.1300 29.8700     -0.1280       0.0000    1.3971            1
1988 05 09 29.7100 30.4400 30.1700      0.2100       0.1600    1.3971            1
1988 05 10 29.9400 30.4400 30.2300      0.2783       0.2400    1.3971            1
1988 05 11 30.2300 30.5900 30.4200      0.4607       0.4300    1.3971            1
1988 05 12 30.0600 30.4700 30.3800      0.3750       0.3600    1.3971            1
1988 05 13 30.3000 30.6400 30.5300      0.5647       0.5500    1.3971            1
1988 05 14 30.4200 30.8200 30.8100      0.7793       0.7700    1.3971            1
1988 05 15 30.3900 30.8000 30.7400      0.7300       0.7300    1.3971            1
1988 05 16 30.3100 30.8000 30.7300      0.7474       0.7100    1.3971            1
1988 05 17 30.1300 30.7600 30.6000      0.6829       0.6100    1.3971            1
1988 05 18 30.0600 30.6700 30.5100      0.6158       0.4900    1.3971            1
1988 05 19 30.1800 30.7300 30.6200      0.7700       0.6100    1.3971            1
1988 05 20 30.2100 30.9300 30.8700      1.0748       0.8700    1.3971            1
1988 05 21 30.2400 31.1800 31.0500      1.2977       1.0500    1.5471            2
1988 05 22 30.2600 31.2500 31.1600      1.4145       1.1300    1.7086            2
1988 05 23 30.2100 31.1300 31.0500      1.3494       1.0500    1.8586            2
1988 05 24 30.1900 30.8500 30.7900      1.1400       0.7800    1.8586            2
1988 05 25 30.1600 30.7800 30.7500      1.1232       0.7200    1.8586            2
1988 05 26 30.2100 30.7000 30.6700      1.0935       0.6500    1.8586            2
1988 05 27 30.0200 30.6200 30.6000      1.0639       0.5800    1.8586            2
1988 05 28 29.8400 30.3400 30.3000      0.8058       0.2900    1.8586            2
1988 05 29 29.8800 30.3800 30.3400      0.8829       0.3500    1.8586            2
1988 05 30 29.8000 30.3000 30.2500      0.8413       0.2800    1.8586            1
1988 05 31 29.7600 30.3800 30.3300      0.9329       0.3600    1.8586            1
1988 06 01 29.5700 30.2300 30.1800      0.8187       0.2100    1.8586            1
1988 06 02 29.5400 30.4100 30.2500      0.9294       0.2500    1.8586            1
1988 06 03 29.4400 30.2600 30.2100      0.8835       0.2400    1.8586            1
1988 06 04 29.2000 30.3200 30.2300      0.9539       0.2700    1.8586            1
1988 06 05 29.2600 30.3200 30.2500      1.0319       0.2800    1.8586            1
1988 06 06 29.2600 30.2800 30.2100      1.0206       0.2400    1.8586            1
1988 06 07 29.1800 30.0000 29.9600      0.7690       0.0000    1.8586            1
1988 06 08 28.9200 29.7200 29.6900      0.5329       0.0000    1.8586            1
1988 06 09 28.8100 29.5300 29.4800      0.3629       0.0000    1.8586            1
1988 06 10 28.6200 29.4500 29.4200      0.3694       0.0000    1.8586            1
1988 06 11 28.5200 29.5000 29.4100      0.3894       0.0000    1.8586            1
1988 06 12 28.3800 29.3800 29.3000      0.3416       0.0000    1.8586            1
1988 06 13 28.2700 29.5300 29.3300      0.5155       0.0000    1.8586            0
1988 06 14 28.5900 29.5400 29.4500      0.6006       0.0000    1.8586            0
1988 06 15 28.5900 29.5100 29.4300      0.6300       0.0000    1.8586            0
1988 06 16 28.5600 29.5100 29.3900      0.6157       0.0000    1.8586            0
1988 06 17 28.4100 29.0500 29.0200      0.2253       0.0000    1.8586            0
1988 06 18 28.3300 28.7600 28.7400     -0.0140       0.0000    1.8586            0
1988 06 19 28.3600 28.8100 28.7600      0.0487       0.0000    1.8586            0
1988 06 20 28.1000 28.6200 28.5100     -0.0983       0.0000    1.8586            0
1988 06 21 28.0700 28.6100 28.5900     -0.0140       0.0000    1.8586            0
1988 06 22 28.3300 29.3500 29.2500      0.6317       0.0000    1.8586            0
1988 06 23 28.3600 29.4400 29.2800      0.6933       0.0000    1.8586            0
1988 06 24 28.2000 29.3600 29.1600      0.5970       0.0000    1.8586            0
1988 06 25 28.1100 29.0800 28.9300      0.4267       0.0000    1.8586            0
1988 06 26 27.9900 28.9000 28.7300      0.3827       0.0000    1.8586            0
1988 06 27 27.6400 28.7200 28.5400      0.1100       0.0000    1.8586            0
1988 06 28 27.6100 28.7000 28.5100      0.1167       0.0000    1.8586            0
1988 06 29 27.4800 28.5800 28.3600      0.0140       0.0000    1.8586            0
1988 06 30 27.3200 28.4900 28.2700     -0.0300       0.0000    1.8586            0
1988 07 01 27.2700 28.4200 28.2000     -0.0740       0.0000    1.8586            0
1988 07 02 27.2600 28.6100 28.3900      0.0707       0.0000    1.8586            0
1988 07 03 27.9600 28.7300 28.5800      0.3740       0.0000    1.8586            0
1988 07 04 28.1200 28.9000 28.7600      0.5940       0.0000    1.7143            0
1988 07 05 27.9300 28.6800 28.5500      0.4133       0.0000    1.7143            0
1988 07 06 27.7300 28.5500 28.4900      0.3090       0.0000    1.7143            0
1988 07 07 27.7200 28.6100 28.4700      0.3847       0.0000    1.7143            0
1988 07 08 27.5300 28.5800 28.4100      0.3680       0.0000    1.7143            0
1988 07 09 27.3900 28.5500 28.3300      0.3260       0.0000    1.7143            0
1988 07 10 27.4000 29.0100 28.4900      0.4950       0.0000    1.7143            0
1988 07 11 27.3500 29.3000 28.4700      0.5200       0.0000    1.7143            0
1988 07 12 27.3800 29.3500 28.4900      0.5760       0.0000    1.7143            0
1988 07 13 27.3600 29.0900 28.3700      0.4900       0.0000    1.7143            0
1988 07 14 27.4600 29.0900 28.3800      0.5153       0.0000    1.7143            0
1988 07 15 27.4700 29.1400 28.3600      0.4900       0.0000    1.7143            0
1988 07 16 27.4800 28.7700 28.1800      0.3268       0.0000    1.5171            0
1988 07 17 27.3500 28.5100 28.1000      0.1716       0.0000    1.3314            0
1988 07 18 27.2700 28.6200 28.1100      0.2713       0.0000    1.1429            0
1988 07 19 27.2700 28.5200 28.0000      0.1584       0.0000    0.9414            0
1988 07 20 27.3400 28.4500 27.9300      0.1206       0.0000    0.9414            0
1988 07 21 27.4000 28.5000 28.1000      0.2926       0.0000    0.7929            0
1988 07 22 27.1900 28.4600 28.2000      0.2806       0.0000    0.6329            0
1988 07 23 27.0400 28.5100 28.1900      0.2865       0.0000    0.4614            0
1988 07 24 26.9200 28.3000 27.9900      0.0477       0.0000    0.4614            0
1988 07 25 26.9100 28.2400 27.9400     -0.0116       0.0000    0.4614            0
1988 07 26 27.0500 28.2400 27.9800      0.0439       0.0000    0.4614            0
1988 07 27 27.2400 28.2000 27.9200      0.2390       0.0000    0.4614            0
1988 07 28 27.4200 28.2900 28.1000      0.4700       0.0000    0.4614            0
1988 07 29 27.5900 28.2100 28.0900      0.4574       0.0000    0.4614            0
1988 07 30 27.7600 29.3300 28.6500      1.1177       0.0000    0.4614            0
1988 07 31 27.7000 29.2200 28.6300      1.1135       0.0000    0.4614            0
1988 08 01 27.7300 29.1500 28.6100      1.1271       0.0000    0.4614            0
1988 08 02 27.3500 28.8200 28.1800      0.6497       0.0000    0.4614            0
1988 08 03 27.3900 28.6700 28.0800      0.5542       0.0000    0.4614            0
1988 08 04 27.3000 28.3400 27.8400      0.1226       0.0000    0.4614            0
1988 08 05 27.2100 28.2300 27.8400      0.0719       0.0000    0.4614            0
1988 08 06 27.1800 28.1400 27.7600      0.0506       0.0000    0.4614            0
1988 08 07 27.2400 28.4400 27.9500      0.2158       0.0000    0.4614            0
1988 08 08 27.2600 28.6300 28.0100      0.3316       0.0000    0.4614            0
1988 08 09 27.3400 29.1100 28.1300      0.4094       0.0000    0.4614            0
1988 08 10 27.4800 29.1700 28.6900      1.0026       0.0000    0.4614            0
1988 08 11 27.3700 28.9700 28.5300      0.8481       0.0000    0.4614            0
1988 08 12 27.3800 28.6400 28.4700      0.6445       0.0000    0.4614            0
1988 08 13 27.3400 28.4100 28.1800      0.3571       0.0000    0.3114            0
1988 08 14 27.2600 28.2300 28.0600      0.2239       0.0000    0.1500            0
1988 08 15 27.2300 28.0700 27.9300      0.3000       0.0000    0.0000            0
1988 08 16 27.1700 27.9700 27.8600      0.2081       0.0000    0.0000            0
1988 08 17 27.1400 27.9400 27.8500     -0.0290       0.0000    0.0000            0
1988 08 18 25.9600 27.8700 27.1500     -0.5258       0.0000    0.0000            0
1988 08 19 25.6800 27.6800 26.9100     -0.7790       0.0000    0.0000            0
1988 08 20 25.6600 27.8100 27.0000     -0.6997       0.0000    0.0000            0
1988 08 21 25.8200 27.5800 27.0800     -0.6397       0.0000    0.0000            0
1988 08 22 25.9300 27.7100 27.1500     -0.5735       0.0000    0.0000            0
1988 08 23 26.1600 27.6900 27.3000     -0.4726       0.0000    0.0000            0
1988 08 24 26.3400 27.8300 27.6100     -0.2806       0.0000    0.0000            0
1988 08 25 26.3000 27.9000 27.5800     -0.2642       0.0000    0.0000            0
1988 08 26 26.5000 28.2500 27.6800      0.1335       0.0000    0.0000            0
1988 08 27 26.5700 28.1000 27.5800     -0.0106       0.0000    0.0000            0
1988 08 28 26.7000 27.8500 27.6300     -0.2423       0.0000    0.0000            0
1988 08 29 26.9500 27.9500 27.7800     -0.1523       0.0000    0.0000            0
1988 08 30 27.1400 28.2200 27.9900      0.3013       0.0000    0.0000            0
1988 08 31 27.2700 28.2800 28.1600      0.3197       0.0000    0.0000            0
1988 09 01 27.2400 28.2300 28.0300      0.2771       0.0000    0.0000            0
1988 09 02 27.1500 28.1900 28.0500      0.3590       0.0000    0.0000            0
1988 09 03 27.3200 28.0900 28.0500      0.3100       0.0000    0.0000            0
1988 09 04 26.9500 27.9000 27.7800     -0.1384       0.0000    0.0000            0
1988 09 05 26.4700 27.4100 27.3000     -0.6032       0.0000    0.0000            0
1988 09 06 26.6000 27.3800 27.2600     -0.6384       0.0000    0.0000            0
1988 09 07 27.2400 28.0000 27.8400      0.0410       0.0000    0.0000            0
1988 09 08 27.4900 28.3000 28.1300      0.2168       0.0000    0.0000            0
1988 09 09 27.4700 28.2700 28.1800      0.2477       0.0000    0.0000            0
1988 09 10 27.4900 28.2600 28.2100      0.2632       0.0000    0.0000            0
1988 09 11 27.5500 28.3400 28.2800      0.3152       0.0000    0.0000            0
1988 09 12 27.4600 28.3800 28.0600      0.0974       0.0000    0.0000            0
1988 09 13 27.5200 28.3800 28.0700      0.1016       0.0000    0.0000            0
1988 09 14 27.3600 28.3000 27.9600      0.1061       0.0000    0.0000            0
1988 09 15 26.8800 27.5700 27.5200     -0.5000       0.0000    0.0000            0
1988 09 16 27.0600 27.7700 27.5000     -0.1753       0.0000    0.0000            0
1988 09 17 27.4900 28.0600 27.8200      0.1187       0.0000    0.0000            0
1988 09 18 27.3500 28.1200 27.9300      0.0570       0.0000    0.0000            0
1988 09 19 27.5200 28.8700 27.9700     -0.0867       0.0000    0.0000            0
1988 09 20 27.5900 28.7600 28.0600      0.1017       0.0000    0.0000            0
1988 09 21 27.6200 28.6900 28.0800      0.0640       0.0000    0.0000            0
1988 09 22 27.5200 28.5600 28.0900      0.0707       0.0000    0.0000            0
1988 09 23 27.5200 28.1600 27.9600     -0.0707       0.0000    0.0000            0
1988 09 24 27.2400 27.8100 27.7200     -0.4080       0.0000    0.0000            0
1988 09 25 27.4800 28.0500 27.8700     -0.1833       0.0000    0.0000            0
1988 09 26 27.4300 28.0800 27.8600     -0.1720       0.0000    0.0000            0
1988 09 27 27.3500 28.3300 28.0500     -0.0580       0.0000    0.0000            0
1988 09 28 27.2400 28.4300 28.0000     -0.1230       0.0000    0.0000            0
1988 09 29 27.1700 28.5300 28.0900     -0.0487       0.0000    0.0000            0
1988 09 30 27.1300 28.2500 27.7900     -0.3400       0.0000    0.0000            0
1988 10 01 27.4100 28.2800 28.0600     -0.1373       0.0000    0.0000            0
1988 10 02 27.6000 28.4400 28.2900      0.0747       0.0000    0.0000            0
1988 10 03 27.6300 28.5200 28.4400      0.2280       0.0000    0.0000            0
1988 10 04 27.4000 28.4800 28.1500     -0.1070       0.0000    0.0000            0
1988 10 05 27.2900 28.4100 28.1300     -0.1400       0.0000    0.0000            0
1988 10 06 27.2600 28.5500 28.0600     -0.2370       0.0000    0.0000            0
1988 10 07 27.3200 28.6500 28.2300     -0.0707       0.0000    0.0000            0
1988 10 08 27.4000 28.5800 28.2100      0.0350       0.0000    0.0000            0
1988 10 09 27.5500 28.3700 28.1500     -0.1480       0.0000    0.0000            0
1988 10 10 28.1000 29.0900 28.8600      0.5083       0.0000    0.0000            0
1988 10 11 28.0600 28.9600 28.6200      0.2647       0.0000    0.0000            0
1988 10 12 28.0000 28.8600 28.5100      0.1500       0.0000    0.0000            0
1988 10 13 27.7700 28.6600 28.3200     -0.0540       0.0000    0.0000            0
1988 10 14 27.9400 28.8600 28.4300      0.0533       0.0000    0.0000            0
1988 10 15 28.0900 28.7900 28.4300      0.0400       0.0000    0.0000            0
1988 10 16 28.4400 29.2600 28.8100      0.4026       0.0000    0.0000            0
1988 10 17 28.3300 28.8800 28.6900      0.3045       0.0000    0.0000            0
1988 10 18 28.3300 29.1800 29.1000      0.7290       0.0000    0.0000            0
1988 10 19 28.2900 29.0100 28.9300      0.5487       0.0000    0.0000            0
1988 10 20 28.2400 28.8500 28.7600      0.3684       0.0000    0.0000            0
1988 10 21 28.2400 28.7500 28.6500      0.2400       0.0000    0.0000            0
1988 10 22 28.3400 28.8400 28.7900      0.3558       0.0000    0.0000            0
1988 10 23 28.5600 29.0100 28.9600      0.5455       0.0000    0.0000            0
1988 10 24 28.5100 29.0200 28.9300      0.4971       0.0000    0.0000            0
1988 10 25 28.5700 29.0000 28.9200      0.4768       0.0000    0.0000            0
1988 10 26 28.3400 28.9300 28.8400      0.3619       0.0000    0.0000            0
1988 10 27 28.5500 29.2300 29.1700      0.6848       0.0000    0.0000            0
1988 10 28 28.5500 29.3800 29.3700      0.8719       0.0000    0.0000            0
1988 10 29 28.6400 29.6200 29.5800      1.1161       0.0000    0.0000            0
1988 10 30 28.5800 29.5700 29.5200      1.0290       0.0000    0.0000            0
1988 10 31 28.4800 29.3600 29.2900      0.7961       0.0000    0.0000            0
1988 11 01 28.4600 29.4100 29.2500      0.7445       0.0000    0.0000            0
1988 11 02 28.3600 29.3800 29.2700      0.7442       0.0000    0.0000            0
1988 11 03 28.4300 29.4800 29.4600      0.9377       0.0000    0.0000            0
1988 11 04 28.4700 29.5400 29.5000      0.9742       0.0000    0.0000            0
1988 11 05 28.7500 30.0300 29.9600      1.4326       0.0000    0.0000            0
1988 11 06 28.7700 29.8300 29.7700      1.2326       0.0000    0.0000            0
1988 11 07 28.7400 29.6700 29.5700      1.0345       0.0000    0.0000            0
1988 11 08 28.3700 29.1100 29.0600      0.4935       0.0000    0.0000            0
1988 11 09 28.2800 29.3700 29.3400      0.7535       0.0000    0.0000            0
1988 11 10 28.2400 29.1500 29.1400      0.5381       0.0000    0.0000            0
1988 11 11 29.0800 29.6000 29.5800      0.9739       0.0000    0.0000            0
1988 11 12 29.1900 29.8100 29.6900      1.1032       0.0000    0.0000            0
1988 11 13 29.1400 29.6400 29.5900      1.0558       0.0000    0.0000            0
1988 11 14 29.1100 29.8000 29.7800      1.1916       0.0000    0.0000            0
1988 11 15 29.2300 30.1100 30.0900      1.5000       0.0900    0.0000            1
1988 11 16 29.1000 30.1900 30.1700      1.5847       0.1700    0.0000            1
1988 11 17 28.7900 29.4900 29.4300      0.8373       0.0000    0.0000            1
1988 11 18 28.4600 29.2400 29.1500      0.5830       0.0000    0.0000            1
1988 11 19 28.5200 29.3000 29.1900      0.6273       0.0000    0.0000            1
1988 11 20 28.8000 29.5500 29.4300      0.8717       0.0000    0.0000            1
1988 11 21 28.9200 29.6600 29.5500      0.9960       0.0000    0.0000            1
1988 11 22 28.9900 29.6300 29.5700      1.0603       0.0000    0.0000            1
1988 11 23 28.8600 29.6200 29.5700      1.0647       0.0000    0.0000            0
1988 11 24 28.3900 29.2900 29.1600      0.5980       0.0000    0.0000            0
1988 11 25 28.2200 28.9800 28.9400      0.4333       0.0000    0.0000            0
1988 11 26 27.8900 28.9300 28.8700      0.3740       0.0000    0.0000            0
1988 11 27 27.9800 29.0800 28.9500      0.4620       0.0000    0.0000            0
1988 11 28 28.2100 29.4300 28.8400      0.3450       0.0000    0.0000            0
1988 11 29 28.5500 29.4800 29.1000      0.6160       0.0000    0.0000            0
1988 11 30 28.6600 29.4000 29.1700      0.6950       0.0000    0.0000            0
1988 12 01 28.4100 28.9200 28.6700      0.1207       0.0000    0.0000            0
1988 12 02 28.2700 28.8100 28.6400      0.1447       0.0000    0.0000            0
1988 12 03 28.2700 28.8700 28.7700      0.3080       0.0000    0.0000            0
1988 12 04 28.3800 29.0600 29.0300      0.5810       0.0000    0.0000            0
1988 12 05 28.2500 29.1200 29.0200      0.5500       0.0000    0.0000            0
1988 12 06 28.0600 29.0000 28.9100      0.3620       0.0000    0.0000            0
1988 12 07 28.2000 28.9900 28.8400      0.3687       0.0000    0.0000            0
1988 12 08 28.5500 29.6800 29.5500      1.0840       0.0000    0.0000            0
1988 12 09 28.7300 29.5100 29.4600      1.0720       0.0000    0.0000            0
1988 12 10 28.5500 29.0500 28.9800      0.5400       0.0000    0.0000            0
1988 12 11 28.5000 28.9800 28.9400      0.5800       0.0000    0.0000            0
1988 12 12 28.6500 29.1300 29.0600      0.6170       0.0000    0.0000            0
1988 12 13 28.5000 28.9500 28.8100      0.4967       0.0000    0.0000            0
1988 12 14 28.6300 29.1900 29.1600      0.6957       0.0000    0.0000            0
1988 12 15 28.5000 29.2200 29.1500      0.7000       0.0000    0.0000            0
1988 12 16 28.2500 29.2800 29.1700      0.6974       0.0000    0.0000            0
1988 12 17 28.2000 29.2200 29.1400      0.7190       0.0000    0.0000            0
1988 12 18 28.7800 29.3300 29.2300      0.8216       0.0000    0.0000            0
1988 12 19 28.6800 29.1600 29.1300      0.7281       0.0000    0.0000            0
1988 12 20 28.3100 28.6700 28.6400      0.2745       0.0000    0.0000            0
1988 12 21 28.1900 28.6100 28.5100      0.2558       0.0000    0.0000            0
1988 12 22 28.1400 28.4500 28.4000      0.0494       0.0000    0.0000            0
1988 12 23 28.3900 28.7700 28.6900      0.4377       0.0000    0.0000            0
1988 12 24 28.4500 28.9100 28.8000      0.5587       0.0000    0.0000            0
1988 12 25 28.4900 29.0100 28.8700      0.6361       0.0000    0.0000            0
1988 12 26 27.8100 28.5900 28.4400      0.2045       0.0000    0.0000            0
1988 12 27 27.3400 28.3300 27.9900     -0.2984       0.0000    0.0000            0
1988 12 28 28.0400 28.5900 28.5800      0.2984       0.0000    0.0000            0
1988 12 29 27.7200 28.2900 28.1600     -0.1190       0.0000    0.0000            0
1988 12 30 27.7000 28.3600 28.2000     -0.0232       0.0000    0.0000            0
1988 12 31 26.8700 27.8500 27.6400     -0.5668       0.0000    0.0000            0
1989 01 01 27.0000 27.8500 27.6500     -0.5348       0.0000    0.0000            0
1989 01 02 27.4700 28.2300 28.1600     -0.0365       0.0000    0.0000            0
1989 01 03 28.0500 28.8800 28.7000      0.5229       0.0000    0.0000            0
1989 01 04 28.2700 29.1600 28.9400      0.7681       0.0000    0.0000            0
1989 01 05 28.4000 29.1200 28.8400      0.6735       0.0000    0.0000            0
1989 01 06 28.2000 28.7800 28.5700      0.4410       0.0000    0.0000            0
1989 01 07 27.8300 28.6700 28.4300      0.2994       0.0000    0.0000            0
1989 01 08 27.4900 28.3800 28.2600      0.1465       0.0000    0.0000            0
1989 01 09 27.1600 28.0700 27.7900     -0.3626       0.0000    0.0000            0
1989 01 10 27.3700 28.0100 27.7000     -0.4081       0.0000    0.0000            0
1989 01 11 27.2900 28.0700 27.8000     -0.3271       0.0000    0.0000            0
1989 01 12 27.3400 28.1000 27.8500     -0.2703       0.0000    0.0000            0
1989 01 13 27.3600 28.0500 27.9700     -0.1655       0.0000    0.0000            0
1989 01 14 27.6600 28.3900 28.2000      0.1568       0.0000    0.0000            0
1989 01 15 27.6500 28.3200 28.2000      0.1600       0.0000    0.0000            0
1989 01 16 27.5300 28.2300 28.0800      0.0429       0.0000    0.0000            0
1989 01 17 27.5400 28.1400 27.9900     -0.0535       0.0000    0.0000            0
1989 01 18 27.5200 28.3100 28.2100      0.1606       0.0000    0.0000            0
1989 01 19 26.7900 27.5900 27.5000     -0.6245       0.0000    0.0000            0
1989 01 20 26.6600 27.5800 27.3900     -0.6506       0.0000    0.0000            0
1989 01 21 26.4400 27.4300 27.2500     -0.7652       0.0000    0.0000            0
1989 01 22 26.9100 28.0500 27.8000     -0.2329       0.0000    0.0000            0
1989 01 23 26.8800 28.0900 27.8000     -0.3387       0.0000    0.0000            0
1989 01 24 26.8900 28.0300 27.7400     -0.3252       0.0000    0.0000            0
1989 01 25 26.8500 27.8700 27.6600     -0.4181       0.0000    0.0000            0
1989 01 26 26.9400 27.8600 27.5900     -0.5010       0.0000    0.0000            0
1989 01 27 26.7900 27.8000 27.5100     -0.6481       0.0000    0.0000            0
1989 01 28 27.0300 27.8000 27.6600     -0.4945       0.0000    0.0000            0
1989 01 29 27.3500 28.3100 27.9400     -0.2432       0.0000    0.0000            0
1989 01 30 27.3700 27.8500 27.7700     -0.4026       0.0000    0.0000            0
1989 01 31 27.4300 27.8600 27.7900     -0.3281       0.0000    0.0000            0
1989 02 01 27.4500 27.8300 27.7600     -0.4223       0.0000    0.0000            0
1989 02 02 27.5400 28.1100 27.9000     -0.2935       0.0000    0.0000            0
1989 02 03 27.5300 28.0600 27.9000     -0.2897       0.0000    0.0000            0
1989 02 04 27.2200 27.8300 27.6600     -0.5403       0.0000    0.0000            0
1989 02 05 26.8100 27.7400 27.2500     -0.9516       0.0000    0.0000            0
1989 02 06 26.8300 27.7100 27.2600     -0.9465       0.0000    0.0000            0
1989 02 07 27.0300 27.7600 27.3800     -0.7310       0.0000    0.0000            0
1989 02 08 27.1300 27.7000 27.6200     -0.5071       0.0000    0.0000            0
1989 02 09 27.2400 27.9500 27.9100     -0.0865       0.0000    0.0000            0
1989 02 10 27.5000 28.1400 28.0200     -0.2029       0.0000    0.0000            0
1989 02 11 27.5000 28.1200 28.0800     -0.1242       0.0000    0.0000            0
1989 02 12 27.4700 27.8800 27.8600     -0.3777       0.0000    0.0000            0
1989 02 13 27.4400 28.0300 27.9800     -0.1784       0.0000    0.0000            0
1989 02 14 27.3100 28.0000 27.9300     -0.2539       0.0000    0.0000            0
1989 02 15 27.1200 27.8200 27.7500     -0.4000       0.0000    0.0000            0
1989 02 16 27.2700 28.0700 27.8500     -0.3225       0.0000    0.0000            0
1989 02 17 27.1000 27.9600 27.6900     -0.5050       0.0000    0.0000            0
1989 02 18 27.4500 27.9600 27.9400     -0.3979       0.0000    0.0000            0
1989 02 19 27.7800 28.1900 28.1800     -0.1171       0.0000    0.0000            0
1989 02 20 27.8000 28.4400 28.3400      0.0039       0.0000    0.0000            0
1989 02 21 27.8400 28.4900 28.4300      0.0893       0.0000    0.0000            0
1989 02 22 27.6500 28.3300 28.2400     -0.1575       0.0000    0.0000            0
1989 02 23 27.6600 28.1500 28.0500     -0.2757       0.0000    0.0000            0
1989 02 24 27.4300 28.1200 27.9100     -0.5718       0.0000    0.0000            0
1989 02 25 27.9500 28.7600 28.5400      0.0329       0.0000    0.0000            0
1989 02 26 28.3300 29.3600 29.0700      0.5211       0.0000    0.0000            0
1989 02 27 27.8700 28.8700 28.6400      0.0243       0.0000    0.0000            0
1989 02 28 27.3500 28.3600 28.1800     -0.4304       0.0000    0.0000            0
1989 03 01 27.5700 28.3200 28.1800     -0.4900       0.0000    0.0000            0
1989 03 02 28.0400 28.6200 28.5400     -0.1250       0.0000    0.0000            0
1989 03 03 27.9500 28.5600 28.4100     -0.2014       0.0000    0.0000            0
1989 03 04 27.9100 28.4500 28.3800     -0.3714       0.0000    0.0000            0
1989 03 05 27.5500 28.5200 28.3700     -0.4086       0.0000    0.0000            0
1989 03 06 27.6900 28.5300 28.5100     -0.2832       0.0000    0.0000            0
1989 03 07 28.1600 29.1900 29.1000      0.2914       0.0000    0.0000            0
1989 03 08 28.3200 29.1900 29.1000      0.2500       0.0000    0.0000            0
1989 03 09 28.2700 29.1300 29.0500      0.1750       0.0000    0.0000            0
1989 03 10 28.0800 29.0200 28.9700      0.0557       0.0000    0.0000            0
1989 03 11 28.5100 29.2500 29.1800      0.2200       0.0000    0.0000            0
1989 03 12 28.7100 29.4200 29.3100      0.3289       0.0000    0.0000            0
1989 03 13 28.7400 29.3000 29.2600      0.2736       0.0000    0.0000            0
1989 03 14 28.6200 29.2500 29.2200      0.1968       0.0000    0.0000            0
1989 03 15 28.6500 29.4700 29.4100      0.3900       0.0000    0.0000            0
1989 03 16 28.3700 29.3500 29.3200      0.2568       0.0000    0.0000            0
1989 03 17 28.3400 29.0600 28.9700      0.2116       0.0000    0.0000            0
1989 03 18 28.4900 29.1100 29.0800     -0.0574       0.0000    0.0000            0
1989 03 19 28.2600 29.1900 28.8300     -0.2255       0.0000    0.0000            0
1989 03 20 28.1500 29.1100 28.7900     -0.3677       0.0000    0.0000            0
1989 03 21 28.6400 29.3900 29.3000      0.0610       0.0000    0.0000            0
1989 03 22 28.8600 29.6800 29.5800      0.3216       0.0000    0.0000            0
1989 03 23 28.7400 29.8100 29.6900      0.4061       0.0000    0.0000            0
1989 03 24 28.8900 30.0200 29.9400      0.6264       0.0000    0.0000            0
1989 03 25 28.7100 29.9600 29.7100      0.4881       0.0000    0.0000            0
1989 03 26 28.9100 29.8600 29.7100      0.3468       0.0000    0.0000            0
1989 03 27 28.7000 30.0600 29.9100      0.6197       0.0000    0.0000            0
1989 03 28 28.7100 29.7100 29.5900      0.2539       0.0000    0.0000            0
1989 03 29 28.8200 29.7800 29.7000      0.3403       0.0000    0.0000            0
1989 03 30 29.1500 29.8200 29.7600      0.3961       0.0000    0.0000            0
1989 03 31 29.3900 30.0200 29.9700      0.5632       0.0000    0.0000            0
1989 04 01 29.1900 29.7500 29.6800      0.2452       0.0000    0.0000            0
1989 04 02 28.8300 29.5000 29.4200     -0.0197       0.0000    0.0000            0
1989 04 03 28.7700 29.5700 29.4700     -0.0152       0.0000    0.0000            0
1989 04 04 28.6300 29.5300 29.4300      0.0361       0.0000    0.0000            0
1989 04 05 28.6200 29.7000 29.4500     -0.1616       0.0000    0.0000            0
1989 04 06 28.8200 29.3500 29.2400     -0.4006       0.0000    0.0000            0
1989 04 07 28.9500 29.6400 29.4500     -0.1165       0.0000    0.0000            0
1989 04 08 28.9600 30.0300 29.6400      0.1881       0.0000    0.0000            0
1989 04 09 28.8500 30.1300 29.9000      0.1910       0.0000    0.0000            0
1989 04 10 28.7900 29.9700 29.7900      0.0642       0.0000    0.0000            0
1989 04 11 28.9600 30.1100 30.0200      0.2606       0.0000    0.0000            0
1989 04 12 28.8600 29.9100 29.8400      0.1726       0.0000    0.0000            0
1989 04 13 28.8300 29.5000 29.4300     -0.3890       0.0000    0.0000            0
1989 04 14 28.3200 29.1500 29.0400     -0.6184       0.0000    0.0000            0
1989 04 15 27.8700 29.1500 28.8400     -1.0100       0.0000    0.0000            0
1989 04 16 27.8200 29.5300 28.9200     -0.7997       0.0000    0.0000            0
1989 04 17 28.2600 29.8400 29.5500     -0.3140       0.0000    0.0000            0
1989 04 18 28.4400 29.9100 29.5900     -0.1170       0.0000    0.0000            0
1989 04 19 28.5700 29.9200 29.6600     -0.0667       0.0000    0.0000            0
1989 04 20 28.6300 29.7900 29.6300     -0.2683       0.0000    0.0000            0
1989 04 21 28.6100 29.7100 29.5200     -0.2460       0.0000    0.0000            0
1989 04 22 28.9400 29.6100 29.5200     -0.2263       0.0000    0.0000            0
1989 04 23 29.1100 29.9500 29.7600      0.0853       0.0000    0.0000            0
1989 04 24 29.2600 30.1300 30.0300      0.2220       0.0400    0.0000            1
1989 04 25 29.2500 30.1000 30.0000      0.1800       0.0200    0.0000            1
1989 04 26 29.1100 29.9800 29.9000      0.0747       0.0000    0.0000            1
1989 04 27 28.7400 29.3300 29.1200     -0.6600       0.0000    0.0000            1
1989 04 28 29.1500 29.6000 29.5000     -0.3170       0.0000    0.0000            1
1989 04 29 29.3300 29.7100 29.6700     -0.1507       0.0000    0.0000            1
1989 04 30 29.5400 30.0100 29.9900      0.2700       0.0100    0.0000            1
1989 05 01 29.6500 30.0000 29.9900      0.2387       0.0100    0.0000            1
1989 05 02 29.5900 30.0600 29.9600      0.2337       0.0300    0.0000            1
1989 05 03 29.1500 29.8500 29.4200     -0.3240       0.0000    0.0000            1
1989 05 04 29.3100 30.1400 29.6300     -0.1860       0.0000    0.0000            1
1989 05 05 28.8600 29.6900 29.4500     -0.3800       0.0000    0.0000            1
1989 05 06 28.8500 29.5600 29.2400     -0.5230       0.0000    0.0000            1
1989 05 07 28.8000 29.8700 29.2600     -0.6587       0.0000    0.0000            1
1989 05 08 28.7300 29.8500 29.3600     -0.5763       0.0000    0.0000            1
1989 05 09 28.7100 29.7300 29.2100     -0.7340       0.0000    0.0000            0
1989 05 10 28.7300 29.4300 29.3800     -0.5033       0.0000    0.0000            0
1989 05 11 29.0600 29.8400 29.8000     -0.0993       0.0000    0.0000            0
1989 05 12 29.3900 30.1700 30.1300      0.2130       0.1600    0.0000            1
1989 05 13 29.5300 29.9900 29.9500      0.0147       0.0000    0.0000            1
1989 05 14 29.5900 30.0000 29.9700      0.0077       0.0000    0.0000            1
1989 05 15 29.6700 30.0700 29.9600     -0.0300       0.0000    0.0000            1
1989 05 16 29.7100 30.1200 30.0100      0.0590       0.0200    0.0000            1
1989 05 17 29.6600 30.2400 30.1200      0.1974       0.1200    0.0000            1
1989 05 18 29.7600 30.2600 30.1800      0.2900       0.1700    0.0000            1
1989 05 19 28.9400 29.6500 29.5700     -0.3123       0.0000    0.0000            1
1989 05 20 28.7000 29.4600 29.4000     -0.4355       0.0000    0.0000            1
1989 05 21 28.6000 29.3900 29.3200     -0.4919       0.0000    0.0000            1
1989 05 22 28.6200 29.4500 29.3500     -0.3942       0.0000    0.0000            1
1989 05 23 28.6200 29.5000 29.3600     -0.3755       0.0000    0.0000            1
1989 05 24 28.6200 29.5400 29.3500     -0.3332       0.0000    0.0000            1
1989 05 25 28.7400 29.5700 29.5100     -0.1103       0.0000    0.0000            0
1989 05 26 28.7000 29.3100 29.2600     -0.3355       0.0000    0.0000            0
1989 05 27 28.5100 29.1200 28.9900     -0.5377       0.0000    0.0000            0
1989 05 28 28.3100 29.9300 29.8700      0.3655       0.0000    0.0000            0
1989 05 29 28.1500 29.6700 29.5000      0.0168       0.0000    0.0000            0
1989 05 30 28.6000 30.1100 29.9200      0.4671       0.0000    0.0000            0
1989 05 31 29.1500 30.3200 30.1300      0.7500       0.1100    0.0000            1
1989 06 01 29.2000 30.3000 30.2200      0.9074       0.2000    0.0000            1
1989 06 02 28.9000 30.1500 29.9800      0.6468       0.0000    0.0000            1
1989 06 03 28.6000 30.0200 29.8600      0.5397       0.0000    0.0000            1
1989 06 04 28.6700 29.9500 29.8100      0.5768       0.0000    0.0000            1
1989 06 05 28.5800 29.9200 29.6600      0.4481       0.0000    0.0000            1
1989 06 06 28.8800 30.0100 29.7600      0.5977       0.0000    0.0000            1
1989 06 07 28.6500 29.8200 29.5800      0.4703       0.0000    0.0000            1
1989 06 08 28.4600 29.5100 29.2400      0.1948       0.0000    0.0000            0
1989 06 09 28.2800 29.2300 29.0800      0.0055       0.0000    0.0000            0
1989 06 10 28.2600 29.0300 28.9100     -0.0819       0.0000    0.0000            0
1989 06 11 28.0800 28.8000 28.7300     -0.1826       0.0000    0.0000            0
1989 06 12 27.9200 28.6300 28.5600     -0.2839       0.0000    0.0000            0
1989 06 13 27.7600 28.5300 28.4000     -0.4887       0.0000    0.0000            0
1989 06 14 27.4400 28.3100 28.1100     -0.7197       0.0000    0.0000            0
1989 06 15 27.2900 28.2000 28.0400     -0.7500       0.0000    0.0000            0
1989 06 16 27.2300 28.3200 28.1900     -0.5140       0.0000    0.0000            0
1989 06 17 27.3100 28.2600 28.0900     -0.6040       0.0000    0.0000            0
1989 06 18 27.4900 28.2600 28.1900     -0.5340       0.0000    0.0000            0
1989 06 19 27.3900 28.1700 28.1200     -0.4780       0.0000    0.0000            0
1989 06 20 27.4400 28.2000 28.1500     -0.4083       0.0000    0.0000            0
1989 06 21 27.6700 28.3700 28.2900     -0.2380       0.0000    0.0000            0
1989 06 22 27.6800 28.3800 28.2600     -0.2330       0.0000    0.0000            0
1989 06 23 27.4400 28.3700 28.0600     -0.5173       0.0000    0.0000            0
1989 06 24 27.5500 28.1900 27.9700     -0.5930       0.0000    0.0000            0
1989 06 25 27.5800 28.1900 28.1500     -0.3933       0.0000    0.0000            0
1989 06 26 27.6800 28.2700 28.2500     -0.2677       0.0000    0.0000            0
1989 06 27 27.6100 28.3700 28.2500     -0.1140       0.0000    0.0000            0
1989 06 28 27.3500 28.0500 28.0000     -0.4080       0.0000    0.0000            0
1989 06 29 27.3700 28.1400 28.0100     -0.3787       0.0000    0.0000            0
1989 06 30 27.4600 28.3400 28.1600     -0.1850       0.0000    0.0000            0
1989 07 01 27.5200 28.3100 28.0900     -0.0440       0.0000    0.0000            0
1989 07 02 27.6100 28.2800 28.1700     -0.0837       0.0000    0.0000            0
1989 07 03 27.6900 28.5100 28.4100      0.3220       0.0000    0.0000            0
1989 07 04 27.6600 28.6100 28.4700      0.3853       0.0000    0.0000            0
1989 07 05 27.7700 28.7400 28.5700      0.5267       0.0000    0.0000            0
1989 07 06 27.6500 28.4300 28.2800      0.2870       0.0000    0.0000            0
1989 07 07 27.5700 28.2600 28.0800      0.1013       0.0000    0.0000            0
1989 07 08 27.7000 28.9200 28.3400      0.2773       0.0000    0.0000            0
1989 07 09 27.6700 29.0300 28.4100      0.3820       0.0000    0.0000            0
1989 07 10 27.4500 28.6900 28.1700      0.1767       0.0000    0.0000            0
1989 07 11 27.2400 28.6100 28.0700      0.1200       0.0000    0.0000            0
1989 07 12 27.0200 28.5400 28.0000      0.0850       0.0000    0.0000            0
1989 07 13 27.0900 28.6400 28.0300      0.1500       0.0000    0.0000            0
1989 07 14 27.0600 28.3600 27.5100     -0.3737       0.0000    0.0000            0
1989 07 15 27.1800 28.4700 27.8400     -0.0400       0.0000    0.0000            0
1989 07 16 27.0800 28.1400 28.0300      0.1571       0.0000    0.0000            0
1989 07 17 26.7400 27.9800 27.8800      0.2394       0.0000    0.0000            0
1989 07 18 26.4900 27.8600 27.7900      0.1690       0.0000    0.0000            0
1989 07 19 26.5300 27.8200 27.7700      0.1600       0.0000    0.0000            0
1989 07 20 26.5900 27.6900 27.6500      0.0297       0.0000    0.0000            0
1989 07 21 26.5400 27.5600 27.5300     -0.0784       0.0000    0.0000            0
1989 07 22 26.5200 27.4400 27.4200     -0.1732       0.0000    0.0000            0
1989 07 23 26.4900 27.3800 27.3600     -0.2248       0.0000    0.0000            0
1989 07 24 25.9400 27.3000 27.2600     -0.3129       0.0000    0.0000            0
1989 07 25 25.9600 26.9700 26.9300     -0.6239       0.0000    0.0000            0
1989 07 26 25.8700 26.8600 26.8200     -1.1597       0.0000    0.0000            0
1989 07 27 26.0500 26.9200 26.7400     -1.1865       0.0000    0.0000            0
1989 07 28 26.1100 26.9400 26.7700     -1.1703       0.0000    0.0000            0
1989 07 29 26.3600 27.6200 27.2000     -0.3368       0.0000    0.0000            0
1989 07 30 26.4700 27.4600 27.1900     -0.4348       0.0000    0.0000            0
1989 07 31 26.5900 27.5300 27.4400     -0.2165       0.0000    0.0000            0
1989 08 01 27.1400 28.1400 28.0900      0.5219       0.0000    0.0000            0
1989 08 02 27.6200 28.4700 28.3500      0.8058       0.0000    0.0000            0
1989 08 03 27.6100 28.3600 28.2800      0.7000       0.0000    0.0000            0
1989 08 04 27.7900 28.4700 28.4200      0.8665       0.0000    0.0000            0
1989 08 05 27.2000 27.8800 27.7800      0.1758       0.0000    0.0000            0
1989 08 06 26.9100 27.7800 27.7100     -0.1823       0.0000    0.0000            0
1989 08 07 26.7700 27.9300 27.8500     -0.0413       0.0000    0.0000            0
1989 08 08 26.6200 28.0400 27.9400      0.0661       0.0000    0.0000            0
1989 08 09 26.3900 27.8100 27.6900     -0.1568       0.0000    0.0000            0
1989 08 10 26.6800 27.8500 27.6900     -0.1890       0.0000    0.0000            0
1989 08 11 27.0000 27.8400 27.6400     -0.2606       0.0000    0.0000            0
1989 08 12 26.9200 27.9600 27.7300      0.0306       0.0000    0.0000            0
1989 08 13 26.9700 28.0000 27.6700     -0.0203       0.0000    0.0000            0
1989 08 14 27.0900 28.0700 27.7800      0.1039       0.0000    0.0000            0
1989 08 15 27.0500 27.9500 27.6700      0.0200       0.0000    0.0000            0
1989 08 16 26.5500 27.5700 27.2600     -0.4013       0.0000    0.0000            0
1989 08 17 26.5200 27.5200 27.1800     -0.5213       0.0000    0.0000            0
1989 08 18 26.6400 27.8500 27.3300     -0.3548       0.0000    0.0000            0
1989 08 19 26.5500 27.8200 27.2800     -0.4587       0.0000    0.0000            0
1989 08 20 26.7400 27.9400 27.8200     -0.0442       0.0000    0.0000            0
1989 08 21 27.2500 28.2900 28.0900      0.3300       0.0000    0.0000            0
1989 08 22 27.2400 28.3700 28.1100      0.6223       0.0000    0.0000            0
1989 08 23 27.4600 28.5400 28.4600      0.6900       0.0000    0.0000            0
1989 08 24 27.3100 28.9300 28.6900      0.8958       0.0000    0.0000            0
1989 08 25 26.4600 28.0900 27.9700      0.1190       0.0000    0.0000            0
1989 08 26 26.1500 27.6300 27.5200     -0.3639       0.0000    0.0000            0
1989 08 27 26.0700 27.4800 27.3200     -0.6019       0.0000    0.0000            0
1989 08 28 26.4000 27.4900 27.3000     -0.5242       0.0000    0.0000            0
1989 08 29 26.6700 27.6500 27.4700     -0.4139       0.0000    0.0000            0
1989 08 30 26.9300 27.7700 27.6500     -0.2568       0.0000    0.0000            0
1989 08 31 26.9300 28.1600 27.8200     -0.0348       0.0000    0.0000            0
1989 09 01 26.9400 27.7600 27.6100     -0.2832       0.0000    0.0000            0
1989 09 02 26.8300 27.7800 27.5000     -0.3632       0.0000    0.0000            0
1989 09 03 26.7300 27.8300 27.5000     -0.3823       0.0000    0.0000            0
1989 09 04 26.8300 27.6200 27.5500     -0.3968       0.0000    0.0000            0
1989 09 05 27.7300 28.2100 28.1000      0.3423       0.0000    0.0000            0
1989 09 06 27.8800 28.4200 28.2600      0.4948       0.0000    0.0000            0
1989 09 07 27.8500 28.4400 28.2600      0.4710       0.0000    0.0000            0
1989 09 08 27.6500 28.2800 28.1800      0.2526       0.0000    0.0000            0
1989 09 09 27.8800 28.4400 28.3900      0.4458       0.0000    0.0000            0
1989 09 10 27.7300 28.2600 28.2400      0.2832       0.0000    0.0000            0
1989 09 11 27.2400 27.7600 27.7300     -0.2323       0.0000    0.0000            0
1989 09 12 27.1200 27.5500 27.5300     -0.4500       0.0000    0.0000            0
1989 09 13 27.2000 27.6500 27.6200     -0.3606       0.0000    0.0000            0
1989 09 14 27.3900 27.9000 27.8000      0.1581       0.0000    0.0000            0
1989 09 15 27.7400 28.3000 28.2700      0.2900       0.0000    0.0000            0
1989 09 16 27.9400 28.5100 28.4600      0.4780       0.0000    0.0000            0
1989 09 17 27.6600 28.2000 28.1500      0.1060       0.0000    0.0000            0
1989 09 18 27.4000 27.9600 27.8500     -0.1320       0.0000    0.0000            0
1989 09 19 27.2300 27.9000 27.7800     -0.2087       0.0000    0.0000            0
1989 09 20 27.1900 27.9400 27.8100     -0.1850       0.0000    0.0000            0
1989 09 21 27.0900 27.8400 27.7100     -0.3080       0.0000    0.0000            0
1989 09 22 26.8600 27.7600 27.6400     -0.3870       0.0000    0.0000            0
1989 09 23 26.7800 27.7800 27.6700     -0.4187       0.0000    0.0000            0
1989 09 24 26.9400 27.7700 27.7000     -0.3290       0.0000    0.0000            0
1989 09 25 27.1000 27.8800 27.8100     -0.2367       0.0000    0.0000            0
1989 09 26 27.1500 27.9100 27.8400     -0.2147       0.0000    0.0000            0
1989 09 27 27.2200 28.0500 27.9300     -0.1300       0.0000    0.0000            0
1989 09 28 27.0800 27.8900 27.5300     -0.6477       0.0000    0.0000            0
1989 09 29 27.3500 27.9900 27.8900     -0.2980       0.0000    0.0000            0
1989 09 30 27.2200 27.8900 27.7400     -0.3800       0.0000    0.0000            0
1989 10 01 27.0800 28.1200 27.9900     -0.1880       0.0000    0.0000            0
1989 10 02 27.3200 28.4100 28.1700     -0.0623       0.0000    0.0000            0
1989 10 03 27.4800 28.6200 28.2600      0.0340       0.0000    0.0000            0
1989 10 04 27.5100 28.6100 28.3200      0.0793       0.0000    0.0000            0
1989 10 05 27.3000 28.0700 27.9400     -0.2500       0.0000    0.0000            0
1989 10 06 27.3700 28.0900 28.0200     -0.1850       0.0000    0.0000            0
1989 10 07 27.6100 28.0200 27.9500     -0.2780       0.0000    0.0000            0
1989 10 08 27.6300 28.0000 27.9500     -0.3183       0.0000    0.0000            0
1989 10 09 26.8200 28.2100 27.7000     -0.6220       0.0000    0.0000            0
1989 10 10 26.7300 28.2200 27.1000     -1.0600       0.0000    0.0000            0
1989 10 11 26.8400 28.1900 27.2100     -1.0813       0.0000    0.0000            0
1989 10 12 27.0200 27.8700 27.5400     -0.7810       0.0000    0.0000            0
1989 10 13 27.2700 28.0400 27.8200     -0.5140       0.0000    0.0000            0
1989 10 14 27.5600 29.0000 28.3000     -0.0163       0.0000    0.0000            0
1989 10 15 27.6700 29.2500 28.4700      0.1300       0.0000    0.0000            0
1989 10 16 27.7200 29.2000 28.6400      0.3000       0.0000    0.0000            0
1989 10 17 27.8900 29.3500 28.9800      0.5565       0.0000    0.0000            0
1989 10 18 27.9600 29.1700 28.6600      0.3019       0.0000    0.0000            0
1989 10 19 27.9200 29.1800 28.6600      0.2852       0.0000    0.0000            0
1989 10 20 27.1900 28.7000 28.1000     -0.2903       0.0000    0.0000            0
1989 10 21 27.9200 28.7500 28.5300      0.0732       0.0000    0.0000            0
1989 10 22 28.2700 28.8700 28.7300      0.3181       0.0000    0.0000            0
1989 10 23 28.2100 28.6400 28.5500      0.1300       0.0000    0.0000            0
1989 10 24 27.5700 28.4500 28.3100     -0.0616       0.0000    0.0000            0
1989 10 25 27.4300 28.3700 28.2200     -0.1797       0.0000    0.0000            0
1989 10 26 27.9800 28.4700 28.3600     -0.0971       0.0000    0.0000            0
1989 10 27 27.4000 28.5800 28.2700     -0.1655       0.0000    0.0000            0
1989 10 28 27.7300 29.1500 28.7700      0.3232       0.0000    0.0000            0
1989 10 29 28.0500 29.3100 28.9800      0.5219       0.0000    0.0000            0
1989 10 30 28.3200 29.5500 29.2900      0.8358       0.0000    0.0000            0
1989 10 31 28.3000 29.5100 29.3000      0.8242       0.0000    0.0000            0
1989 11 01 28.0200 29.6100 29.2300      0.7426       0.0000    0.0000            0
1989 11 02 28.0700 29.6600 29.2200      0.7226       0.0000    0.0000            0
1989 11 03 27.9300 29.5700 29.2400      0.7316       0.0000    0.0000            0
1989 11 04 28.0500 29.4100 29.1600      0.6377       0.0000    0.0000            0
1989 11 05 28.2200 29.7700 29.6100      1.0865       0.0000    0.0000            0
1989 11 06 28.3700 29.7800 29.6300      1.0803       0.0000    0.0000            0
1989 11 07 28.6800 29.6000 29.4800      0.9503       0.0000    0.0000            0
1989 11 08 28.7700 29.4300 29.3400      0.7923       0.0000    0.0000            0
1989 11 09 28.7300 29.3700 29.2600      0.7665       0.0000    0.0000            0
1989 11 10 28.5100 29.3200 29.2000      0.6287       0.0000    0.0000            0
1989 11 11 28.2800 29.1600 29.0400      0.4471       0.0000    0.0000            0
1989 11 12 27.8600 28.9100 28.8000      0.2132       0.0000    0.0000            0
1989 11 13 28.0400 29.3000 29.1500      0.5555       0.0000    0.0000            0
1989 11 14 27.9400 29.3100 28.9600      0.3777       0.0000    0.0000            0
1989 11 15 28.1800 29.3500 28.9000      0.2800       0.0000    0.0000            0
1989 11 16 28.0800 29.1000 28.7600      0.1377       0.0000    0.0000            0
1989 11 17 28.8600 29.5900 29.3400      0.7060       0.0000    0.0000            0
1989 11 18 29.0100 29.5200 29.4000      0.8030       0.0000    0.0000            0
1989 11 19 28.9100 29.3700 29.3000      0.7107       0.0000    0.0000            0
1989 11 20 28.6700 29.2400 29.1900      0.6383       0.0000    0.0000            0
1989 11 21 28.8900 29.5600 29.4600      0.9300       0.0000    0.0000            0
1989 11 22 29.0800 29.7000 29.6600      1.0537       0.0000    0.0000            0
1989 11 23 28.8200 29.3700 29.2600      0.6713       0.0000    0.0000            0
1989 11 24 28.8500 29.5900 29.5700      0.9790       0.0000    0.0000            0
1989 11 25 28.7800 29.3600 29.3300      0.7633       0.0000    0.0000            0
1989 11 26 28.3400 28.7700 28.7400      0.1950       0.0000    0.0000            0
1989 11 27 28.4600 28.8700 28.8600      0.3160       0.0000    0.0000            0
1989 11 28 28.9300 29.3300 29.3300      0.7950       0.0000    0.0000            0
1989 11 29 29.2400 29.7800 29.7600      1.1907       0.0000    0.0000            0
1989 11 30 29.0900 29.8400 29.8400      1.3350       0.0000    0.0000            0
1989 12 01 28.9300 29.8400 29.7600      1.2380       0.0000    0.0000            0
1989 12 02 28.6400 29.7700 29.6200      1.0650       0.0000    0.0000            0
1989 12 03 28.3600 29.5700 29.5000      0.9780       0.0000    0.0000            0
1989 12 04 28.3300 29.1500 29.1400      0.6657       0.0000    0.0000            0
1989 12 05 28.4400 29.0500 28.9800      0.4800       0.0000    0.0000            0
1989 12 06 28.4300 28.9500 28.8800      0.3810       0.0000    0.0000            0
1989 12 07 28.5000 29.2500 29.2100      0.7200       0.0000    0.0000            0
1989 12 08 28.9100 29.4500 29.4200      0.9297       0.0000    0.0000            0
1989 12 09 28.7400 29.3000 29.2600      0.7720       0.0000    0.0000            0
1989 12 10 28.5300 29.1900 29.1500      0.6750       0.0000    0.0000            0
1989 12 11 28.4100 29.0900 29.0300      0.5413       0.0000    0.0000            0
1989 12 12 28.1900 29.0400 28.9700      0.4480       0.0000    0.0000            0
1989 12 13 28.2500 29.1500 29.0600      0.5500       0.0000    0.0000            0
1989 12 14 28.1500 28.8200 28.7900      0.2847       0.0000    0.0000            0
1989 12 15 27.8500 28.5300 28.4400     -0.0200       0.0000    0.0000            0
1989 12 16 27.6100 28.2700 28.1400     -0.3055       0.0000    0.0000            0
1989 12 17 27.8700 28.4600 28.3800     -0.0484       0.0000    0.0000            0
1989 12 18 27.4200 28.3800 28.0000     -0.4287       0.0000    0.0000            0
1989 12 19 27.3800 28.1800 27.8100     -0.5855       0.0000    0.0000            0
1989 12 20 27.5800 28.4200 28.0500     -0.3310       0.0000    0.0000            0
1989 12 21 27.2300 28.2500 28.1700     -0.1932       0.0000    0.0000            0
1989 12 22 27.6900 28.4300 28.1800     -0.1881       0.0000    0.0000            0
1989 12 23 27.9700 29.0200 28.7500      0.4190       0.0000    0.0000            0
1989 12 24 28.0100 28.9200 28.7200      0.4023       0.0000    0.0000            0
1989 12 25 27.9000 28.6400 28.5500      0.2287       0.0000    0.0000            0
1989 12 26 28.2300 28.8200 28.7800      0.4790       0.0000    0.0000            0
1989 12 27 28.0900 28.8500 28.7600      0.4858       0.0000    0.0000            0
1989 12 28 27.9100 28.5800 28.5400      0.2681       0.0000    0.0000            0
1989 12 29 28.2000 28.8000 28.6500      0.4135       0.0000    0.0000            0
1989 12 30 28.4200 29.3300 29.0500      0.7994       0.0000    0.0000            0
1989 12 31 28.2200 29.0400 28.8000      0.5606       0.0000    0.0000            0
1990 01 01 27.4800 28.1400 27.9900     -0.2184       0.0000    0.0000            0
1990 01 02 27.3900 28.2700 28.0600     -0.1190       0.0000    0.0000            0
1990 01 03 27.4400 28.3000 28.0700     -0.0906       0.0000    0.0000            0
1990 01 04 27.9000 28.8400 28.6800      0.5377       0.0000    0.0000            0
1990 01 05 27.7300 28.6300 28.5200      0.3326       0.0000    0.0000            0
1990 01 06 27.7300 28.8500 28.5300      0.3300       0.0000    0.0000            0
1990 01 07 27.8100 28.9100 28.5700      0.3726       0.0000    0.0000            0
1990 01 08 27.7700 28.6800 28.4900      0.3281       0.0000    0.0000            0
1990 01 09 27.6600 28.5500 28.3500      0.1900       0.0000    0.0000            0
1990 01 10 27.4700 28.5000 28.2300      0.0945       0.0000    0.0000            0
1990 01 11 27.3200 28.5000 28.1100     -0.0158       0.0000    0.0000            0
1990 01 12 27.3300 28.4200 28.1700      0.1606       0.0000    0.0000            0
1990 01 13 27.2800 28.4400 28.0400      0.0471       0.0000    0.0000            0
1990 01 14 27.5100 28.2400 28.0600     -0.0468       0.0000    0.0000            0
1990 01 15 27.3600 28.3500 28.0200     -0.0800       0.0000    0.0000            0
1990 01 16 27.3200 28.2000 27.9400     -0.1177       0.0000    0.0000            0
1990 01 17 26.9600 27.9300 27.5700     -0.4855       0.0000    0.0000            0
1990 01 18 26.9600 27.8300 27.6800     -0.3723       0.0000    0.0000            0
1990 01 19 27.3500 28.0400 27.6400     -0.3355       0.0000    0.0000            0
1990 01 20 27.5100 28.2600 27.8500     -0.2039       0.0000    0.0000            0
1990 01 21 27.7300 28.4000 28.1600      0.0129       0.0000    0.0000            0
1990 01 22 27.9800 28.4000 28.3500      0.2184       0.0000    0.0000            0
1990 01 23 28.2100 28.5500 28.4900      0.5445       0.0000    0.0000            0
1990 01 24 28.2500 28.6700 28.6200      0.6626       0.0000    0.0000            0
1990 01 25 28.0200 28.4800 28.4300      0.4671       0.0000    0.0000            0
1990 01 26 28.3300 28.8300 28.8100      0.8416       0.0000    0.0000            0
1990 01 27 27.6900 28.5500 28.5100      0.5252       0.0000    0.0000            0
1990 01 28 27.3800 27.9700 27.9300     -0.2287       0.0000    0.0000            0
1990 01 29 27.6300 28.3100 28.2000      0.0358       0.0000    0.0000            0
1990 01 30 27.9700 28.5600 28.4400      0.2481       0.0000    0.0000            0
1990 01 31 27.9700 28.5800 28.4500      0.3165       0.0000    0.0000            0
1990 02 01 28.0300 28.9800 28.9000      0.7387       0.0000    0.0000            0
1990 02 02 28.0100 29.1000 29.0300      0.8448       0.0000    0.0000            0
1990 02 03 28.0300 28.9500 28.8900      0.7306       0.0000    0.0000            0
1990 02 04 27.9000 28.6400 28.5900      0.4187       0.0000    0.0000            0
1990 02 05 28.0300 28.5900 28.4700      0.2684       0.0000    0.0000            0
1990 02 06 27.7200 28.5400 28.4000      0.2068       0.0000    0.0000            0
1990 02 07 28.2000 28.7700 28.6700      0.4687       0.0000    0.0000            0
1990 02 08 28.6700 29.4200 29.2600      1.1174       0.0000    0.0000            0
1990 02 09 28.4700 29.0700 29.0600      0.8787       0.0000    0.0000            0
1990 02 10 27.8800 28.7500 28.7100      0.5539       0.0000    0.0000            0
1990 02 11 27.8200 28.8200 28.7700      0.7055       0.0000    0.0000            0
1990 02 12 27.8000 28.9000 28.8500      0.8529       0.0000    0.0000            0
1990 02 13 27.9500 28.7600 28.6700      0.4348       0.0000    0.0000            0
1990 02 14 28.3400 28.8400 28.7900      0.4987       0.0000    0.0000            0
1990 02 15 28.5800 29.1400 29.0000      0.7600       0.0000    0.0000            0
1990 02 16 28.1700 29.0100 28.9700      0.8864       0.0000    0.0000            0
1990 02 17 28.2500 29.0600 28.9300      0.8800       0.0000    0.0000            0
1990 02 18 28.6200 29.2200 29.1400      0.8029       0.0000    0.0000            0
1990 02 19 28.7000 29.2700 29.1800      0.8043       0.0000    0.0000            0
1990 02 20 28.7600 29.3300 29.3000      0.8796       0.0000    0.0000            0
1990 02 21 28.3700 28.9500 28.9400      0.5300       0.0000    0.0000            0
1990 02 22 27.9900 28.9300 28.6500      0.1825       0.0000    0.0000            0
1990 02 23 27.6300 28.4700 28.1800     -0.1871       0.0000    0.0000            0
1990 02 24 27.6600 28.5100 28.1800     -0.1893       0.0000    0.0000            0
1990 02 25 27.5500 28.3800 28.0800     -0.3607       0.0000    0.0000            0
1990 02 26 27.3400 28.4300 28.0700     -0.4729       0.0000    0.0000            0
1990 02 27 27.9400 28.6300 28.5600      0.0371       0.0000    0.0000            0
1990 02 28 28.3200 29.1000 29.0900      0.6311       0.0000    0.0000            0
1990 03 01 28.5000 29.3900 29.3400      0.9500       0.0000    0.0000            0
1990 03 02 28.9200 29.5400 29.4900      1.0450       0.0000    0.0000            0
1990 03 03 28.5200 29.1500 29.0000      0.2971       0.0000    0.0000            0
1990 03 04 27.7400 28.9200 28.5200     -0.2254       0.0000    0.0000            0
1990 03 05 27.4100 28.8800 28.1800     -0.5621       0.0000    0.0000            0
1990 03 06 27.4700 28.9400 28.3000     -0.4989       0.0000    0.0000            0
1990 03 07 27.9400 29.2500 28.8500      0.0314       0.0000    0.0000            0
1990 03 08 28.3300 29.6000 29.1600      0.3125       0.0000    0.0000            0
1990 03 09 28.2800 29.5900 29.1900      0.3186       0.0000    0.0000            0
1990 03 10 28.4700 29.4600 29.1700      0.2639       0.0000    0.0000            0
1990 03 11 28.6600 29.5700 29.2600      0.3300       0.0000    0.0000            0
1990 03 12 28.8300 29.6500 29.1700      0.2671       0.0000    0.0000            0
1990 03 13 28.5800 29.2300 29.1900      0.1700       0.0000    0.0000            0
1990 03 14 28.3400 29.1600 29.1500      0.3457       0.0000    0.0000            0
1990 03 15 28.4600 29.2800 29.2600      0.4100       0.0000    0.0000            0
1990 03 16 28.3900 29.0500 28.9600     -0.0316       0.0000    0.0000            0
1990 03 17 28.3500 29.1300 29.0300     -0.0177       0.0000    0.0000            0
1990 03 18 28.6800 29.3900 29.2800      0.1335       0.0000    0.0000            0
1990 03 19 28.5400 29.3400 29.1900      0.0268       0.0000    0.0000            0
1990 03 20 28.2300 29.3600 29.0100     -0.1445       0.0000    0.0000            0
1990 03 21 28.3400 29.2400 29.1200     -0.0513       0.0000    0.0000            0
1990 03 22 28.2500 29.0400 28.9600     -0.2984       0.0000    0.0000            0
1990 03 23 28.0100 28.8600 28.7400     -0.5487       0.0000    0.0000            0
1990 03 24 27.6000 28.9400 28.6500     -0.5748       0.0000    0.0000            0
1990 03 25 27.9600 28.9300 28.6600     -0.6784       0.0000    0.0000            0
1990 03 26 27.8300 28.9600 28.5900     -0.4377       0.0000    0.0000            0
1990 03 27 27.8100 29.1300 28.9800     -0.3881       0.0000    0.0000            0
1990 03 28 28.7000 29.7300 29.4800      0.0687       0.0000    0.0000            0
1990 03 29 28.8600 30.1500 29.9200      0.5713       0.0000    0.0000            0
1990 03 30 28.7100 30.0600 29.8100      0.4419       0.0000    0.0000            0
1990 03 31 28.4200 29.8900 29.6700      0.2532       0.0000    0.0000            0
1990 04 01 28.1800 29.9900 29.3400     -0.0903       0.0000    0.0000            0
1990 04 02 28.3800 30.3100 29.3900     -0.0639       0.0000    0.0000            0
1990 04 03 28.4100 30.4700 29.4200     -0.0474       0.0000    0.0000            0
1990 04 04 28.5200 30.2600 29.7000      0.3448       0.0000    0.0000            0
1990 04 05 28.4300 30.0100 29.4600      0.1094       0.0000    0.0000            0
1990 04 06 28.7000 30.1200 29.6900      0.2832       0.0000    0.0000            0
1990 04 07 29.4200 30.2500 30.0900      0.7081       0.1100    0.0000            1
1990 04 08 28.9500 30.0000 29.7800      0.2116       0.0000    0.0000            1
1990 04 09 28.9200 29.9900 29.8600      0.1490       0.0000    0.0000            1
1990 04 10 28.0900 29.7100 29.5400     -0.1942       0.0000    0.0000            1
1990 04 11 28.2500 29.5900 29.4400     -0.3181       0.0000    0.0000            1
1990 04 12 28.4800 29.7000 29.5100      0.0848       0.0000    0.0000            1
1990 04 13 28.5600 29.6900 29.5300     -0.2790       0.0000    0.0000            1
1990 04 14 29.3100 29.9000 29.7100      0.1423       0.0000    0.0000            0
1990 04 15 29.0200 29.4000 29.3300     -0.2500       0.0000    0.0000            0
1990 04 16 28.9300 29.3500 29.2800     -0.5860       0.0000    0.0000            0
1990 04 17 28.6500 29.8300 29.4800     -0.2233       0.0000    0.0000            0
1990 04 18 28.6800 29.9900 29.7100     -0.0050       0.0000    0.0000            0
1990 04 19 28.4600 29.6600 29.4800     -0.2467       0.0000    0.0000            0
1990 04 20 28.7000 29.5600 29.4600     -0.4317       0.0000    0.0000            0
1990 04 21 28.5000 29.2600 29.2000     -0.5680       0.0000    0.0000            0
1990 04 22 28.7000 29.6500 29.3400     -0.3027       0.0000    0.0000            0
1990 04 23 29.1000 29.4800 29.4200     -0.2847       0.0000    0.0000            0
1990 04 24 29.0800 29.5000 29.4600     -0.4540       0.0000    0.0000            0
1990 04 25 29.5700 29.9100 29.8900      0.1433       0.0000    0.0000            0
1990 04 26 29.5500 30.1400 29.8900      0.0853       0.0000    0.0000            0
1990 04 27 29.3100 30.1900 29.9000      0.0800       0.0000    0.0000            0
1990 04 28 29.2100 30.2300 29.9500      0.1183       0.0000    0.0000            0
1990 04 29 29.1500 30.3400 30.0400      0.1967       0.0100    0.0000            1
1990 04 30 28.6900 29.8200 29.5800     -0.2700       0.0000    0.0000            1
1990 05 01 29.0400 30.1200 30.0000      0.0440       0.0000    0.0000            1
1990 05 02 29.1500 30.5300 30.3100      0.3423       0.2600    0.0000            1
1990 05 03 29.2200 30.1600 29.9900      0.0160       0.0000    0.0000            1
1990 05 04 29.1700 30.0300 29.8900     -0.0893       0.0000    0.0000            1
1990 05 05 29.1000 29.9300 29.7100     -0.0833       0.0000    0.0000            1
1990 05 06 29.1200 29.9800 29.6600     -0.1480       0.0000    0.0000            1
1990 05 07 28.8800 29.5300 29.4200     -0.4407       0.0000    0.0000            1
1990 05 08 28.7200 29.4200 29.2700     -0.5997       0.0000    0.0000            1
1990 05 09 28.7600 29.5200 29.4000     -0.4960       0.0000    0.0000            0
1990 05 10 29.0400 29.6400 29.5500     -0.3633       0.0000    0.0000            0
1990 05 11 28.4700 29.6200 29.4500     -0.5747       0.0000    0.0000            0
1990 05 12 28.2000 29.4700 29.3100     -0.6610       0.0000    0.0000            0
1990 05 13 28.7300 29.8600 29.6600     -0.3007       0.0000    0.0000            0
1990 05 14 28.2300 29.2000 29.0900     -0.9227       0.0000    0.0000            0
1990 05 15 28.1600 29.8500 29.6900     -0.3000       0.0000    0.0000            0
1990 05 16 28.4600 30.1300 29.9500     -0.0100       0.0000    0.0000            0
1990 05 17 28.9500 30.6400 30.4100      0.4913       0.4100    0.0000            1
1990 05 18 29.2000 29.9900 29.8900      0.0171       0.0000    0.0000            1
1990 05 19 29.2500 29.9600 29.7900     -0.0265       0.0000    0.0000            1
1990 05 20 29.2300 29.9200 29.7500     -0.0490       0.0000    0.0000            1
1990 05 21 29.1100 29.8900 29.7300     -0.0348       0.0000    0.0000            1
1990 05 22 28.9900 29.6000 29.5200     -0.2084       0.0000    0.0000            1
1990 05 23 28.8900 29.3200 29.2800     -0.3948       0.0000    0.0000            1
1990 05 24 28.4900 29.1800 29.0500     -0.5419       0.0000    0.0000            0
1990 05 25 28.5000 29.2600 29.0900     -0.4555       0.0000    0.0000            0
1990 05 26 28.5000 29.3800 29.1800     -0.4068       0.0000    0.0000            0
1990 05 27 28.6600 29.4300 29.2400     -0.3119       0.0000    0.0000            0
1990 05 28 28.6100 29.1400 28.9900     -0.4503       0.0000    0.0000            0
1990 05 29 28.3700 29.0400 28.8800     -0.5352       0.0000    0.0000            0
1990 05 30 28.5400 29.1000 29.0200     -0.4103       0.0000    0.0000            0
1990 05 31 28.6200 29.3100 28.9100     -0.4268       0.0000    0.0000            0
1990 06 01 28.5000 29.2700 28.9000     -0.4310       0.0000    0.0000            0
1990 06 02 28.4500 29.5100 28.9300     -0.4248       0.0000    0.0000            0
1990 06 03 28.2300 29.8800 28.8200     -0.4813       0.0000    0.0000            0
1990 06 04 28.1800 29.4400 28.7000     -0.5139       0.0000    0.0000            0
1990 06 05 28.2900 29.1700 28.9400     -0.2161       0.0000    0.0000            0
1990 06 06 28.1400 29.2600 28.9600     -0.1713       0.0000    0.0000            0
1990 06 07 27.9700 29.3500 28.9900     -0.1023       0.0000    0.0000            0
1990 06 08 27.9200 29.2300 28.9100     -0.1455       0.0000    0.0000            0
1990 06 09 28.7900 29.5900 29.5300      0.4839       0.0000    0.0000            0
1990 06 10 28.8200 29.6700 29.5900      0.5477       0.0000    0.0000            0
1990 06 11 28.8100 29.6600 29.5900      0.5990       0.0000    0.0000            0
1990 06 12 28.8700 29.7900 29.7300      0.7687       0.0000    0.0000            0
1990 06 13 28.5200 29.2400 29.1300      0.2794       0.0000    0.0000            0
1990 06 14 28.4200 29.2800 29.0400      0.2103       0.0000    0.0000            0
1990 06 15 28.4700 29.1800 29.0100      0.2300       0.0000    0.0000            0
1990 06 16 28.4900 29.3200 29.0800      0.3380       0.0000    0.0000            0
1990 06 17 28.2700 29.2900 28.9300      0.1407       0.0000    0.0000            0
1990 06 18 28.4000 29.2100 28.9400      0.2270       0.0000    0.0000            0
1990 06 19 28.3100 28.9500 28.8400      0.2393       0.0000    0.0000            0
1990 06 20 28.4200 29.0400 28.9100      0.3533       0.0000    0.0000            0
1990 06 21 28.2500 28.8700 28.8000      0.1380       0.0000    0.0000            0
1990 06 22 28.5200 29.0800 28.9100      0.2897       0.0000    0.0000            0
1990 06 23 28.5200 29.1900 29.0800      0.4953       0.0000    0.0000            0
1990 06 24 28.5400 29.3400 29.2700      0.7010       0.0000    0.0000            0
1990 06 25 28.4000 29.1200 29.0500      0.5133       0.0000    0.0000            0
1990 06 26 28.2600 28.9800 28.8300      0.3613       0.0000    0.0000            0
1990 06 27 28.1400 28.9600 28.8200      0.3700       0.0000    0.0000            0
1990 06 28 28.0900 29.0400 28.8700      0.4767       0.0000    0.0000            0
1990 06 29 27.8900 28.9200 28.6500      0.4207       0.0000    0.0000            0
1990 06 30 27.5800 28.6500 28.4500      0.0250       0.0000    0.0000            0
1990 07 01 27.4300 28.5900 28.4400      0.1053       0.0000    0.0000            0
1990 07 02 27.2600 28.5000 28.2500     -0.0360       0.0000    0.0000            0
1990 07 03 27.4300 28.6300 28.3200      0.0660       0.0000    0.0000            0
1990 07 04 27.5300 28.5800 28.2600      0.0407       0.0000    0.0000            0
1990 07 05 27.5600 28.5500 28.2300      0.0400       0.0000    0.0000            0
1990 07 06 27.4700 28.4400 28.1600      0.0350       0.0000    0.0000            0
1990 07 07 27.2800 28.3100 28.0600     -0.0473       0.0000    0.0000            0
1990 07 08 27.1200 28.0600 27.9400     -0.2697       0.0000    0.0000            0
1990 07 09 26.9800 27.9500 27.8000     -0.3740       0.0000    0.0000            0
1990 07 10 26.8800 28.0700 27.7600     -0.2433       0.0000    0.0000            0
1990 07 11 26.7400 28.1000 27.7400     -0.2087       0.0000    0.0000            0
1990 07 12 26.5900 28.0300 27.6800     -0.2350       0.0000    0.0000            0
1990 07 13 26.6900 28.0200 27.7300     -0.1693       0.0000    0.0000            0
1990 07 14 26.7100 27.8100 27.5500     -0.3143       0.0000    0.0000            0
1990 07 15 26.7600 27.9200 27.5900     -0.2200       0.0000    0.0000            0
1990 07 16 27.0200 27.9800 27.7800     -0.1039       0.0000    0.0000            0
1990 07 17 27.0500 27.8300 27.7500     -0.1058       0.0000    0.0000            0
1990 07 18 26.8100 27.8300 27.6400     -0.1706       0.0000    0.0000            0
1990 07 19 26.7000 28.1200 27.8800      0.2613       0.0000    0.0000            0
1990 07 20 26.7100 28.2100 27.9600      0.3584       0.0000    0.0000            0
1990 07 21 26.6000 27.7900 27.7400     -0.2710       0.0000    0.0000            0
1990 07 22 26.6300 27.8800 27.7600     -0.1484       0.0000    0.0000            0
1990 07 23 26.6100 28.1800 27.6800      0.1100       0.0000    0.0000            0
1990 07 24 27.1100 28.1400 27.9100      0.0223       0.0000    0.0000            0
1990 07 25 27.0400 27.9300 27.7600      0.1203       0.0000    0.0000            0
1990 07 26 26.9600 27.8500 27.8200     -0.1561       0.0000    0.0000            0
1990 07 27 27.1500 28.0000 27.9400     -0.0358       0.0000    0.0000            0
1990 07 28 27.1700 28.0600 27.9700      0.0213       0.0000    0.0000            0
1990 07 29 27.2300 28.2200 27.9800      0.0903       0.0000    0.0000            0
1990 07 30 27.2400 28.1900 27.9900      0.0519       0.0000    0.0000            0
1990 07 31 27.1500 28.1500 27.9500      0.0626       0.0000    0.0000            0
1990 08 01 26.9600 27.9900 27.5700     -0.0584       0.0000    0.0000            0
1990 08 02 26.9700 28.0600 27.7700     -0.0713       0.0000    0.0000            0
1990 08 03 26.9800 28.0700 27.6900      0.0977       0.0000    0.0000            0
1990 08 04 26.8600 27.5000 27.4100     -0.0565       0.0000    0.0000            0
1990 08 05 26.8000 27.4900 27.4200     -0.0332       0.0000    0.0000            0
1990 08 06 26.8400 27.6000 27.4900      0.0729       0.0000    0.0000            0
1990 08 07 26.7700 27.8800 27.5900     -0.0839       0.0000    0.0000            0
1990 08 08 26.8500 27.9600 27.7300      0.0026       0.0000    0.0000            0
1990 08 09 26.7300 27.9300 27.7100      0.0371       0.0000    0.0000            0
1990 08 10 26.8400 27.9000 27.8100     -0.0510       0.0000    0.0000            0
1990 08 11 26.9000 27.9400 27.8300     -0.0058       0.0000    0.0000            0
1990 08 12 26.9700 27.8200 27.7000      0.0235       0.0000    0.0000            0
1990 08 13 27.0200 27.7700 27.6900     -0.1616       0.0000    0.0000            0
1990 08 14 26.9900 28.0000 27.7400     -0.0258       0.0000    0.0000            0
1990 08 15 26.8200 27.9500 27.6600     -0.1100       0.0000    0.0000            0
1990 08 16 26.8700 27.9900 27.4900     -0.1619       0.0000    0.0000            0
1990 08 17 26.8500 28.0800 27.5300      0.0629       0.0000    0.0000            0
1990 08 18 26.3900 27.6900 27.2100     -0.2506       0.0000    0.0000            0
1990 08 19 26.6000 27.9300 27.5800      0.0858       0.0000    0.0000            0
1990 08 20 26.5100 27.9800 27.5500      0.0423       0.0000    0.0000            0
1990 08 21 26.3900 27.9100 27.4200     -0.1452       0.0000    0.0000            0
1990 08 22 26.2100 27.9200 27.2200     -0.5555       0.0000    0.0000            0
1990 08 23 26.5900 27.8500 27.5200     -0.2055       0.0000    0.0000            0
1990 08 24 26.9900 28.1200 27.7700      0.1397       0.0000    0.0000            0
1990 08 25 27.1900 28.1300 27.8000      0.2013       0.0000    0.0000            0
1990 08 26 27.0400 28.0200 27.5900     -0.0461       0.0000    0.0000            0
1990 08 27 26.8200 27.9000 27.4100     -0.1926       0.0000    0.0000            0
1990 08 28 26.7900 28.0100 27.5600     -0.0561       0.0000    0.0000            0
1990 08 29 26.7600 28.2100 27.7100      0.0458       0.0000    0.0000            0
1990 08 30 27.2400 28.2000 28.0900      0.4171       0.0000    0.0000            0
1990 08 31 27.4800 28.3500 28.2000      0.3787       0.0000    0.0000            0
1990 09 01 27.6900 28.6000 28.4900      0.8497       0.0000    0.0000            0
1990 09 02 27.7000 28.7900 28.6300      0.8987       0.0000    0.0000            0
1990 09 03 27.4100 28.4500 28.3000      0.6229       0.0000    0.0000            0
1990 09 04 27.4100 28.4400 28.2800      0.5890       0.0000    0.0000            0
1990 09 05 27.1800 28.2400 28.1300      0.4006       0.0000    0.0000            0
1990 09 06 27.1200 28.1600 28.0600      0.2877       0.0000    0.0000            0
1990 09 07 26.8400 28.0800 27.9600      0.1610       0.0000    0.0000            0
1990 09 08 26.9600 28.0900 27.9700      0.0535       0.0000    0.0000            0
1990 09 09 27.2800 27.9000 27.7900      0.0126       0.0000    0.0000            0
1990 09 10 27.1800 27.5700 27.5000     -0.4403       0.0000    0.0000            0
1990 09 11 26.9300 27.4400 27.3700     -0.6294       0.0000    0.0000            0
1990 09 12 27.0500 27.6300 27.5600     -0.4355       0.0000    0.0000            0
1990 09 13 27.2500 27.8700 27.8600     -0.1213       0.0000    0.0000            0
1990 09 14 27.2300 27.7800 27.7500     -0.2542       0.0000    0.0000            0
1990 09 15 27.4700 27.9300 27.8900     -0.0100       0.0000    0.0000            0
1990 09 16 27.9800 28.9600 28.8100      0.8500       0.0000    0.0000            0
1990 09 17 27.7700 28.7200 28.6200      0.6173       0.0000    0.0000            0
1990 09 18 27.4700 28.5100 28.3900      0.3780       0.0000    0.0000            0
1990 09 19 27.2700 28.2300 28.1500      0.1260       0.0000    0.0000            0
1990 09 20 27.4200 28.5700 28.5000      0.4967       0.0000    0.0000            0
1990 09 21 27.5400 28.7600 28.6800      0.6920       0.0000    0.0000            0
1990 09 22 27.3300 28.6100 28.5100      0.4830       0.0000    0.0000            0
1990 09 23 27.3100 28.4900 28.4100      0.3907       0.0000    0.0000            0
1990 09 24 27.4300 28.6600 28.5100      0.4750       0.0000    0.0000            0
1990 09 25 27.7100 28.8600 28.5700      0.5233       0.0000    0.0000            0
1990 09 26 28.4500 29.1200 29.0700      0.9097       0.0000    0.0000            0
1990 09 27 28.4100 29.0100 28.9300      0.7640       0.0000    0.0000            0
1990 09 28 28.4800 29.0300 28.9600      0.7723       0.0000    0.0000            0
1990 09 29 28.5000 28.9700 28.9200      0.7233       0.0000    0.0000            0
1990 09 30 28.3000 28.7700 28.6700      0.4700       0.0000    0.0000            0
1990 10 01 28.3600 28.8300 28.7500      0.5267       0.0000    0.0000            0
1990 10 02 28.4400 28.8500 28.7400      0.6507       0.0000    0.0000            0
1990 10 03 28.3700 28.7200 28.6600      0.5200       0.0000    0.0000            0
1990 10 04 28.0300 28.6100 28.6100      0.3440       0.0000    0.0000            0
1990 10 05 28.1900 29.0300 28.9300      0.6667       0.0000    0.0000            0
1990 10 06 28.2300 29.1300 29.1000      0.8310       0.0000    0.0000            0
1990 10 07 28.3100 29.2500 29.1300      0.8220       0.0000    0.0000            0
1990 10 08 28.2600 29.2100 29.0700      0.7557       0.0000    0.0000            0
1990 10 09 28.0800 28.9700 28.8500      0.5660       0.0000    0.0000            0
1990 10 10 27.5800 29.3300 28.9700      0.6433       0.0000    0.0000            0
1990 10 11 27.6700 29.0100 28.7600      0.4293       0.0000    0.0000            0
1990 10 12 27.6200 29.2000 29.0400      0.6620       0.0000    0.0000            0
1990 10 13 28.5300 30.1400 30.0100      1.8080       0.0700    0.0000            1
1990 10 14 28.4700 29.7800 29.7300      1.4240       0.0000    0.0000            1
1990 10 15 28.3600 29.3700 29.3200      1.0000       0.0000    0.0000            1
1990 10 16 28.1800 29.1900 29.1000      0.7887       0.0000    0.0000            1
1990 10 17 28.0700 28.9600 28.8200      0.4887       0.0000    0.0000            1
1990 10 18 27.9500 28.8000 28.7600      0.4352       0.0000    0.0000            1
1990 10 19 27.9700 28.9600 28.8400      0.5135       0.0000    0.0000            1
1990 10 20 28.2800 29.4700 29.2800      0.9032       0.0000    0.0000            0
1990 10 21 28.2900 29.2000 29.0700      0.6800       0.0000    0.0000            0
1990 10 22 28.3300 29.1400 28.9800      0.5700       0.0000    0.0000            0
1990 10 23 27.8900 28.4800 28.4000     -0.0023       0.0000    0.0000            0
1990 10 24 27.9400 28.4600 28.3100     -0.1071       0.0000    0.0000            0
1990 10 25 28.0500 28.5800 28.4700      0.0432       0.0000    0.0000            0
1990 10 26 27.6500 28.3600 28.3100     -0.1352       0.0000    0.0000            0
1990 10 27 27.5800 28.3400 28.3100     -0.1629       0.0000    0.0000            0
1990 10 28 27.8700 29.3300 28.5700      0.0719       0.0000    0.0000            0
1990 10 29 28.0300 29.5800 28.7700      0.2652       0.0000    0.0000            0
1990 10 30 28.0700 29.5700 28.8500      0.3381       0.0000    0.0000            0
1990 10 31 28.1900 29.4000 28.8400      0.3213       0.0000    0.0000            0
1990 11 01 28.3900 29.3800 28.8600      0.3755       0.0000    0.0000            0
1990 11 02 28.4300 29.3000 28.7400      0.3735       0.0000    0.0000            0
1990 11 03 28.3800 28.9800 28.8800      0.3374       0.0000    0.0000            0
1990 11 04 28.1900 28.9000 28.7900      0.2423       0.0000    0.0000            0
1990 11 05 28.1600 28.6900 28.5500      0.0010       0.0000    0.0000            0
1990 11 06 27.9800 28.5200 28.3800     -0.1803       0.0000    0.0000            0
1990 11 07 28.1600 28.7300 28.5700     -0.0055       0.0000    0.0000            0
1990 11 08 28.2700 28.9100 28.7600      0.1965       0.0000    0.0000            0
1990 11 09 28.3900 28.9800 28.8300      0.3423       0.0000    0.0000            0
1990 11 10 28.4900 29.0500 28.9400      0.4287       0.0000    0.0000            0
1990 11 11 28.3300 28.8200 28.8000      0.2935       0.0000    0.0000            0
1990 11 12 28.0400 28.6100 28.5300     -0.0706       0.0000    0.0000            0
1990 11 13 27.8800 28.3100 28.2500     -0.3477       0.0000    0.0000            0
1990 11 14 27.9000 28.4000 28.3500     -0.2665       0.0000    0.0000            0
1990 11 15 28.3300 28.7900 28.7000      0.0300       0.0000    0.0000            0
1990 11 16 28.4600 29.0900 29.0100      0.3673       0.0000    0.0000            0
1990 11 17 28.5100 29.5900 29.4000      0.7533       0.0000    0.0000            0
1990 11 18 28.3200 29.2900 29.1000      0.5130       0.0000    0.0000            0
1990 11 19 28.4500 28.9800 28.8400      0.2320       0.0000    0.0000            0
1990 11 20 28.6800 29.1000 29.0100      0.4900       0.0000    0.0000            0
1990 11 21 28.8100 29.1700 29.0500      0.5280       0.0000    0.0000            0
1990 11 22 28.9200 29.3400 29.2300      0.6977       0.0000    0.0000            0
1990 11 23 28.8900 29.5400 29.4500      0.9173       0.0000    0.0000            0
1990 11 24 29.0100 29.6300 29.4500      0.9280       0.0000    0.0000            0
1990 11 25 28.7300 29.3900 29.2200      0.6967       0.0000    0.0000            0
1990 11 26 28.7800 29.3400 29.2400      0.7380       0.0000    0.0000            0
1990 11 27 28.7200 29.1800 29.1300      0.6460       0.0000    0.0000            0
1990 11 28 29.0300 29.6000 29.5300      0.9610       0.0000    0.0000            0
1990 11 29 28.5700 29.3000 29.2600      0.6860       0.0000    0.0000            0
1990 11 30 28.4300 29.1400 29.0800      0.5400       0.0000    0.0000            0
1990 12 01 28.2700 29.0000 28.9400      0.3767       0.0000    0.0000            0
1990 12 02 28.1800 29.0000 28.9500      0.3880       0.0000    0.0000            0
1990 12 03 28.4500 29.4100 29.3400      0.7920       0.0000    0.0000            0
1990 12 04 28.4500 29.5200 29.4600      0.9013       0.0000    0.0000            0
1990 12 05 28.6500 29.5200 29.4200      0.8900       0.0000    0.0000            0
1990 12 06 28.7800 29.6100 29.5600      1.0070       0.0000    0.0000            0
1990 12 07 28.7500 29.9700 29.9200      1.3780       0.0000    0.0000            0
1990 12 08 28.8100 30.0100 29.9600      1.4173       0.0000    0.0000            0
1990 12 09 28.6600 29.3500 29.2600      0.7760       0.0000    0.0000            0
1990 12 10 28.4600 29.0900 29.0000      0.6517       0.0000    0.0000            0
1990 12 11 28.4200 29.0000 28.9200      0.4213       0.0000    0.0000            0
1990 12 12 28.6000 29.2000 29.0900      0.6050       0.0000    0.0000            0
1990 12 13 28.3200 29.2900 29.2200      0.7007       0.0000    0.0000            0
1990 12 14 27.6200 29.2300 29.1400      0.6257       0.0000    0.0000            0
1990 12 15 27.7900 28.7000 28.5900      0.1100       0.0000    0.0000            0
1990 12 16 27.7100 28.7900 28.7400      0.2484       0.0000    0.0000            0
1990 12 17 27.8400 28.7400 28.6800      0.2055       0.0000    0.0000            0
1990 12 18 27.6100 28.5400 28.5000      0.0442       0.0000    0.0000            0
1990 12 19 27.9500 28.6700 28.6400      0.2023       0.0000    0.0000            0
1990 12 20 28.3800 29.0600 29.0000      0.5839       0.0000    0.0000            0
1990 12 21 28.5500 29.1400 29.0800      0.6826       0.0000    0.0000            0
1990 12 22 28.5200 29.2000 29.1700      0.7842       0.0000    0.0000            0
1990 12 23 28.4500 29.1500 29.0400      0.6974       0.0000    0.0000            0
1990 12 24 28.2700 28.9600 28.8900      0.5974       0.0000    0.0000            0
1990 12 25 27.5800 28.3500 28.2900     -0.0294       0.0000    0.0000            0
1990 12 26 27.2300 28.0900 28.0400     -0.2577       0.0000    0.0000            0
1990 12 27 27.4100 27.9500 27.8700     -0.3897       0.0000    0.0000            0
1990 12 28 27.7500 28.3900 28.3000      0.0361       0.0000    0.0000            0
1990 12 29 28.2100 28.8000 28.7200      0.4606       0.0000    0.0000            0
1990 12 30 28.1400 28.6800 28.6300      0.4035       0.0000    0.0000            0
1990 12 31 28.2600 28.7800 28.7500      0.5326       0.0000    0.0000            0
1991 01 01 28.0600 28.7100 28.6800      0.4832       0.0000    0.0000            0
1991 01 02 27.8600 28.4000 28.3600      0.1581       0.0000    0.0000            0
1991 01 03 27.8300 28.3400 28.3000      0.1265       0.0000    0.0000            0
1991 01 04 27.7500 28.6500 28.2000      0.0316       0.0000    0.0000            0
1991 01 05 27.1300 28.4800 27.7900     -0.3829       0.0000    0.0000            0
1991 01 06 27.1700 28.5500 27.9600     -0.2400       0.0000    0.0000            0
1991 01 07 27.0100 28.3500 27.5900     -0.5403       0.0000    0.0000            0
1991 01 08 27.0900 28.3700 27.8100     -0.3168       0.0000    0.0000            0
1991 01 09 26.6100 27.6800 27.1700     -0.9458       0.0000    0.0000            0
1991 01 10 26.2000 27.4700 27.0100     -1.1316       0.0000    0.0000            0
1991 01 11 26.6200 27.2800 27.1000     -0.9668       0.0000    0.0000            0
1991 01 12 26.6500 27.7100 27.6400     -0.4429       0.0000    0.0000            0
1991 01 13 27.2100 28.2300 27.8900     -0.1819       0.0000    0.0000            0
1991 01 14 27.5900 28.4900 28.0500     -0.0110       0.0000    0.0000            0
1991 01 15 27.6400 28.3600 28.3100      0.2100       0.0000    0.0000            0
1991 01 16 28.2700 28.9500 28.8600      0.7552       0.0000    0.0000            0
1991 01 17 28.3500 29.0200 28.8900      0.7977       0.0000    0.0000            0
1991 01 18 28.2400 29.2400 28.8900      0.7916       0.0000    0.0000            0
1991 01 19 28.2500 29.6600 29.1600      1.0655       0.0000    0.0000            0
1991 01 20 28.3200 29.6000 29.1700      1.0574       0.0000    0.0000            0
1991 01 21 28.5300 29.1700 28.9500      0.8332       0.0000    0.0000            0
1991 01 22 28.1200 28.6000 28.5300      0.3939       0.0000    0.0000            0
1991 01 23 27.8400 28.3300 28.2600      0.1213       0.0000    0.0000            0
1991 01 24 27.8900 28.3800 28.3200      0.1665       0.0000    0.0000            0
1991 01 25 28.0000 29.1000 28.5600      0.4116       0.0000    0.0000            0
1991 01 26 27.9600 29.1000 28.6100      0.4748       0.0000    0.0000            0
1991 01 27 27.9100 29.1300 28.6600      0.5110       0.0000    0.0000            0
1991 01 28 27.7300 29.1000 28.6600      0.5135       0.0000    0.0000            0
1991 01 29 27.3900 28.4400 27.9000     -0.2523       0.0000    0.0000            0
1991 01 30 27.6600 28.0100 27.9600     -0.2126       0.0000    0.0000            0
1991 01 31 28.1100 28.5200 28.4800      0.2981       0.0000    0.0000            0
1991 02 01 28.1100 28.4700 28.4400      0.2594       0.0000    0.0000            0
1991 02 02 28.0300 28.4900 28.4400      0.2523       0.0000    0.0000            0
1991 02 03 28.0400 28.4400 28.4100      0.2281       0.0000    0.0000            0
1991 02 04 28.2000 28.6900 28.6900      0.5097       0.0000    0.0000            0
1991 02 05 28.2000 28.8300 28.7600      0.6445       0.0000    0.0000            0
1991 02 06 27.6000 28.7800 28.7600      0.5606       0.0000    0.0000            0
1991 02 07 27.4800 28.3400 28.0400      0.0726       0.0000    0.0000            0
1991 02 08 27.8700 28.4600 28.3500      0.1384       0.0000    0.0000            0
1991 02 09 28.2000 28.5500 28.4900      0.2590       0.0000    0.0000            0
1991 02 10 28.0800 28.5300 28.5000      0.3306       0.0000    0.0000            0
1991 02 11 27.8000 28.3800 28.3400      0.1358       0.0000    0.0000            0
1991 02 12 27.6600 28.4200 28.3300      0.0835       0.0000    0.0000            0
1991 02 13 27.5300 28.2400 28.1700     -0.0810       0.0000    0.0000            0
1991 02 14 27.1900 27.9100 27.8300     -0.4155       0.0000    0.0000            0
1991 02 15 27.1700 27.7000 27.6800     -0.5700       0.0000    0.0000            0
1991 02 16 27.2500 28.4300 28.3900      0.0732       0.0000    0.0000            0
1991 02 17 26.9500 28.3000 27.7900     -0.5536       0.0000    0.0000            0
1991 02 18 27.3000 28.1700 27.9500     -0.4304       0.0000    0.0000            0
1991 02 19 27.4300 28.3200 27.9600     -0.4371       0.0000    0.0000            0
1991 02 20 27.6500 28.3600 28.3200     -0.1039       0.0000    0.0000            0
1991 02 21 27.7200 28.7900 28.7000      0.2493       0.0000    0.0000            0
1991 02 22 27.5800 28.9700 28.8300      0.3525       0.0000    0.0000            0
1991 02 23 27.4200 29.1000 28.9300      0.4257       0.0000    0.0000            0
1991 02 24 27.6300 29.0400 28.8800      0.3489       0.0000    0.0000            0
1991 02 25 27.4100 28.4700 28.3000     -0.2371       0.0000    0.0000            0
1991 02 26 27.3000 28.4300 28.2100     -0.3846       0.0000    0.0000            0
1991 02 27 27.0800 28.3700 28.1200     -0.5057       0.0000    0.0000            0
1991 02 28 27.1700 28.4200 28.2800     -0.3600       0.0000    0.0000            0
1991 03 01 27.5100 28.6500 28.4600     -0.2150       0.0000    0.0000            0
1991 03 02 27.6100 28.5400 28.4100     -0.2900       0.0000    0.0000            0
1991 03 03 28.1300 28.8300 28.7800      0.1157       0.0000    0.0000            0
1991 03 04 28.4700 29.6500 29.4700      0.8054       0.0000    0.0000            0
1991 03 05 28.8600 29.8700 29.6700      1.0186       0.0000    0.0000            0
1991 03 06 28.4600 29.3700 29.3000      0.4868       0.0000    0.0000            0
1991 03 07 28.4500 29.2900 29.2200      0.3943       0.0000    0.0000            0
1991 03 08 28.6200 29.3400 29.3100      0.4575       0.0000    0.0000            0
1991 03 09 28.2900 29.1300 29.0200      0.1279       0.0000    0.0000            0
1991 03 10 28.0700 29.2400 29.0200      0.1239       0.0000    0.0000            0
1991 03 11 28.1200 29.2800 28.9800      0.0757       0.0000    0.0000            0
1991 03 12 28.2600 29.5500 29.2200      0.2993       0.0000    0.0000            0
1991 03 13 28.3400 29.7200 29.2100      0.2536       0.0000    0.0000            0
1991 03 14 27.7100 29.4700 28.9200     -0.0732       0.0000    0.0000            0
1991 03 15 28.2500 29.3800 29.2400      0.1700       0.0000    0.0000            0
1991 03 16 27.9900 29.6400 29.0200     -0.0335       0.0000    0.0000            0
1991 03 17 27.7900 29.3200 28.6700     -0.4071       0.0000    0.0000            0
1991 03 18 28.3100 29.5700 29.2100      0.1184       0.0000    0.0000            0
1991 03 19 29.0200 30.0200 29.9100      0.7368       0.0000    0.0000            0
1991 03 20 28.9700 30.0700 29.9200      0.7310       0.0000    0.0000            0
1991 03 21 28.8600 30.1200 29.8500      0.6352       0.0000    0.0000            0
1991 03 22 28.6400 29.9800 29.3400      0.1529       0.0000    0.0000            0
1991 03 23 28.2300 29.6500 29.0000     -0.2432       0.0000    0.0000            0
1991 03 24 28.1000 28.6300 28.6200     -0.6219       0.0000    0.0000            0
1991 03 25 28.3400 29.1800 29.1000     -0.2384       0.0000    0.0000            0
1991 03 26 28.4600 29.4800 29.2900      0.0116       0.0000    0.0000            0
1991 03 27 28.7600 29.8000 29.6000      0.2181       0.0000    0.0000            0
1991 03 28 29.1900 30.1300 29.8300      0.5248       0.0000    0.0000            0
1991 03 29 29.6200 30.9400 30.8100      1.4603       0.8400    0.0000            1
1991 03 30 29.5300 30.8200 30.6400      1.5306       0.7100    0.0000            1
1991 03 31 29.6100 31.4100 31.2400      1.8332       1.2400    0.1771            2
1991 04 01 29.3300 30.8400 30.6200      1.1806       0.6300    0.1771            2
1991 04 02 29.3600 31.0100 30.6400      1.1819       0.6400    0.1771            2
1991 04 03 29.2000 30.4900 30.4000      0.8381       0.3500    0.1771            2
1991 04 04 28.9900 30.3800 30.1700      0.6755       0.1800    0.1771            2
1991 04 05 29.1500 30.4400 30.2800      0.6681       0.2600    0.1771            2
1991 04 06 29.3800 30.3700 30.3000      0.6635       0.2700    0.1771            2
1991 04 07 29.7300 30.5500 30.4300      0.8806       0.4400    0.1771            1
1991 04 08 29.7800 30.5000 30.3100      0.7148       0.3000    0.1771            1
1991 04 09 29.7100 30.3600 30.3000      0.6832       0.2900    0.1771            1
1991 04 10 29.1200 30.0400 29.7100      0.2129       0.0000    0.1771            1
1991 04 11 28.5800 29.7100 29.5000     -0.1584       0.0000    0.1771            1
1991 04 12 28.5600 29.9000 29.5900     -0.0713       0.0000    0.1771            1
1991 04 13 28.4500 29.8800 29.6700     -0.0423       0.0000    0.1771            1
1991 04 14 28.2600 30.0600 29.7400      0.0035       0.0000    0.1771            1
1991 04 15 28.1200 29.8500 29.5200     -0.2400       0.0000    0.1771            1
1991 04 16 28.4200 29.6700 29.5300     -0.2387       0.0000    0.1771            0
1991 04 17 28.4900 29.6700 29.4900     -0.2653       0.0000    0.1771            0
1991 04 18 28.6500 29.6700 29.5500     -0.3280       0.0000    0.1771            0
1991 04 19 28.4600 29.8400 29.3400     -0.4533       0.0000    0.1771            0
1991 04 20 28.3800 29.7800 29.2700     -0.4617       0.0000    0.1771            0
1991 04 21 28.2800 29.6200 29.2000     -0.6120       0.0000    0.1771            0
1991 04 22 28.4400 29.6600 29.4700     -0.3483       0.0000    0.1771            0
1991 04 23 28.3200 29.8400 29.4200     -0.4040       0.0000    0.1771            0
1991 04 24 28.7700 30.1900 29.7400     -0.0680       0.0000    0.1771            0
1991 04 25 29.2300 30.4600 29.9900      0.1733       0.0000    0.1771            0
1991 04 26 29.1900 30.3400 29.9600      0.1083       0.0000    0.1771            0
1991 04 27 28.7600 30.5800 30.2300      0.4080       0.2100    0.1771            1
1991 04 28 29.3900 30.4700 30.2900      0.3550       0.2700    0.1771            1
1991 04 29 29.4900 30.0800 29.8500     -0.0893       0.0000    0.1771            1
1991 04 30 30.0100 30.5600 30.4000      0.5450       0.4000    0.1771            1
1991 05 01 30.3100 30.8100 30.6500      0.7627       0.6600    0.1771            1
1991 05 02 30.5100 30.9900 30.8500      0.9740       0.8700    0.1771            1
1991 05 03 30.6900 31.2900 31.1400      1.2460       1.1500    0.3414            2
1991 05 04 30.4500 31.1000 30.9200      1.0227       0.9200    0.3414            2
1991 05 05 30.2600 30.8000 30.6800      0.7000       0.6400    0.3414            2
1991 05 06 30.1800 30.7300 30.6200      0.6270       0.5700    0.3414            2
1991 05 07 30.0700 30.8200 30.7700      0.7733       0.7200    0.3414            2
1991 05 08 30.1900 30.8900 30.8500      0.8467       0.8000    0.3414            2
1991 05 09 30.0500 30.7500 30.6700      0.7180       0.6700    0.3414            2
1991 05 10 30.1200 30.6400 30.5500      0.5900       0.5500    0.3414            1
1991 05 11 30.0000 30.6600 30.5400      0.5240       0.5000    0.3414            1
1991 05 12 30.2600 31.1300 30.7200      0.7440       0.7200    0.3414            1
1991 05 13 30.4400 31.3800 31.0000      1.0260       1.0100    0.4857            2
1991 05 14 30.5700 31.5000 31.3500      1.3160       1.3100    0.6729            2
1991 05 15 30.3600 31.3200 31.1800      1.1300       1.1300    0.8343            2
1991 05 16 30.2400 31.1800 30.8800      0.9545       0.9200    0.8343            2
1991 05 17 30.2600 31.2700 30.7800      0.8581       0.7800    0.8343            2
1991 05 18 30.3500 31.0400 30.8300      0.9684       0.8600    0.8343            2
1991 05 19 30.5100 31.0900 31.0200      1.1732       1.0300    0.9814            2
1991 05 20 30.6000 31.1600 31.1500      1.3135       1.1200    1.1414            2
1991 05 21 31.0300 31.9700 31.8400      2.0665       1.8400    1.4043            2
1991 05 22 30.7300 31.5900 31.4800      1.7445       1.4600    1.6129            2
1991 05 23 30.6800 31.6200 31.4500      1.7742       1.4800    1.8243            2
1991 05 24 30.5900 31.5100 31.3700      1.7239       1.3900    2.0229            2
1991 05 25 30.4200 31.2700 31.1600      1.5432       1.1400    2.1857            2
1991 05 26 30.7000 31.5800 31.4000      1.8439       1.4500    2.3929            2
1991 05 27 30.5000 31.3400 31.1900      1.6481       1.2300    2.5686            2
1991 05 28 30.6500 31.3300 31.2100      1.7281       1.2500    2.7471            2
1991 05 29 30.7500 31.3100 31.2100      1.7648       1.2500    2.9257            2
1991 05 30 30.8200 31.3300 31.2500      1.8265       1.2700    3.1071            2
1991 05 31 30.5900 31.2100 31.1700      1.7594       1.1400    3.2700            2
1991 06 01 30.3900 30.9900 30.9700      1.5906       0.9600    3.2700            2
1991 06 02 30.2300 30.8200 30.8100      1.4661       0.8100    3.2700            2
1991 06 03 30.1700 30.6500 30.6400      1.3471       0.6300    3.2700            2
1991 06 04 29.9900 30.5200 30.4700      1.2361       0.5200    3.2700            2
1991 06 05 29.7900 30.5000 30.4300      1.2423       0.4700    3.2700            2
1991 06 06 29.4500 30.4800 30.3200      1.2103       0.3800    3.2700            2
1991 06 07 29.1900 30.4100 30.2300      1.1332       0.2800    3.2700            1
1991 06 08 28.9300 29.9900 29.7400      0.6910       0.0000    3.2700            1
1991 06 09 28.7800 29.7100 29.4700      0.4661       0.0000    3.2700            1
1991 06 10 28.5500 29.5000 29.3000      0.3216       0.0000    3.2700            1
1991 06 11 28.4400 29.3200 29.1900      0.2648       0.0000    3.2700            1
1991 06 12 28.5200 29.5700 29.3100      0.4471       0.0000    3.2700            1
1991 06 13 28.4200 29.7500 29.3300      0.4565       0.0000    3.2700            1
1991 06 14 28.4700 29.8400 29.4100      0.5716       0.0000    3.2700            0
1991 06 15 28.4200 29.7500 29.3700      0.6200       0.0000    3.2700            0
1991 06 16 28.0900 29.4300 29.1500      0.4573       0.0000    3.2700            0
1991 06 17 27.9300 29.3500 29.0800      0.3973       0.0000    3.2700            0
1991 06 18 28.2500 29.5100 29.1600      0.5160       0.0000    3.2700            0
1991 06 19 28.5200 29.6000 29.3300      0.7360       0.0000    3.2700            0
1991 06 20 28.4500 29.4800 29.2600      0.6950       0.0000    3.2700            0
1991 06 21 28.5000 29.7100 29.3400      0.8200       0.0000    3.2700            0
1991 06 22 28.2300 29.5100 29.2800      0.7347       0.0000    3.2700            0
1991 06 23 28.1200 29.5500 29.3200      0.7680       0.0000    3.0929            0
1991 06 24 28.3100 29.7500 29.5100      1.0680       0.0000    3.0929            0
1991 06 25 28.1500 29.5200 29.2800      0.8833       0.0000    3.0929            0
1991 06 26 28.1000 29.3400 29.1500      0.7183       0.0000    3.0929            0
1991 06 27 28.1200 29.2000 29.0000      0.6820       0.0000    3.0929            0
1991 06 28 28.2400 29.1500 29.0100      0.5950       0.0000    3.0929            0
1991 06 29 28.2300 29.1600 28.9300      0.5987       0.0000    3.0929            0
1991 06 30 28.2200 29.0400 28.8400      0.4800       0.0000    3.0929            0
1991 07 01 28.0800 28.8800 28.6600      0.4060       0.0000    3.0929            0
1991 07 02 27.8400 28.6900 28.6200      0.4420       0.0000    3.0929            0
1991 07 03 28.0000 28.8100 28.7600      0.6240       0.0000    3.0929            0
1991 07 04 28.0100 28.8500 28.8100      0.4913       0.0000    3.0929            0
1991 07 05 27.9700 28.9800 28.8100      0.5767       0.0000    3.0929            0
1991 07 06 27.8800 28.7800 28.7600      0.7190       0.0000    3.0929            0
1991 07 07 27.8600 28.8400 28.7600      0.7053       0.0000    3.0929            0
1991 07 08 27.8500 28.9800 28.8400      0.8303       0.0000    3.0929            0
1991 07 09 27.5500 28.7000 28.5700      0.5880       0.0000    3.0929            0
1991 07 10 27.3700 28.5400 28.4400      0.5183       0.0000    3.0929            0
1991 07 11 27.3100 28.4700 28.3200      0.3133       0.0000    3.0929            0
1991 07 12 27.1700 28.3300 28.1200      0.2700       0.0000    3.0929            0
1991 07 13 27.3700 28.2500 28.0800      0.2380       0.0000    3.0929            0
1991 07 14 27.3400 28.1700 28.0500      0.2443       0.0000    3.0929            0
1991 07 15 27.3700 28.1400 28.0500      0.2800       0.0000    3.0929            0
1991 07 16 27.3400 28.0700 27.9900     -0.0035       0.0000    3.0929            0
1991 07 17 27.4600 28.2900 28.0100      0.1916       0.0000    3.0929            0
1991 07 18 27.3000 28.1900 27.8900      0.0465       0.0000    3.0929            0
1991 07 19 26.7500 27.8400 27.5400     -0.2955       0.0000    3.0929            0
1991 07 20 26.7600 28.1200 27.5900     -0.2110       0.0000    3.0929            0
1991 07 21 26.8400 28.1400 27.6500     -0.1252       0.0000    3.0929            0
1991 07 22 26.9800 28.3400 27.7300     -0.0516       0.0000    3.0929            0
1991 07 23 27.0700 28.3300 27.7400     -0.0461       0.0000    3.0929            0
1991 07 24 27.0200 28.3100 27.7400     -0.0206       0.0000    3.0929            0
1991 07 25 27.1900 28.4600 27.8800      0.1048       0.0000    3.0929            0
1991 07 26 27.3100 28.3700 27.8700      0.1203       0.0000    2.9286            0
1991 07 27 27.4800 28.3500 28.0400      0.2297       0.0000    2.9286            0
1991 07 28 27.4100 28.2400 27.9800      0.4716       0.0000    2.9286            0
1991 07 29 27.4400 28.3300 28.0400      0.5555       0.0000    2.9286            0
1991 07 30 27.4600 28.3700 28.1400      0.5545       0.0000    2.9286            0
1991 07 31 27.4300 28.3800 28.2000      0.2529       0.0000    2.9286            0
1991 08 01 27.2100 28.3600 28.1100      0.2142       0.0000    2.9286            0
1991 08 02 27.0700 28.5700 28.0800      0.4710       0.0000    2.9286            0
1991 08 03 27.0500 28.5700 27.9000      0.2748       0.0000    2.9286            0
1991 08 04 27.0200 28.5100 27.9300      0.1861       0.0000    2.9286            0
1991 08 05 26.9000 28.2600 27.7500     -0.0181       0.0000    2.7843            0
1991 08 06 26.8200 28.2400 27.7000     -0.0623       0.0000    2.5971            0
1991 08 07 26.8300 28.6600 27.8800      0.1687       0.0000    2.4357            0
1991 08 08 27.4000 28.6700 28.3800      0.6971       0.0000    2.4357            0
1991 08 09 27.5200 28.5200 28.4600      0.7652       0.0000    2.4357            0
1991 08 10 27.6000 28.5200 28.4300      0.8781       0.0000    2.4357            0
1991 08 11 27.5900 28.3700 28.2900      0.6168       0.0000    2.2886            0
1991 08 12 27.6100 28.3000 28.2100      0.5535       0.0000    2.1286            0
1991 08 13 27.5400 28.2000 28.1200      0.4890       0.0000    1.8657            0
1991 08 14 27.5600 28.4300 28.3300      0.6742       0.0000    1.6571            0
1991 08 15 27.4600 28.3900 28.2700      0.6200       0.0000    1.4457            0
1991 08 16 27.3100 28.2500 28.1300      0.5068       0.0000    1.2471            0
1991 08 17 27.3100 28.0300 27.9600      0.3061       0.0000    1.0843            0
1991 08 18 27.1700 27.9300 27.8700      0.1942       0.0000    0.8771            0
1991 08 19 27.1700 28.1000 28.0000      0.4571       0.0000    0.7014            0
1991 08 20 27.0500 27.9700 27.8800      0.0729       0.0000    0.5229            0
1991 08 21 27.0500 27.9900 27.8000      0.0642       0.0000    0.3443            0
1991 08 22 26.8400 28.0200 27.6100     -0.1577       0.0000    0.1629            0
1991 08 23 26.8800 28.0400 27.9400      0.0535       0.0000    0.0000            0
1991 08 24 26.7900 28.0700 27.9900      0.0835       0.0000    0.0000            0
1991 08 25 26.7000 27.9800 27.9100     -0.0016       0.0000    0.0000            0
1991 08 26 26.6500 28.4000 28.2300      0.3197       0.0000    0.0000            0
1991 08 27 25.9700 28.3300 27.7100     -0.1039       0.0000    0.0000            0
1991 08 28 25.6100 28.1800 27.3100     -0.5084       0.0000    0.0000            0
1991 08 29 26.5300 27.3500 27.2800     -0.6423       0.0000    0.0000            0
1991 08 30 27.3500 27.9800 27.9400      0.1255       0.0000    0.0000            0
1991 08 31 27.7800 28.2800 28.2300      0.3897       0.0000    0.0000            0
1991 09 01 27.7900 28.3900 28.3000      0.3487       0.0000    0.0000            0
1991 09 02 27.6700 28.2100 28.1500      0.2097       0.0000    0.0000            0
1991 09 03 27.6800 28.2200 28.1300      0.4316       0.0000    0.0000            0
1991 09 04 27.2700 27.9000 27.7100     -0.2226       0.0000    0.0000            0
1991 09 05 27.2600 28.0000 27.6700     -0.0526       0.0000    0.0000            0
1991 09 06 27.3300 28.1300 28.0100      0.1045       0.0000    0.0000            0
1991 09 07 27.5500 28.1200 28.0900      0.2948       0.0000    0.0000            0
1991 09 08 27.3700 27.9900 27.9700      0.0400       0.0000    0.0000            0
1991 09 09 27.4000 28.0600 27.9300      0.0135       0.0000    0.0000            0
1991 09 10 27.7300 28.6500 28.4900      0.5190       0.0000    0.0000            0
1991 09 11 28.0100 28.8000 28.6500      0.6745       0.0000    0.0000            0
1991 09 12 27.8000 28.6600 28.5600      0.5765       0.0000    0.0000            0
1991 09 13 27.6400 28.2500 28.1600      0.1800       0.0000    0.0000            0
1991 09 14 27.5200 28.0500 27.9700     -0.0187       0.0000    0.0000            0
1991 09 15 27.4600 28.0100 27.9700      0.0500       0.0000    0.0000            0
1991 09 16 26.8100 28.0600 28.0100     -0.0017       0.0000    0.0000            0
1991 09 17 27.4300 28.7900 28.7200      0.6920       0.0000    0.0000            0
1991 09 18 27.1500 28.4000 28.2800      0.2300       0.0000    0.0000            0
1991 09 19 27.1600 28.3700 28.2300      0.1680       0.0000    0.0000            0
1991 09 20 27.2600 28.3300 28.1500      0.0733       0.0000    0.0000            0
1991 09 21 27.2800 28.2600 28.0900      0.0140       0.0000    0.0000            0
1991 09 22 27.6700 28.6500 28.5900      0.5437       0.0000    0.0000            0
1991 09 23 27.6400 28.7000 28.6000      0.5013       0.0000    0.0000            0
1991 09 24 27.8400 28.7500 28.6900      0.5690       0.0000    0.0000            0
1991 09 25 27.7800 28.6900 28.5900      0.4667       0.0000    0.0000            0
1991 09 26 27.6800 28.6700 28.5400      0.3870       0.0000    0.0000            0
1991 09 27 27.4900 28.6600 28.4100      0.3380       0.0000    0.0000            0
1991 09 28 27.5100 28.7500 28.2600      0.0997       0.0000    0.0000            0
1991 09 29 27.5600 28.5500 28.4600      0.2813       0.0000    0.0000            0
1991 09 30 27.6400 28.5500 28.4500      0.2600       0.0000    0.0000            0
1991 10 01 27.4200 28.6300 28.1000     -0.0327       0.0000    0.0000            0
1991 10 02 27.5500 28.6400 28.3100      0.1573       0.0000    0.0000            0
1991 10 03 27.6900 28.7000 28.6000      0.3780       0.0000    0.0000            0
1991 10 04 28.0000 28.6000 28.4400      0.2693       0.0000    0.0000            0
1991 10 05 27.8000 28.4000 28.0700     -0.1133       0.0000    0.0000            0
1991 10 06 27.9000 28.5500 28.2300     -0.0640       0.0000    0.0000            0
1991 10 07 27.7800 28.5100 28.1800     -0.1233       0.0000    0.0000            0
1991 10 08 27.7800 28.6400 28.1800     -0.0390       0.0000    0.0000            0
1991 10 09 27.7400 28.6200 28.2600     -0.0620       0.0000    0.0000            0
1991 10 10 27.6000 28.9800 28.2500     -0.0850       0.0000    0.0000            0
1991 10 11 27.3900 28.4400 28.0300     -0.2053       0.0000    0.0000            0
1991 10 12 27.2500 28.2800 27.9400     -0.2950       0.0000    0.0000            0
1991 10 13 27.5900 28.2400 28.0500     -0.1800       0.0000    0.0000            0
1991 10 14 27.7800 28.2900 28.2000     -0.1293       0.0000    0.0000            0
1991 10 15 27.8100 28.2800 28.2000     -0.1500       0.0000    0.0000            0
1991 10 16 27.9500 28.3900 28.3500     -0.0281       0.0000    0.0000            0
1991 10 17 27.8500 28.4700 28.3800      0.0545       0.0000    0.0000            0
1991 10 18 27.8900 28.4200 28.4100     -0.0284       0.0000    0.0000            0
1991 10 19 27.7900 28.3700 28.2800     -0.0510       0.0000    0.0000            0
1991 10 20 26.9000 28.2200 27.9300     -0.5071       0.0000    0.0000            0
1991 10 21 27.4500 28.6700 28.4600      0.0094       0.0000    0.0000            0
1991 10 22 27.9800 29.1100 28.7600      0.3026       0.0000    0.0000            0
1991 10 23 28.1000 29.0700 28.8400      0.4206       0.0000    0.0000            0
1991 10 24 28.1900 29.2500 28.9700      0.6245       0.0000    0.0000            0
1991 10 25 28.1500 29.1100 28.9100      0.4758       0.0000    0.0000            0
1991 10 26 28.3000 29.4000 29.0000      0.5155       0.0000    0.0000            0
1991 10 27 28.6700 29.6600 29.4300      0.9632       0.0000    0.0000            0
1991 10 28 28.3400 29.4700 29.0800      0.6294       0.0000    0.0000            0
1991 10 29 27.9000 29.1200 28.7200      0.2571       0.0000    0.0000            0
1991 10 30 28.2600 29.2100 28.8800      0.4039       0.0000    0.0000            0
1991 10 31 28.5900 29.3800 29.0700      0.6755       0.0000    0.0000            0
1991 11 01 28.5000 29.2100 28.8800      0.3555       0.0000    0.0000            0
1991 11 02 28.5400 29.1100 28.9600      0.5777       0.0000    0.0000            0
1991 11 03 28.8900 29.2000 29.1800      0.6345       0.0000    0.0000            0
1991 11 04 28.8100 29.3000 29.2100      0.7013       0.0000    0.0000            0
1991 11 05 28.5000 29.0000 28.8900      0.4790       0.0000    0.0000            0
1991 11 06 28.2800 29.0300 28.9700      0.4203       0.0000    0.0000            0
1991 11 07 28.0900 28.7000 28.6600      0.0942       0.0000    0.0000            0
1991 11 08 28.1000 28.8200 28.6700      0.0755       0.0000    0.0000            0
1991 11 09 28.1500 28.7300 28.6500      0.0865       0.0000    0.0000            0
1991 11 10 27.8800 28.6800 28.6100      0.0587       0.0000    0.0000            0
1991 11 11 27.7300 28.7100 28.6100      0.0423       0.0000    0.0000            0
1991 11 12 28.3800 29.2500 29.1300      0.5623       0.0000    0.0000            0
1991 11 13 28.2700 29.5900 29.1800      0.5474       0.0000    0.0000            0
1991 11 14 28.1200 29.4700 29.0800      0.4671       0.0000    0.0000            0
1991 11 15 28.3900 29.4600 29.0900      0.5500       0.0000    0.0000            0
1991 11 16 28.2100 29.5200 29.0400      0.5040       0.0000    0.0000            0
1991 11 17 28.2100 29.5000 29.1700      0.5460       0.0000    0.0000            0
1991 11 18 28.6100 29.6400 29.3200      0.7130       0.0000    0.0000            0
1991 11 19 28.6200 29.4100 29.1500      0.5607       0.0000    0.0000            0
1991 11 20 28.6100 29.3700 29.1100      0.5300       0.0000    0.0000            0
1991 11 21 28.8300 29.6500 29.1600      0.5860       0.0000    0.0000            0
1991 11 22 28.6200 30.1100 29.6100      1.0313       0.0000    0.0000            0
1991 11 23 28.5100 29.4900 29.3300      0.7487       0.0000    0.0000            0
1991 11 24 28.5600 29.2100 29.1200      0.5840       0.0000    0.0000            0
1991 11 25 28.4200 29.1700 28.9300      0.3767       0.0000    0.0000            0
1991 11 26 28.5600 29.3800 29.2500      0.7007       0.0000    0.0000            0
1991 11 27 27.9300 29.3300 28.6800      0.1420       0.0000    0.0000            0
1991 11 28 27.9100 29.4100 28.7600      0.2297       0.0000    0.0000            0
1991 11 29 27.9500 29.6700 28.8800      0.3347       0.0000    0.0000            0
1991 11 30 28.0400 28.5800 28.5400     -0.0350       0.0000    0.0000            0
1991 12 01 27.9700 28.3200 28.2900     -0.2753       0.0000    0.0000            0
1991 12 02 27.8200 28.1500 28.0900     -0.3820       0.0000    0.0000            0
1991 12 03 28.0900 28.5300 28.4000     -0.1020       0.0000    0.0000            0
1991 12 04 28.1400 28.6300 28.4800     -0.0143       0.0000    0.0000            0
1991 12 05 28.1300 28.7400 28.5100      0.0133       0.0000    0.0000            0
1991 12 06 28.3300 28.8900 28.6500      0.1740       0.0000    0.0000            0
1991 12 07 28.3200 28.8600 28.7300      0.2513       0.0000    0.0000            0
1991 12 08 28.2200 28.7500 28.6800      0.1603       0.0000    0.0000            0
1991 12 09 27.6000 28.3400 28.3200     -0.2200       0.0000    0.0000            0
1991 12 10 27.5500 28.3100 28.3000     -0.2267       0.0000    0.0000            0
1991 12 11 27.7000 28.5600 28.5500      0.0200       0.0000    0.0000            0
1991 12 12 27.7600 28.5400 28.5100     -0.0150       0.0000    0.0000            0
1991 12 13 27.8000 28.7300 28.6700      0.1500       0.0000    0.0000            0
1991 12 14 27.7400 28.9000 28.7600      0.2460       0.0000    0.0000            0
1991 12 15 27.6900 28.7500 28.6600      0.1500       0.0000    0.0000            0
1991 12 16 27.7600 28.5800 28.5100      0.0177       0.0000    0.0000            0
1991 12 17 27.7300 28.5800 28.5000      0.0248       0.0000    0.0000            0
1991 12 18 28.0800 28.6100 28.5900      0.1342       0.0000    0.0000            0
1991 12 19 27.8500 28.6100 28.5500      0.1110       0.0000    0.0000            0
1991 12 20 27.6300 28.6500 28.6000      0.2074       0.0000    0.0000            0
1991 12 21 27.5500 28.5400 28.5200      0.1164       0.0000    0.0000            0
1991 12 22 27.6500 28.7000 28.6600      0.3226       0.0000    0.0000            0
1991 12 23 27.4500 28.4400 28.3500      0.0110       0.0000    0.0000            0
1991 12 24 27.5300 28.4600 28.3800      0.0506       0.0000    0.0000            0
1991 12 25 27.2600 28.0800 28.0200     -0.2910       0.0000    0.0000            0
1991 12 26 27.3300 28.1500 28.1000     -0.2003       0.0000    0.0000            0
1991 12 27 27.3500 28.0900 28.0200     -0.2735       0.0000    0.0000            0
1991 12 28 27.5000 28.1000 27.9700     -0.3097       0.0000    0.0000            0
1991 12 29 27.2700 28.1200 27.9900     -0.2461       0.0000    0.0000            0
1991 12 30 27.2500 28.1300 28.0500     -0.1532       0.0000    0.0000            0
1991 12 31 27.1400 28.2400 28.1300     -0.0716       0.0000    0.0000            0
1992 01 01 26.8100 28.1100 28.0100     -0.1848       0.0000    0.0000            0
1992 01 02 26.9300 28.1500 28.0700     -0.1139       0.0000    0.0000            0
1992 01 03 27.0600 28.1100 27.9700     -0.2142       0.0000    0.0000            0
1992 01 04 27.9400 28.5500 28.4200      0.2258       0.0000    0.0000            0
1992 01 05 28.2300 28.9300 28.8900      0.7374       0.0000    0.0000            0
1992 01 06 28.1300 29.0300 28.9400      0.7868       0.0000    0.0000            0
1992 01 07 27.3800 28.6400 28.6100      0.4532       0.0000    0.0000            0
1992 01 08 27.1800 28.1900 28.1000     -0.0116       0.0000    0.0000            0
1992 01 09 26.9000 28.1900 28.1400      0.0606       0.0000    0.0000            0
1992 01 10 27.1400 28.3900 28.2700      0.1361       0.0000    0.0000            0
1992 01 11 26.3200 27.9800 27.5400     -0.5613       0.0000    0.0000            0
1992 01 12 26.4900 27.8400 27.5400     -0.5429       0.0000    0.0000            0
1992 01 13 27.2100 28.1300 28.0500     -0.0748       0.0000    0.0000            0
1992 01 14 27.3600 27.8600 27.8500     -0.2203       0.0000    0.0000            0
1992 01 15 27.5200 28.0300 27.9300     -0.0800       0.0000    0.0000            0
1992 01 16 27.7300 28.2000 28.2000      0.0952       0.0000    0.0000            0
1992 01 17 27.5000 28.2600 28.0200     -0.0542       0.0000    0.0000            0
1992 01 18 27.4100 28.3400 27.9500     -0.1413       0.0000    0.0000            0
1992 01 19 26.6700 27.7800 27.3200     -0.7845       0.0000    0.0000            0
1992 01 20 27.5600 28.7500 28.6800      0.7303       0.0000    0.0000            0
1992 01 21 27.1500 28.4800 28.3500      0.4103       0.0000    0.0000            0
1992 01 22 27.2000 28.4700 28.3100      0.3565       0.0000    0.0000            0
1992 01 23 27.1100 27.8200 27.6800     -0.3945       0.0000    0.0000            0
1992 01 24 27.3400 27.9900 27.9400     -0.2006       0.0000    0.0000            0
1992 01 25 27.3500 28.0600 27.9500     -0.1739       0.0000    0.0000            0
1992 01 26 27.5800 28.4200 28.2500      0.1413       0.0000    0.0000            0
1992 01 27 27.5300 28.5100 28.4300      0.3071       0.0000    0.0000            0
1992 01 28 27.4100 28.7500 28.2000      0.0919       0.0000    0.0000            0
1992 01 29 27.3500 28.0300 27.9200     -0.2084       0.0000    0.0000            0
1992 01 30 27.6200 28.1400 27.9200     -0.1077       0.0000    0.0000            0
1992 01 31 27.9500 28.5700 28.4100      0.3529       0.0000    0.0000            0
1992 02 01 27.9200 28.6800 28.6500      0.4887       0.0000    0.0000            0
1992 02 02 27.6900 28.5400 28.3800      0.2055       0.0000    0.0000            0
1992 02 03 27.4000 28.3900 28.1100     -0.1042       0.0000    0.0000            0
1992 02 04 27.9400 28.5300 28.4100      0.3174       0.0000    0.0000            0
1992 02 05 28.0700 28.5800 28.5700      0.4477       0.0000    0.0000            0
1992 02 06 28.0000 28.5800 28.5600      0.5090       0.0000    0.0000            0
1992 02 07 27.9100 28.4500 28.3600      0.2961       0.0000    0.0000            0
1992 02 08 28.1000 28.6800 28.6300      0.5881       0.0000    0.0000            0
1992 02 09 28.1200 28.6100 28.5400      0.4068       0.0000    0.0000            0
1992 02 10 27.8200 28.5100 28.3800      0.2474       0.0000    0.0000            0
1992 02 11 27.6500 28.4100 28.2800      0.1681       0.0000    0.0000            0
1992 02 12 27.3700 28.1600 28.0000     -0.1155       0.0000    0.0000            0
1992 02 13 27.6400 28.3700 28.2300      0.0716       0.0000    0.0000            0
1992 02 14 27.1800 28.1800 28.0200     -0.1252       0.0000    0.0000            0
1992 02 15 27.3900 28.1200 28.0800     -0.2100       0.0000    0.0000            0
1992 02 16 27.6500 28.2000 28.1900     -0.1255       0.0000    0.0000            0
1992 02 17 27.6700 28.4200 28.3100     -0.0110       0.0000    0.0000            0
1992 02 18 27.5800 28.2600 28.1700     -0.1876       0.0000    0.0000            0
1992 02 19 27.5300 28.2800 28.2200     -0.1634       0.0000    0.0000            0
1992 02 20 27.3400 27.9700 27.9500     -0.4593       0.0000    0.0000            0
1992 02 21 27.3400 27.9200 27.8800     -0.5731       0.0000    0.0000            0
1992 02 22 26.8000 27.7500 27.6700     -0.7903       0.0000    0.0000            0
1992 02 23 26.9900 27.8600 27.7900     -0.6862       0.0000    0.0000            0
1992 02 24 27.3800 28.0800 28.0400     -0.4828       0.0000    0.0000            0
1992 02 25 27.6500 28.3000 28.2100     -0.2983       0.0000    0.0000            0
1992 02 26 27.6100 28.2600 28.0900     -0.4293       0.0000    0.0000            0
1992 02 27 27.2700 28.1000 27.9600     -0.6276       0.0000    0.0000            0
1992 02 28 27.1600 28.3700 28.1800     -0.4507       0.0000    0.0000            0
1992 02 29 27.1700 28.3100 28.1900     -0.2924       0.0000    0.0000            0
1992 03 01 27.4800 28.5300 28.4000     -0.2779       0.0000    0.0000            0
1992 03 02 27.3200 28.4700 28.3000     -0.4034       0.0000    0.0000            0
1992 03 03 27.3800 28.4100 28.2900     -0.4397       0.0000    0.0000            0
1992 03 04 27.3700 28.2800 28.1900     -0.5552       0.0000    0.0000            0
1992 03 05 27.2000 28.0300 27.9700     -0.8203       0.0000    0.0000            0
1992 03 06 26.9400 27.7700 27.6800     -1.0497       0.0000    0.0000            0
1992 03 07 26.9200 27.8600 27.7900     -1.0483       0.0000    0.0000            0
1992 03 08 27.2500 28.4000 28.2800     -0.5872       0.0000    0.0000            0
1992 03 09 27.2400 28.4600 28.1200     -0.7348       0.0000    0.0000            0
1992 03 10 26.9600 28.2000 27.8400     -1.0590       0.0000    0.0000            0
1992 03 11 27.2700 28.0200 27.9800     -0.9841       0.0000    0.0000            0
1992 03 12 27.1600 28.0400 28.0000     -0.9831       0.0000    0.0000            0
1992 03 13 27.2100 28.3000 28.2100     -0.7203       0.0000    0.0000            0
1992 03 14 27.8800 28.9000 28.7700     -0.1655       0.0000    0.0000            0
1992 03 15 27.9800 29.1800 29.1000      0.1500       0.0000    0.0000            0
1992 03 16 27.8200 28.9800 28.8900     -0.1042       0.0000    0.0000            0
1992 03 17 27.6500 28.8700 28.8300     -0.3010       0.0000    0.0000            0
1992 03 18 27.6200 28.8100 28.6700     -0.3087       0.0000    0.0000            0
1992 03 19 27.8500 28.9300 28.8400     -0.3419       0.0000    0.0000            0
1992 03 20 27.8500 29.2000 28.9900     -0.1494       0.0000    0.0000            0
1992 03 21 28.0100 29.1200 28.8900     -0.2732       0.0000    0.0000            0
1992 03 22 28.0900 29.2400 28.9600     -0.1294       0.0000    0.0000            0
1992 03 23 28.6100 29.7200 29.4700      0.2516       0.0000    0.0000            0
1992 03 24 28.7600 29.7100 29.6100      0.3064       0.0000    0.0000            0
1992 03 25 28.7500 29.8900 29.7700      0.4519       0.0000    0.0000            0
1992 03 26 28.3900 29.8300 29.4900      0.4694       0.0000    0.0000            0
1992 03 27 28.3300 29.3200 29.2400     -0.1281       0.0000    0.0000            0
1992 03 28 28.3500 29.5600 29.4000      0.0581       0.0000    0.0000            0
1992 03 29 28.1400 29.4200 29.1300     -0.2297       0.0000    0.0000            0
1992 03 30 28.0100 29.1500 28.8600     -0.4877       0.0000    0.0000            0
1992 03 31 27.6800 29.0000 28.6900     -0.7168       0.0000    0.0000            0
1992 04 01 27.2900 28.4500 28.2100     -1.1813       0.0000    0.0000            0
1992 04 02 27.3300 28.3200 28.1300     -1.2913       0.0000    0.0000            0
1992 04 03 27.3100 28.3300 28.2300     -1.3119       0.0000    0.0000            0
1992 04 04 27.8600 28.7600 28.6900     -0.8932       0.0000    0.0000            0
1992 04 05 28.8900 29.5500 29.4100      0.0126       0.0000    0.0000            0
1992 04 06 28.9400 29.6000 29.5200      0.1174       0.0000    0.0000            0
1992 04 07 28.8100 29.4100 29.3200     -0.2065       0.0000    0.0000            0
1992 04 08 28.7600 29.5600 29.3400     -0.1806       0.0000    0.0000            0
1992 04 09 28.5000 29.5200 29.2300     -0.3148       0.0000    0.0000            0
1992 04 10 28.3200 29.2600 28.9800     -0.5806       0.0000    0.0000            0
1992 04 11 27.9300 29.1800 28.9500     -0.8106       0.0000    0.0000            0
1992 04 12 27.7500 29.3600 29.0900     -0.5184       0.0000    0.0000            0
1992 04 13 27.9500 29.0400 28.6100     -1.0716       0.0000    0.0000            0
1992 04 14 28.3300 29.9700 29.4500     -0.1961       0.0000    0.0000            0
1992 04 15 28.3900 30.1400 29.5600     -0.1500       0.0000    0.0000            0
1992 04 16 28.5200 29.9000 29.4700     -0.3073       0.0000    0.0000            0
1992 04 17 28.9100 30.0800 29.7600     -0.0247       0.0000    0.0000            0
1992 04 18 29.0900 30.0900 29.8300      0.0380       0.0000    0.0000            0
1992 04 19 29.2700 30.2800 30.1300      0.4033       0.1000    0.0000            1
1992 04 20 29.2400 30.1100 29.8600      0.1167       0.0000    0.0000            1
1992 04 21 28.9600 30.2100 29.7700     -0.0240       0.0000    0.0000            1
1992 04 22 28.6700 30.1300 29.5900     -0.1323       0.0000    0.0000            1
1992 04 23 28.4700 29.8500 29.2400     -0.5473       0.0000    0.0000            1
1992 04 24 28.6900 30.1500 29.8800      0.0720       0.0000    0.0000            1
1992 04 25 28.6200 29.9600 29.8900     -0.0300       0.0000    0.0000            1
1992 04 26 28.8800 30.3200 30.1200      0.1940       0.0800    0.0000            1
1992 04 27 29.0100 30.3400 30.2000      0.2680       0.1600    0.0000            1
1992 04 28 28.9900 30.2500 30.1200      0.1820       0.0800    0.0000            1
1992 04 29 29.1500 30.4500 30.3200      0.4427       0.3200    0.0000            1
1992 04 30 29.3600 30.5300 30.4700      0.5850       0.4600    0.0000            1
1992 05 01 29.6100 30.7500 30.6400      0.7467       0.6300    0.0000            1
1992 05 02 29.6500 30.7800 30.6400      0.7383       0.6300    0.0000            1
1992 05 03 29.3900 30.6400 30.4200      0.5260       0.4300    0.0000            1
1992 05 04 29.3200 30.6100 30.4800      0.5617       0.4700    0.0000            1
1992 05 05 29.0800 30.6900 30.4400      0.5300       0.4300    0.0000            1
1992 05 06 29.0500 30.8100 30.3400      0.4160       0.3500    0.0000            1
1992 05 07 29.0000 30.6700 30.2100      0.2593       0.1900    0.0000            1
1992 05 08 29.1200 31.0600 30.6700      0.7260       0.6700    0.0000            1
1992 05 09 29.1800 30.3800 30.1300      0.1840       0.1400    0.0000            1
1992 05 10 29.1900 30.3400 30.0000      0.0317       0.0000    0.0000            1
1992 05 11 29.3300 30.1700 29.9200     -0.0320       0.0000    0.0000            1
1992 05 12 29.5000 30.1500 30.0700      0.1350       0.1000    0.0000            1
1992 05 13 29.2400 30.1200 30.0700      0.0860       0.0700    0.0000            1
1992 05 14 29.3200 30.0600 29.9900     -0.0020       0.0000    0.0000            1
1992 05 15 29.3500 30.0600 30.0100      0.0100       0.0100    0.0000            1
1992 05 16 29.4600 30.2800 30.1800      0.2565       0.2200    0.0000            1
1992 05 17 29.3200 30.0300 29.8200     -0.0584       0.0000    0.0000            1
1992 05 18 29.4100 30.3400 30.1200      0.2110       0.0900    0.0000            1
1992 05 19 29.5700 30.6800 30.4200      0.6568       0.5200    0.0000            1
1992 05 20 29.6000 30.8400 30.7000      0.8923       0.7100    0.0000            1
1992 05 21 29.6900 30.9900 30.8900      1.1061       0.8700    0.0000            1
1992 05 22 29.8100 30.7200 30.6000      0.8523       0.5700    0.0000            1
1992 05 23 29.8800 30.8800 30.7100      1.0119       0.7100    0.0000            1
1992 05 24 29.7500 30.8100 30.6400      0.9768       0.6400    0.0000            1
1992 05 25 29.9600 30.7800 30.6100      1.0213       0.6600    0.0000            1
1992 05 26 30.2800 30.9600 30.8800      1.2935       0.8500    0.0000            1
1992 05 27 29.8600 30.6400 30.6200      1.0635       0.6300    0.0000            1
1992 05 28 29.9800 30.7400 30.6700      1.1729       0.7200    0.0000            1
1992 05 29 29.9400 30.7100 30.6600      1.1948       0.6800    0.0000            1
1992 05 30 29.8800 30.8200 30.7600      1.3081       0.8000    0.0000            1
1992 05 31 29.2500 30.4500 30.4200      1.0081       0.4300    0.0000            1
1992 06 01 29.2900 30.4900 30.4600      1.0887       0.4800    0.0000            1
1992 06 02 29.3100 30.5600 30.4700      1.1445       0.5000    0.0000            1
1992 06 03 29.3900 30.6300 30.4700      1.1719       0.5100    0.0000            1
1992 06 04 29.3300 30.3300 30.2400      0.9474       0.2700    0.0000            1
1992 06 05 29.2900 30.3400 30.2700      1.0113       0.3000    0.0000            1
1992 06 06 29.1400 30.4700 30.2500      1.0481       0.3100    0.0000            1
1992 06 07 28.9700 30.3900 30.1300      0.9465       0.1600    0.0000            1
1992 06 08 28.8400 30.6000 30.2700      1.1284       0.3000    0.0000            1
1992 06 09 28.5900 30.2200 29.9000      0.8029       0.0000    0.0000            1
1992 06 10 28.4400 29.9500 29.6900      0.6023       0.0000    0.0000            1
1992 06 11 28.4800 29.8300 29.5700      0.5632       0.0000    0.0000            1
1992 06 12 28.4500 29.7300 29.5300      0.5174       0.0000    0.0000            1
1992 06 13 28.3000 29.7100 29.4100      0.4229       0.0000    0.0000            1
1992 06 14 28.1500 29.5800 29.2500      0.3261       0.0000    0.0000            1
1992 06 15 28.2000 29.4700 29.0900      0.2400       0.0000    0.0000            0
1992 06 16 28.1100 29.3300 28.9300      0.1020       0.0000    0.0000            0
1992 06 17 28.0000 29.2100 28.8000      0.0553       0.0000    0.0000            0
1992 06 18 27.9500 29.1600 28.7300      0.0870       0.0000    0.0000            0
1992 06 19 27.8600 29.1400 28.6800      0.0760       0.0000    0.0000            0
1992 06 20 28.0700 29.2000 28.9400      0.2617       0.0000    0.0000            0
1992 06 21 27.8200 28.9300 28.5600     -0.1100       0.0000    0.0000            0
1992 06 22 27.9800 28.5900 28.4700     -0.1227       0.0000    0.0000            0
1992 06 23 28.0800 28.5500 28.4200     -0.1647       0.0000    0.0000            0
1992 06 24 28.0000 28.5300 28.3500     -0.1450       0.0000    0.0000            0
1992 06 25 28.1000 28.6600 28.5100      0.0733       0.0000    0.0000            0
1992 06 26 28.2400 28.6500 28.5900      0.1810       0.0000    0.0000            0
1992 06 27 27.8900 28.6000 28.4900      0.2300       0.0000    0.0000            0
1992 06 28 27.9500 28.6000 28.4100     -0.0037       0.0000    0.0000            0
1992 06 29 27.6800 28.4400 28.3500     -0.0473       0.0000    0.0000            0
1992 06 30 27.6100 28.1700 28.0700     -0.2950       0.0000    0.0000            0
1992 07 01 27.6700 28.1600 28.0700     -0.2247       0.0000    0.0000            0
1992 07 02 27.4400 27.9400 27.8700     -0.2773       0.0000    0.0000            0
1992 07 03 27.6000 28.1400 28.0300     -0.0600       0.0000    0.0000            0
1992 07 04 27.7400 28.5500 28.4100      0.3353       0.0000    0.0000            0
1992 07 05 27.8100 28.7300 28.5400      0.4967       0.0000    0.0000            0
1992 07 06 27.7500 28.5100 28.2800      0.3990       0.0000    0.0000            0
1992 07 07 27.7900 28.1700 28.0800      0.1360       0.0000    0.0000            0
1992 07 08 27.5100 28.1000 27.9900     -0.2097       0.0000    0.0000            0
1992 07 09 27.3500 28.1700 27.9700     -0.1320       0.0000    0.0000            0
1992 07 10 27.2000 28.3100 27.9300      0.0800       0.0000    0.0000            0
1992 07 11 27.0800 28.6700 28.0900      0.2780       0.0000    0.0000            0
1992 07 12 27.1700 28.5300 28.1000      0.3260       0.0000    0.0000            0
1992 07 13 27.2200 28.4000 28.0900      0.3947       0.0000    0.0000            0
1992 07 14 27.2000 28.2600 27.9600      0.3110       0.0000    0.0000            0
1992 07 15 27.1900 28.2100 27.9500      0.3100       0.0000    0.0000            0
1992 07 16 27.2300 28.2400 27.9900      0.2158       0.0000    0.0000            0
1992 07 17 27.0300 28.2100 28.0500      0.2035       0.0000    0.0000            0
1992 07 18 26.6400 28.2600 28.0700      0.2255       0.0000    0.0000            0
1992 07 19 26.5900 28.1300 27.9200      0.1119       0.0000    0.0000            0
1992 07 20 26.5500 28.0500 27.8700      0.0658       0.0000    0.0000            0
1992 07 21 26.4600 27.9100 27.7300      0.1532       0.0000    0.0000            0
1992 07 22 26.3500 27.9200 27.6500     -0.1803       0.0000    0.0000            0
1992 07 23 27.0100 28.0500 27.8600      0.0939       0.0000    0.0000            0
1992 07 24 27.1000 28.1600 27.9700      0.0677       0.0000    0.0000            0
1992 07 25 27.1100 28.0400 27.9400     -0.0181       0.0000    0.0000            0
1992 07 26 27.1100 27.9100 27.8600     -0.0490       0.0000    0.0000            0
1992 07 27 27.1600 28.2000 28.0000      0.1219       0.0000    0.0000            0
1992 07 28 27.6400 28.2400 28.1400      0.3381       0.0000    0.0000            0
1992 07 29 27.3100 27.9600 27.8500     -0.0532       0.0000    0.0000            0
1992 07 30 27.2500 27.8100 27.7600     -0.1929       0.0000    0.0000            0
1992 07 31 27.2900 27.9500 27.8100      0.1687       0.0000    0.0000            0
1992 08 01 27.3100 28.0000 27.8400      0.2061       0.0000    0.0000            0
1992 08 02 26.9700 27.5400 27.5000     -0.4371       0.0000    0.0000            0
1992 08 03 26.8700 27.4900 27.4400     -0.4765       0.0000    0.0000            0
1992 08 04 26.7100 27.3700 27.2600     -0.6239       0.0000    0.0000            0
1992 08 05 26.6200 27.3400 27.2500     -0.3710       0.0000    0.0000            0
1992 08 06 26.4100 27.3500 27.2500     -0.1668       0.0000    0.0000            0
1992 08 07 26.3000 27.4200 27.3300     -0.3790       0.0000    0.0000            0
1992 08 08 26.2400 27.4400 27.2700     -0.1400       0.0000    0.0000            0
1992 08 09 26.4100 27.4200 27.2600     -0.1381       0.0000    0.0000            0
1992 08 10 26.4800 27.4800 27.2400     -0.1387       0.0000    0.0000            0
1992 08 11 26.9900 28.1800 28.0600      0.4816       0.0000    0.0000            0
1992 08 12 26.9300 27.9300 27.9000      0.1997       0.0000    0.0000            0
1992 08 13 26.8000 27.8400 27.8000      0.1290       0.0000    0.0000            0
1992 08 14 26.1700 27.4800 27.1900     -0.4258       0.0000    0.0000            0
1992 08 15 26.0200 27.0700 26.8300     -0.8600       0.0000    0.0000            0
1992 08 16 26.1800 27.3400 27.1400     -0.6658       0.0000    0.0000            0
1992 08 17 26.2200 27.4300 27.1300     -0.5519       0.0000    0.0000            0
1992 08 18 26.2600 27.7200 27.2000     -0.4829       0.0000    0.0000            0
1992 08 19 26.3600 27.7400 27.1800     -0.5077       0.0000    0.0000            0
1992 08 20 26.4000 27.6700 27.1500     -0.5632       0.0000    0.0000            0
1992 08 21 27.0400 28.0700 28.0200      0.1713       0.0000    0.0000            0
1992 08 22 27.2100 28.0700 28.0100      0.4726       0.0000    0.0000            0
1992 08 23 27.3600 28.2800 28.2300      0.3413       0.0000    0.0000            0
1992 08 24 27.5800 28.4100 28.2800      0.6894       0.0000    0.0000            0
1992 08 25 27.6000 28.4600 28.3800      0.5968       0.0000    0.0000            0
1992 08 26 27.1100 27.8500 27.7200      0.0945       0.0000    0.0000            0
1992 08 27 26.9900 27.6500 27.5500     -0.0887       0.0000    0.0000            0
1992 08 28 26.8600 27.5200 27.4300     -0.4581       0.0000    0.0000            0
1992 08 29 26.8300 27.5700 27.4600     -0.4248       0.0000    0.0000            0
1992 08 30 26.7600 27.5400 27.3300     -0.3032       0.0000    0.0000            0
1992 08 31 26.7100 27.5300 27.2400     -0.4419       0.0000    0.0000            0
1992 09 01 26.7500 27.5700 27.2800     -0.4113       0.0000    0.0000            0
1992 09 02 26.8600 27.8000 27.7000     -0.0197       0.0000    0.0000            0
1992 09 03 26.7800 27.7400 27.5500     -0.1897       0.0000    0.0000            0
1992 09 04 26.6900 27.6100 27.3200     -0.4326       0.0000    0.0000            0
1992 09 05 26.5800 27.4700 27.0900     -0.8132       0.0000    0.0000            0
1992 09 06 26.4900 27.3300 26.9600     -0.9313       0.0000    0.0000            0
1992 09 07 26.5000 27.1600 26.8300     -1.0923       0.0000    0.0000            0
1992 09 08 26.2000 27.1800 26.8600     -1.0800       0.0000    0.0000            0
1992 09 09 26.4100 27.4800 27.0100     -0.9323       0.0000    0.0000            0
1992 09 10 26.5700 27.6500 27.0800     -0.7784       0.0000    0.0000            0
1992 09 11 27.0400 27.9000 27.5800     -0.2552       0.0000    0.0000            0
1992 09 12 27.3500 28.1300 27.9100      0.0461       0.0000    0.0000            0
1992 09 13 27.4100 28.0700 27.8700     -0.0019       0.0000    0.0000            0
1992 09 14 27.6500 28.3000 28.2700      0.2865       0.0000    0.0000            0
1992 09 15 27.8200 28.3200 28.2700      0.2500       0.0000    0.0000            0
1992 09 16 27.9700 28.4200 28.3500      0.3180       0.0000    0.0000            0
1992 09 17 28.1200 28.6300 28.4700      0.4253       0.0000    0.0000            0
1992 09 18 28.1300 28.6400 28.5600      0.5040       0.0000    0.0000            0
1992 09 19 28.2300 28.7100 28.5400      0.4720       0.0000    0.0000            0
1992 09 20 27.5100 28.4200 28.3400      0.3433       0.0000    0.0000            0
1992 09 21 26.9500 27.9800 27.9200     -0.0860       0.0000    0.0000            0
1992 09 22 27.5800 28.0800 28.0500      0.0293       0.0000    0.0000            0
1992 09 23 27.5900 28.2700 28.1600      0.1607       0.0000    0.0000            0
1992 09 24 27.4900 28.1400 28.0600      0.0230       0.0000    0.0000            0
1992 09 25 27.5200 28.1400 28.0800     -0.0433       0.0000    0.0000            0
1992 09 26 27.4700 28.2800 28.0900      0.0337       0.0000    0.0000            0
1992 09 27 27.7000 28.2900 28.1500      0.0840       0.0000    0.0000            0
1992 09 28 27.1900 28.2200 28.0700     -0.0070       0.0000    0.0000            0
1992 09 29 27.4600 28.0500 27.9200     -0.1767       0.0000    0.0000            0
1992 09 30 27.2800 27.9900 27.7800     -0.3300       0.0000    0.0000            0
1992 10 01 27.2200 28.0000 27.8500     -0.3473       0.0000    0.0000            0
1992 10 02 27.2400 28.0400 27.8300     -0.3010       0.0000    0.0000            0
1992 10 03 27.2200 28.3000 27.9600      0.0240       0.0000    0.0000            0
1992 10 04 27.3100 28.2400 27.9800     -0.1350       0.0000    0.0000            0
1992 10 05 27.3000 28.1100 27.9500     -0.1833       0.0000    0.0000            0
1992 10 06 27.7300 28.5900 28.2900      0.0420       0.0000    0.0000            0
1992 10 07 27.8100 28.6600 28.3400      0.1433       0.0000    0.0000            0
1992 10 08 27.6800 28.5500 28.2700      0.0793       0.0000    0.0000            0
1992 10 09 27.6100 28.3700 28.2500      0.0180       0.0000    0.0000            0
1992 10 10 27.3300 28.3500 28.0700     -0.1617       0.0000    0.0000            0
1992 10 11 27.2400 28.2300 27.9500     -0.2947       0.0000    0.0000            0
1992 10 12 27.3000 28.3000 28.1900     -0.0660       0.0000    0.0000            0
1992 10 13 27.8600 28.6300 28.5600      0.2953       0.0000    0.0000            0
1992 10 14 27.8900 28.7500 28.6800      0.3930       0.0000    0.0000            0
1992 10 15 27.8700 28.8600 28.7600      0.4600       0.0000    0.0000            0
1992 10 16 27.8400 28.7900 28.7300      0.4000       0.0000    0.0000            0
1992 10 17 27.7800 28.6500 28.5900      0.2787       0.0000    0.0000            0
1992 10 18 27.7100 28.4300 28.4000      0.0581       0.0000    0.0000            0
1992 10 19 27.7700 28.3400 28.2600     -0.0813       0.0000    0.0000            0
1992 10 20 27.7600 28.1700 28.1300     -0.2316       0.0000    0.0000            0
1992 10 21 27.3400 27.9000 27.8000     -0.5535       0.0000    0.0000            0
1992 10 22 28.0900 28.6300 28.5800      0.1955       0.0000    0.0000            0
1992 10 23 28.3300 28.8400 28.7600      0.3600       0.0000    0.0000            0
1992 10 24 28.3200 28.7900 28.6800      0.2771       0.0000    0.0000            0
1992 10 25 28.2100 28.4600 28.4300      0.0739       0.0000    0.0000            0
1992 10 26 28.1700 28.5200 28.4300     -0.0423       0.0000    0.0000            0
1992 10 27 27.7900 28.2500 28.1600     -0.2165       0.0000    0.0000            0
1992 10 28 28.3100 28.9500 28.8500      0.4290       0.0000    0.0000            0
1992 10 29 28.2500 28.8900 28.7800      0.3374       0.0000    0.0000            0
1992 10 30 28.4500 29.0500 28.8700      0.4313       0.0000    0.0000            0
1992 10 31 28.4500 28.9300 28.9000      0.4142       0.0000    0.0000            0
1992 11 01 28.2600 28.7900 28.7000      0.1794       0.0000    0.0000            0
1992 11 02 28.2900 28.9000 28.6800      0.2361       0.0000    0.0000            0
1992 11 03 28.3300 28.9400 28.8200      0.2784       0.0000    0.0000            0
1992 11 04 28.4200 29.0300 28.9100      0.5084       0.0000    0.0000            0
1992 11 05 28.5800 29.0600 28.9400      0.5526       0.0000    0.0000            0
1992 11 06 28.7100 29.5700 29.3800      0.8129       0.0000    0.0000            0
1992 11 07 28.3500 29.1400 29.0100      0.4500       0.0000    0.0000            0
1992 11 08 28.4400 29.0300 28.9100      0.3400       0.0000    0.0000            0
1992 11 09 28.3800 29.1000 28.9800      0.4284       0.0000    0.0000            0
1992 11 10 28.2600 29.0500 28.9100      0.3387       0.0000    0.0000            0
1992 11 11 28.3600 28.9700 28.8700      0.3110       0.0000    0.0000            0
1992 11 12 28.2700 28.8300 28.8100      0.2103       0.0000    0.0000            0
1992 11 13 28.1600 28.7900 28.6800      0.0313       0.0000    0.0000            0
1992 11 14 28.1400 28.7400 28.6900      0.0861       0.0000    0.0000            0
1992 11 15 28.2400 28.8000 28.7800      0.1700       0.0000    0.0000            0
1992 11 16 28.2600 28.7500 28.6300      0.0173       0.0000    0.0000            0
1992 11 17 27.1200 28.4300 27.6300     -0.9940       0.0000    0.0000            0
1992 11 18 27.1100 28.3000 27.5100     -1.0960       0.0000    0.0000            0
1992 11 19 27.5200 28.4700 28.0000     -0.5793       0.0000    0.0000            0
1992 11 20 27.8900 28.5500 28.5300     -0.0217       0.0000    0.0000            0
1992 11 21 27.6400 28.4900 28.3700     -0.2040       0.0000    0.0000            0
1992 11 22 27.4900 28.4000 28.3100     -0.2400       0.0000    0.0000            0
1992 11 23 27.7000 28.4500 28.2100     -0.3587       0.0000    0.0000            0
1992 11 24 27.7200 28.2000 28.1800     -0.3910       0.0000    0.0000            0
1992 11 25 27.6700 28.0700 28.0100     -0.5667       0.0000    0.0000            0
1992 11 26 27.7700 28.2100 28.1200     -0.3787       0.0000    0.0000            0
1992 11 27 27.9600 28.3400 28.3100     -0.1820       0.0000    0.0000            0
1992 11 28 28.0600 28.4300 28.4200     -0.0680       0.0000    0.0000            0
1992 11 29 28.5900 29.2200 29.1200      0.6300       0.0000    0.0000            0
1992 11 30 28.3700 29.0500 28.9900      0.5100       0.0000    0.0000            0
1992 12 01 28.3900 29.0200 28.8900      0.3927       0.0000    0.0000            0
1992 12 02 27.8600 28.7000 28.5500      0.0447       0.0000    0.0000            0
1992 12 03 27.4600 28.2700 28.2100     -0.3340       0.0000    0.0000            0
1992 12 04 27.4500 28.1900 28.0800     -0.4787       0.0000    0.0000            0
1992 12 05 28.0200 29.0100 28.9300      0.3733       0.0000    0.0000            0
1992 12 06 28.2300 29.0800 28.9900      0.4620       0.0000    0.0000            0
1992 12 07 28.2300 29.1100 29.0600      0.5573       0.0000    0.0000            0
1992 12 08 28.0200 28.9800 28.9300      0.4350       0.0000    0.0000            0
1992 12 09 27.9800 28.8900 28.8200      0.3760       0.0000    0.0000            0
1992 12 10 28.1700 29.1900 29.0800      0.6383       0.0000    0.0000            0
1992 12 11 28.3600 29.2500 29.1500      0.7200       0.0000    0.0000            0
1992 12 12 28.0000 28.7900 28.6700      0.1950       0.0000    0.0000            0
1992 12 13 28.1300 28.7500 28.6200      0.1500       0.0000    0.0000            0
1992 12 14 28.7200 29.2500 29.1500      0.7257       0.0000    0.0000            0
1992 12 15 27.8900 28.5900 28.5100      0.1100       0.0000    0.0000            0
1992 12 16 27.8100 28.6400 28.5100      0.0752       0.0000    0.0000            0
1992 12 17 27.4400 28.6300 28.3500     -0.1039       0.0000    0.0000            0
1992 12 18 27.5800 28.6700 28.3900     -0.0577       0.0000    0.0000            0
1992 12 19 27.5100 28.5900 28.4100      0.0316       0.0000    0.0000            0
1992 12 20 28.3700 28.8800 28.7700      0.3984       0.0000    0.0000            0
1992 12 21 27.8000 28.6400 28.4900      0.1126       0.0000    0.0000            0
1992 12 22 27.7400 28.3500 28.2800     -0.0674       0.0000    0.0000            0
1992 12 23 27.7000 28.3000 28.2200     -0.1455       0.0000    0.0000            0
1992 12 24 27.6500 28.1600 28.0800     -0.2674       0.0000    0.0000            0
1992 12 25 27.1700 27.7600 27.6500     -0.6729       0.0000    0.0000            0
1992 12 26 27.3900 27.8700 27.7600     -0.5390       0.0000    0.0000            0
1992 12 27 27.6200 28.1900 28.0600     -0.2255       0.0000    0.0000            0
1992 12 28 28.1000 28.6100 28.4700      0.2090       0.0000    0.0000            0
1992 12 29 28.1400 28.6800 28.5800      0.3045       0.0000    0.0000            0
1992 12 30 28.0200 28.5400 28.3600      0.1410       0.0000    0.0000            0
1992 12 31 27.6800 28.2100 28.0100     -0.2552       0.0000    0.0000            0
1993 01 01 27.4800 28.0200 27.9000     -0.3390       0.0000    0.0000            0
1993 01 02 27.4100 28.1000 27.8200     -0.3000       0.0000    0.0000            0
1993 01 03 27.4100 28.0500 27.9000     -0.2852       0.0000    0.0000            0
1993 01 04 27.4500 28.1300 27.9400     -0.2374       0.0000    0.0000            0
1993 01 05 27.3800 27.9100 27.7700     -0.4010       0.0000    0.0000            0
1993 01 06 27.3900 27.9300 27.8200     -0.3381       0.0000    0.0000            0
1993 01 07 27.5100 28.0100 27.8900     -0.2281       0.0000    0.0000            0
1993 01 08 27.4900 28.1000 28.0000     -0.1158       0.0000    0.0000            0
1993 01 09 27.7400 28.1900 28.1500     -0.0119       0.0000    0.0000            0
1993 01 10 27.3000 28.2200 28.1400      0.0252       0.0000    0.0000            0
1993 01 11 27.2100 28.0100 27.9400     -0.1416       0.0000    0.0000            0
1993 01 12 26.4300 27.7200 27.6900     -0.3958       0.0000    0.0000            0
1993 01 13 27.2300 27.8800 27.8400     -0.1648       0.0000    0.0000            0
1993 01 14 27.3000 27.7200 27.6000     -0.5103       0.0000    0.0000            0
1993 01 15 27.1600 27.7500 27.7000     -0.4100       0.0000    0.0000            0
1993 01 16 27.1000 28.1000 27.5100     -0.6052       0.0000    0.0000            0
1993 01 17 27.0100 28.1300 27.5800     -0.5403       0.0000    0.0000            0
1993 01 18 27.0700 28.2000 27.5400     -0.5835       0.0000    0.0000            0
1993 01 19 26.6700 27.6900 27.6000     -0.5119       0.0000    0.0000            0
1993 01 20 26.5400 27.3600 26.9700     -1.1171       0.0000    0.0000            0
1993 01 21 26.7200 27.4200 27.1800     -0.8765       0.0000    0.0000            0
1993 01 22 27.2900 28.0200 27.7600     -0.3597       0.0000    0.0000            0
1993 01 23 27.3600 28.0200 27.7700     -0.3494       0.0000    0.0000            0
1993 01 24 27.4600 28.0100 27.8300     -0.3248       0.0000    0.0000            0
1993 01 25 27.5700 28.2000 28.0500     -0.0742       0.0000    0.0000            0
1993 01 26 27.6000 28.2300 28.1700      0.0377       0.0000    0.0000            0
1993 01 27 27.9500 28.6800 28.5600      0.3858       0.0000    0.0000            0
1993 01 28 27.1800 27.9500 27.7100     -0.4587       0.0000    0.0000            0
1993 01 29 27.4500 27.9100 27.8300     -0.3423       0.0000    0.0000            0
1993 01 30 27.3300 27.8400 27.7500     -0.4223       0.0000    0.0000            0
1993 01 31 27.4800 27.9300 27.8500     -0.3281       0.0000    0.0000            0
1993 02 01 27.5000 27.9000 27.7600     -0.3332       0.0000    0.0000            0
1993 02 02 27.4800 27.9900 27.8500     -0.3487       0.0000    0.0000            0
1993 02 03 27.5600 28.1900 28.0500     -0.1419       0.0000    0.0000            0
1993 02 04 27.7500 28.3600 28.2200      0.0232       0.0000    0.0000            0
1993 02 05 27.6700 28.2000 28.0400     -0.1648       0.0000    0.0000            0
1993 02 06 27.4000 27.7200 27.6600     -0.5352       0.0000    0.0000            0
1993 02 07 27.2500 27.5700 27.4600     -0.7281       0.0000    0.0000            0
1993 02 08 27.4700 27.7500 27.7000     -0.4881       0.0000    0.0000            0
1993 02 09 27.4200 27.9600 27.8900     -0.0803       0.0000    0.0000            0
1993 02 10 27.2500 28.1800 28.0100     -0.1661       0.0000    0.0000            0
1993 02 11 27.2300 28.2900 28.0700     -0.1416       0.0000    0.0000            0
1993 02 12 27.1800 27.9300 27.7900     -0.4448       0.0000    0.0000            0
1993 02 13 27.1900 28.1800 28.0600     -0.1932       0.0000    0.0000            0
1993 02 14 28.2800 28.6500 28.6400      0.4165       0.0000    0.0000            0
1993 02 15 28.2900 28.7100 28.6900      0.4500       0.0000    0.0000            0
1993 02 16 28.0900 28.6800 28.6600      0.4479       0.0000    0.0000            0
1993 02 17 27.9800 28.7300 28.6900      0.4050       0.0000    0.0000            0
1993 02 18 27.8700 28.7300 28.6800      0.3604       0.0000    0.0000            0
1993 02 19 27.8600 28.7400 28.6900      0.3371       0.0000    0.0000            0
1993 02 20 27.9800 28.7000 28.5800      0.1461       0.0000    0.0000            0
1993 02 21 27.6500 28.6500 28.5500      0.1421       0.0000    0.0000            0
1993 02 22 27.6000 28.6900 28.4300      0.0400       0.0000    0.0000            0
1993 02 23 27.8900 28.5100 28.4600      0.0514       0.0000    0.0000            0
1993 02 24 27.7500 28.3900 28.3300     -0.1650       0.0000    0.0000            0
1993 02 25 27.6000 28.3300 28.2400     -0.2864       0.0000    0.0000            0
1993 02 26 27.5000 27.9900 27.8400     -0.7350       0.0000    0.0000            0
1993 02 27 27.4300 28.0800 27.9100     -0.6800       0.0000    0.0000            0
1993 02 28 27.2700 28.0300 27.8700     -0.7454       0.0000    0.0000            0
1993 03 01 26.9800 28.0600 27.9700     -0.6850       0.0000    0.0000            0
1993 03 02 27.9300 28.4400 28.3000     -0.3571       0.0000    0.0000            0
1993 03 03 27.8900 28.5200 28.4300     -0.2357       0.0000    0.0000            0
1993 03 04 27.6500 28.3600 28.3000     -0.4354       0.0000    0.0000            0
1993 03 05 27.6200 28.3300 28.2500     -0.5121       0.0000    0.0000            0
1993 03 06 27.5800 28.2200 28.0900     -0.6989       0.0000    0.0000            0
1993 03 07 27.6800 28.3000 28.1600     -0.6557       0.0000    0.0000            0
1993 03 08 27.5200 28.5700 28.3200     -0.5325       0.0000    0.0000            0
1993 03 09 27.8800 28.9000 28.7900     -0.0893       0.0000    0.0000            0
1993 03 10 27.8100 28.8600 28.7300     -0.1843       0.0000    0.0000            0
1993 03 11 28.5000 29.6000 29.3900      0.5200       0.0000    0.0000            0
1993 03 12 28.5600 29.5700 29.3000      0.3939       0.0000    0.0000            0
1993 03 13 28.8300 29.8500 29.5300      0.5443       0.0000    0.0000            0
1993 03 14 28.3100 29.2600 29.1300      0.1757       0.0000    0.0000            0
1993 03 15 28.1000 29.2000 29.1300      0.2400       0.0000    0.0000            0
1993 03 16 28.0000 29.1700 29.0400      0.1171       0.0000    0.0000            0
1993 03 17 28.2200 29.0700 28.9800     -0.1323       0.0000    0.0000            0
1993 03 18 27.7400 28.6600 28.5100     -0.4377       0.0000    0.0000            0
1993 03 19 27.9100 28.6300 28.5300     -0.6332       0.0000    0.0000            0
1993 03 20 28.3700 28.8800 28.7100     -0.3797       0.0000    0.0000            0
1993 03 21 28.6700 29.1700 29.0700      0.0245       0.0000    0.0000            0
1993 03 22 28.6100 29.2300 29.1400     -0.0094       0.0000    0.0000            0
1993 03 23 28.6000 29.4300 29.2500      0.1090       0.0000    0.0000            0
1993 03 24 28.5100 29.3600 29.3100      0.0065       0.0000    0.0000            0
1993 03 25 28.5200 29.2800 29.2200     -0.1148       0.0000    0.0000            0
1993 03 26 28.1800 29.2800 29.0900     -0.2019       0.0000    0.0000            0
1993 03 27 28.4300 29.2300 29.1200     -0.2658       0.0000    0.0000            0
1993 03 28 28.5300 29.3600 29.2200     -0.0345       0.0000    0.0000            0
1993 03 29 28.6200 29.3000 29.1100     -0.1987       0.0000    0.0000            0
1993 03 30 28.8700 29.5900 29.4000      0.0571       0.0000    0.0000            0
1993 03 31 28.9500 29.6500 29.4300      0.0629       0.0000    0.0000            0
1993 04 01 29.1600 29.6900 29.4800      0.0887       0.0000    0.0000            0
1993 04 02 29.4700 29.8700 29.7900      0.3745       0.0000    0.0000            0
1993 04 03 29.1100 29.6700 29.5900      0.2648       0.0000    0.0000            0
1993 04 04 28.5900 29.1400 29.0400     -0.3152       0.0000    0.0000            0
1993 04 05 28.3400 29.0000 28.8600     -0.4603       0.0000    0.0000            0
1993 04 06 28.6900 29.0000 28.9100     -0.5197       0.0000    0.0000            0
1993 04 07 28.8000 29.5000 29.3500     -0.0945       0.0000    0.0000            0
1993 04 08 28.7200 29.2400 29.1800     -0.5016       0.0000    0.0000            0
1993 04 09 28.8900 29.6000 29.4300     -0.2690       0.0000    0.0000            0
1993 04 10 28.0500 29.4200 29.0900     -0.2719       0.0000    0.0000            0
1993 04 11 28.6000 29.6800 29.5200     -0.2406       0.0000    0.0000            0
1993 04 12 29.2400 30.0700 30.0100      0.3197       0.0200    0.0000            1
1993 04 13 29.4000 30.2200 30.1500      0.4371       0.1400    0.0000            1
1993 04 14 29.3000 30.0500 29.9500      0.2132       0.0000    0.0000            1
1993 04 15 29.4000 30.1900 30.1000      0.3400       0.0800    0.0000            1
1993 04 16 29.3200 30.2200 30.1000      0.3313       0.0800    0.0000            1
1993 04 17 29.4500 30.2000 30.0800      0.3140       0.0900    0.0000            1
1993 04 18 28.9300 29.6900 29.6200     -0.1680       0.0000    0.0000            1
1993 04 19 28.7800 29.4600 29.3800     -0.5100       0.0000    0.0000            1
1993 04 20 28.9000 29.6700 29.5400     -0.2383       0.0000    0.0000            1
1993 04 21 29.0600 30.1100 29.9200      0.1740       0.0000    0.0000            1
1993 04 22 28.9400 30.0300 29.9300      0.0257       0.0000    0.0000            1
1993 04 23 28.8100 29.9500 29.8500     -0.0553       0.0000    0.0000            1
1993 04 24 28.4900 29.4800 29.4300     -0.4840       0.0000    0.0000            0
1993 04 25 28.7800 29.5400 29.4500     -0.4733       0.0000    0.0000            0
1993 04 26 29.0200 29.8100 29.5100     -0.3280       0.0000    0.0000            0
1993 04 27 28.9500 29.7600 29.3600     -0.5000       0.0000    0.0000            0
1993 04 28 29.4300 30.1100 30.0100      0.1403       0.0100    0.0000            1
1993 04 29 29.5600 30.3000 30.2100      0.3380       0.2100    0.0000            1
1993 04 30 29.3000 30.1100 30.0300      0.1400       0.0100    0.0000            1
1993 05 01 29.2800 30.3600 30.2300      0.2693       0.1900    0.0000            1
1993 05 02 29.4700 30.3200 30.2100      0.2480       0.1700    0.0000            1
1993 05 03 29.5300 30.4800 30.2700      0.3660       0.2700    0.0000            1
1993 05 04 29.9600 30.5300 30.3600      0.4693       0.3300    0.0000            1
1993 05 05 29.9900 30.8100 30.5100      0.6033       0.4900    0.0000            1
1993 05 06 30.1600 30.9000 30.6500      0.7370       0.6200    0.0000            1
1993 05 07 29.8300 30.3300 30.2600      0.3240       0.2600    0.0000            1
1993 05 08 29.7500 30.4100 30.3000      0.3813       0.3300    0.0000            1
1993 05 09 29.7000 30.4400 30.3000      0.3840       0.3400    0.0000            1
1993 05 10 29.6700 30.2900 30.1700      0.2367       0.2000    0.0000            1
1993 05 11 29.8500 30.4700 30.3700      0.4407       0.4100    0.0000            1
1993 05 12 29.7900 30.5900 30.5300      0.5740       0.5500    0.0000            1
1993 05 13 29.4700 30.4100 30.3600      0.3907       0.3600    0.0000            1
1993 05 14 29.2700 30.2900 30.1900      0.2293       0.2200    0.0000            1
1993 05 15 29.6900 30.2700 29.9900     -0.0200       0.0000    0.0000            1
1993 05 16 29.3700 30.0500 29.7000     -0.1935       0.0000    0.0000            1
1993 05 17 29.5600 30.0800 29.9700     -0.0010       0.0000    0.0000            1
1993 05 18 29.5700 30.0500 30.0000      0.1013       0.0000    0.0000            1
1993 05 19 29.5900 30.1400 30.0700      0.1997       0.0500    0.0000            1
1993 05 20 29.4300 30.3100 30.0700      0.2719       0.0800    0.0000            1
1993 05 21 29.6900 30.7000 30.4700      0.6839       0.4400    0.0000            1
1993 05 22 29.3600 30.6000 30.4300      0.6803       0.3800    0.0000            1
1993 05 23 29.1500 30.0200 29.8000      0.1248       0.0000    0.0000            1
1993 05 24 29.0300 29.6900 29.5300     -0.1345       0.0000    0.0000            1
1993 05 25 29.1300 29.7200 29.6500      0.0361       0.0000    0.0000            1
1993 05 26 29.2600 30.0100 29.8800      0.3139       0.0000    0.0000            1
1993 05 27 29.0000 29.6200 29.5800      0.0455       0.0000    0.0000            1
1993 05 28 29.1700 30.0200 29.6600      0.1565       0.0000    0.0000            1
1993 05 29 29.2100 30.0700 29.6300      0.1229       0.0000    0.0000            0
1993 05 30 28.9200 30.2500 29.4400      0.0023       0.0000    0.0000            0
1993 05 31 28.4300 29.8900 29.3400     -0.0677       0.0000    0.0000            0
1993 06 01 29.5000 30.6300 30.5900      1.2555       0.5700    0.0000            1
1993 06 02 29.4500 30.7000 30.6300      1.3316       0.6000    0.0000            1
1993 06 03 29.6500 30.9400 30.8600      1.6145       0.8300    0.0000            1
1993 06 04 29.7400 30.4600 30.3300      1.0897       0.3800    0.0000            1
1993 06 05 29.5200 30.2600 30.1800      0.9855       0.2200    0.0000            1
1993 06 06 29.3400 30.1500 30.0700      0.9006       0.1200    0.0000            1
1993 06 07 28.9200 30.0600 29.9600      0.8410       0.0100    0.0000            1
1993 06 08 28.6700 29.7400 29.6300      0.5571       0.0000    0.0000            1
1993 06 09 28.7500 29.4800 29.3800      0.3432       0.0000    0.0000            1
1993 06 10 28.3900 28.9200 28.8300     -0.2090       0.0000    0.0000            1
1993 06 11 28.4600 29.0000 28.8900     -0.1294       0.0000    0.0000            1
1993 06 12 28.6200 29.0600 29.0000      0.1281       0.0000    0.0000            1
1993 06 13 28.6000 29.0400 28.8900     -0.0323       0.0000    0.0000            1
1993 06 14 28.3000 28.7900 28.7100     -0.1858       0.0000    0.0000            0
1993 06 15 28.3500 28.7800 28.7100     -0.1100       0.0000    0.0000            0
1993 06 16 28.3800 28.8400 28.7700     -0.0460       0.0000    0.0000            0
1993 06 17 27.8300 28.8800 28.7600     -0.0367       0.0000    0.0000            0
1993 06 18 27.7200 28.7300 28.6300     -0.0740       0.0000    0.0000            0
1993 06 19 27.8900 28.7000 28.5900     -0.0887       0.0000    0.0000            0
1993 06 20 28.3400 28.8300 28.6800      0.0100       0.0000    0.0000            0
1993 06 21 28.2000 28.6900 28.6400     -0.0080       0.0000    0.0000            0
1993 06 22 28.1400 28.8500 28.7400      0.1430       0.0000    0.0000            0
1993 06 23 28.0100 28.5800 28.4800     -0.1213       0.0000    0.0000            0
1993 06 24 27.9900 28.4300 28.3500     -0.2120       0.0000    0.0000            0
1993 06 25 27.8200 28.3200 28.2700     -0.2767       0.0000    0.0000            0
1993 06 26 27.4300 28.2900 28.0400     -0.4840       0.0000    0.0000            0
1993 06 27 27.6800 28.6000 28.2600     -0.1880       0.0000    0.0000            0
1993 06 28 27.8100 28.6900 28.5500      0.0737       0.0000    0.0000            0
1993 06 29 27.8000 28.6500 28.5000      0.1160       0.0000    0.0000            0
1993 06 30 27.8100 28.6100 28.4800      0.1150       0.0000    0.0000            0
1993 07 01 27.7700 28.4300 28.3400      0.0133       0.0000    0.0000            0
1993 07 02 27.8500 28.3500 28.3200      0.0210       0.0000    0.0000            0
1993 07 03 27.8900 28.4300 28.4100      0.1520       0.0000    0.0000            0
1993 07 04 28.1700 28.6700 28.6500      0.4080       0.0000    0.0000            0
1993 07 05 28.5000 28.9500 28.9100      0.7067       0.0000    0.0000            0
1993 07 06 28.5600 28.9800 28.9300      0.9960       0.0000    0.0000            0
1993 07 07 28.7900 29.2200 29.1800      1.2640       0.0000    0.0000            0
1993 07 08 28.6600 29.6600 29.1500      1.1920       0.0000    0.0000            0
1993 07 09 28.3400 29.8100 28.9500      0.9560       0.0000    0.0000            0
1993 07 10 28.3700 29.6800 28.8300      1.0550       0.0000    0.0000            0
1993 07 11 27.8400 29.2100 28.3800      0.6153       0.0000    0.0000            0
1993 07 12 27.7300 29.0200 28.4400      0.3840       0.0000    0.0000            0
1993 07 13 27.7700 28.8400 28.6500      0.7233       0.0000    0.0000            0
1993 07 14 27.2300 28.5900 28.2500      0.5493       0.0000    0.0000            0
1993 07 15 27.4400 28.5200 28.4500      0.6300       0.0000    0.0000            0
1993 07 16 27.6200 28.6500 28.6000      0.8390       0.0000    0.0000            0
1993 07 17 27.5400 28.4300 28.3500      0.5235       0.0000    0.0000            0
1993 07 18 27.5200 28.3300 28.2200      0.3994       0.0000    0.0000            0
1993 07 19 27.4400 28.2000 28.0400      0.2519       0.0000    0.0000            0
1993 07 20 27.3500 28.1100 27.9700      0.2090       0.0000    0.0000            0
1993 07 21 27.4700 27.9300 27.8500      0.1381       0.0000    0.0000            0
1993 07 22 26.9400 27.4000 27.3300     -0.4803       0.0000    0.0000            0
1993 07 23 26.7600 27.2600 27.2100     -0.5958       0.0000    0.0000            0
1993 07 24 26.7500 27.2800 27.2500     -0.5790       0.0000    0.0000            0
1993 07 25 26.8800 27.4100 27.2600     -0.4819       0.0000    0.0000            0
1993 07 26 27.0900 28.0400 27.7600      0.1935       0.0000    0.0000            0
1993 07 27 27.2400 28.1600 28.0900      0.5000       0.0000    0.0000            0
1993 07 28 27.2600 28.2300 28.1700      0.6126       0.0000    0.0000            0
1993 07 29 26.9600 28.0600 27.9600      0.0013       0.0000    0.0000            0
1993 07 30 26.7000 27.5400 27.3600     -0.5974       0.0000    0.0000            0
1993 07 31 27.0900 27.9700 27.7100      0.1255       0.0000    0.0000            0
1993 08 01 27.3000 28.1400 28.0200      0.1442       0.0000    0.0000            0
1993 08 02 27.3000 28.1600 28.0500      0.1303       0.0000    0.0000            0
1993 08 03 26.8700 27.6600 27.5200     -0.0745       0.0000    0.0000            0
1993 08 04 26.7600 27.5800 27.5200     -0.4039       0.0000    0.0000            0
1993 08 05 26.6700 27.4900 27.4000     -0.3010       0.0000    0.0000            0
1993 08 06 27.2100 27.6900 27.5600      0.1461       0.0000    0.0000            0
1993 08 07 26.7800 27.4800 27.4400     -0.3090       0.0000    0.0000            0
1993 08 08 26.5500 27.3000 27.2400     -0.5106       0.0000    0.0000            0
1993 08 09 26.4200 27.2700 27.1700     -0.5568       0.0000    0.0000            0
1993 08 10 26.5400 27.3800 27.1800     -0.5474       0.0000    0.0000            0
1993 08 11 27.4000 28.2900 28.1400      0.6903       0.0000    0.0000            0
1993 08 12 27.3500 28.5300 28.4400      0.5365       0.0000    0.0000            0
1993 08 13 27.3000 28.4300 28.3100      0.4384       0.0000    0.0000            0
1993 08 14 27.2100 28.3600 28.2400      0.4139       0.0000    0.0000            0
1993 08 15 27.5200 28.2800 28.2300      0.4200       0.0000    0.0000            0
1993 08 16 27.4400 28.2600 28.1000      0.2639       0.0000    0.0000            0
1993 08 17 27.2700 28.2400 27.7700      0.3806       0.0000    0.0000            0
1993 08 18 27.2700 28.2100 27.8300      0.1090       0.0000    0.0000            0
1993 08 19 27.2400 28.3300 27.7900      0.0687       0.0000    0.0000            0
1993 08 20 27.1400 27.7100 27.6900     -0.2126       0.0000    0.0000            0
1993 08 21 26.9100 27.7500 27.5600     -0.2061       0.0000    0.0000            0
1993 08 22 26.7200 27.7500 27.4200     -0.3323       0.0000    0.0000            0
1993 08 23 26.9600 28.2700 27.7600      0.0123       0.0000    0.0000            0
1993 08 24 27.2300 28.3900 27.7300     -0.0458       0.0000    0.0000            0
1993 08 25 27.1300 27.9400 27.8200     -0.0348       0.0000    0.0000            0
1993 08 26 26.7400 27.9700 27.5100     -0.2677       0.0000    0.0000            0
1993 08 27 26.8500 28.0600 27.6400     -0.1555       0.0000    0.0000            0
1993 08 28 26.7100 28.0700 27.5400     -0.2742       0.0000    0.0000            0
1993 08 29 26.5700 28.0300 27.5900      0.0203       0.0000    0.0000            0
1993 08 30 26.5300 27.9800 27.6600      0.0019       0.0000    0.0000            0
1993 08 31 26.7200 27.9600 27.6900      0.0181       0.0000    0.0000            0
1993 09 01 26.7400 28.1700 27.6100     -0.0858       0.0000    0.0000            0
1993 09 02 26.3600 27.8900 27.2900     -0.5842       0.0000    0.0000            0
1993 09 03 26.4400 27.8800 27.4400     -0.2655       0.0000    0.0000            0
1993 09 04 26.2400 27.7700 27.3900     -0.3461       0.0000    0.0000            0
1993 09 05 26.4400 27.9800 27.6600     -0.3113       0.0000    0.0000            0
1993 09 06 26.5100 28.1000 27.7200     -0.1755       0.0000    0.0000            0
1993 09 07 26.6100 27.9900 27.7000     -0.2813       0.0000    0.0000            0
1993 09 08 26.8100 28.3500 28.0900      0.1745       0.0000    0.0000            0
1993 09 09 27.3200 28.2200 28.0900      0.1439       0.0000    0.0000            0
1993 09 10 27.2400 28.2600 28.0800      0.2368       0.0000    0.0000            0
1993 09 11 27.0900 28.1100 28.0300      0.0726       0.0000    0.0000            0
1993 09 12 26.9200 28.0600 27.9300     -0.0452       0.0000    0.0000            0
1993 09 13 26.7900 27.8800 27.8500     -0.1313       0.0000    0.0000            0
1993 09 14 27.8200 28.6000 28.5100      0.5032       0.0000    0.0000            0
1993 09 15 28.1600 28.7900 28.7600      0.8400       0.0000    0.0000            0
1993 09 16 28.1300 28.6800 28.6100      0.6770       0.0000    0.0000            0
1993 09 17 27.9500 28.4200 28.3300      0.3840       0.0000    0.0000            0
1993 09 18 27.7600 28.2500 28.1500      0.0940       0.0000    0.0000            0
1993 09 19 27.9600 28.5600 28.4900      0.4220       0.0000    0.0000            0
1993 09 20 27.9600 28.6900 28.4900      0.4233       0.0000    0.0000            0
1993 09 21 27.6800 28.2400 28.1000      0.0200       0.0000    0.0000            0
1993 09 22 27.5500 28.0400 28.0200     -0.0563       0.0000    0.0000            0
1993 09 23 27.5900 28.3300 28.2700      0.1887       0.0000    0.0000            0
1993 09 24 27.3400 28.4500 28.2200      0.2480       0.0000    0.0000            0
1993 09 25 27.6100 28.5800 28.4500      0.4167       0.0000    0.0000            0
1993 09 26 27.7500 28.4600 28.3500      0.2243       0.0000    0.0000            0
1993 09 27 27.8400 28.4900 28.3500      0.1960       0.0000    0.0000            0
1993 09 28 27.9200 28.7900 28.4600      0.3753       0.0000    0.0000            0
1993 09 29 28.0100 28.7900 28.5000      0.4493       0.0000    0.0000            0
1993 09 30 28.1200 28.9300 28.7700      0.6200       0.0000    0.0000            0
1993 10 01 28.1200 28.8400 28.7200      0.5687       0.0000    0.0000            0
1993 10 02 28.1700 28.8900 28.8000      0.6260       0.0000    0.0000            0
1993 10 03 27.8800 28.8800 28.8000      0.6200       0.0000    0.0000            0
1993 10 04 28.1500 29.0600 29.0000      0.8173       0.0000    0.0000            0
1993 10 05 28.2700 28.7900 28.7500      0.5500       0.0000    0.0000            0
1993 10 06 28.2400 28.6700 28.6500      0.3670       0.0000    0.0000            0
1993 10 07 28.2200 29.0600 28.8200      0.5967       0.0000    0.0000            0
1993 10 08 28.1400 28.8400 28.6800      0.3917       0.0000    0.0000            0
1993 10 09 28.0300 28.6500 28.5000      0.1920       0.0000    0.0000            0
1993 10 10 27.9300 28.5300 28.4000      0.0733       0.0000    0.0000            0
1993 10 11 27.7800 28.4400 28.3100      0.0887       0.0000    0.0000            0
1993 10 12 27.6000 28.3800 28.2300     -0.1130       0.0000    0.0000            0
1993 10 13 28.0400 28.6500 28.6400      0.2573       0.0000    0.0000            0
1993 10 14 28.1000 28.7500 28.6800      0.4147       0.0000    0.0000            0
1993 10 15 28.0500 28.7600 28.6800      0.4100       0.0000    0.0000            0
1993 10 16 27.5800 29.1000 28.9700      0.5719       0.0000    0.0000            0
1993 10 17 27.6400 29.0800 28.8900      0.4752       0.0000    0.0000            0
1993 10 18 27.6500 28.8300 28.6100      0.1958       0.0000    0.0000            0
1993 10 19 27.8800 28.7100 28.5800      0.1577       0.0000    0.0000            0
1993 10 20 27.9900 28.7800 28.6300      0.1929       0.0000    0.0000            0
1993 10 21 28.0100 28.7600 28.6400      0.1832       0.0000    0.0000            0
1993 10 22 28.1700 28.9700 28.8000      0.3558       0.0000    0.0000            0
1993 10 23 28.2800 28.7300 28.7000      0.2926       0.0000    0.0000            0
1993 10 24 28.1900 28.7800 28.7400      0.4026       0.0000    0.0000            0
1993 10 25 28.5000 29.0900 28.9900      0.6545       0.0000    0.0000            0
1993 10 26 28.8200 29.0400 29.0200      0.6152       0.0000    0.0000            0
1993 10 27 28.5700 28.8200 28.8000      0.3571       0.0000    0.0000            0
1993 10 28 28.3100 28.6900 28.6100      0.1335       0.0000    0.0000            0
1993 10 29 28.5000 29.0700 29.0500      0.5452       0.0000    0.0000            0
1993 10 30 28.4000 29.2400 29.2100      0.6987       0.0000    0.0000            0
1993 10 31 28.5100 29.5500 29.5000      0.9855       0.0000    0.0000            0
1993 11 01 28.5300 29.1800 29.0900      0.5674       0.0000    0.0000            0
1993 11 02 28.0100 28.8100 28.6800      0.1584       0.0000    0.0000            0
1993 11 03 27.9800 28.9200 28.8900      0.3490       0.0000    0.0000            0
1993 11 04 27.8900 28.9800 28.9000      0.3552       0.0000    0.0000            0
1993 11 05 27.8500 29.2200 28.9400      0.4226       0.0000    0.0000            0
1993 11 06 28.0800 28.9200 28.8400      0.2729       0.0000    0.0000            0
1993 11 07 28.1300 28.9100 28.7600      0.2000       0.0000    0.0000            0
1993 11 08 28.1200 28.7700 28.6800      0.1019       0.0000    0.0000            0
1993 11 09 28.2100 28.7100 28.6400      0.0423       0.0000    0.0000            0
1993 11 10 28.2000 28.6900 28.6400      0.0352       0.0000    0.0000            0
1993 11 11 28.5500 29.3300 29.3000      0.6787       0.0000    0.0000            0
1993 11 12 28.0800 28.5000 28.4200     -0.2119       0.0000    0.0000            0
1993 11 13 27.8800 28.2900 28.2300     -0.4113       0.0000    0.0000            0
1993 11 14 28.0600 28.4300 28.4200     -0.1932       0.0000    0.0000            0
1993 11 15 28.0000 28.5200 28.4200     -0.2500       0.0000    0.0000            0
1993 11 16 28.1100 28.6900 28.6000     -0.0533       0.0000    0.0000            0
1993 11 17 27.9300 28.2800 28.1300     -0.4987       0.0000    0.0000            0
1993 11 18 27.6700 27.9600 27.9100     -0.7400       0.0000    0.0000            0
1993 11 19 27.6100 28.6100 28.3700     -0.1540       0.0000    0.0000            0
1993 11 20 28.0700 28.7100 28.5700      0.0517       0.0000    0.0000            0
1993 11 21 28.3900 28.7800 28.7200      0.1000       0.0000    0.0000            0
1993 11 22 28.2200 28.5700 28.5400      0.0357       0.0000    0.0000            0
1993 11 23 28.3600 28.9100 28.7600      0.2547       0.0000    0.0000            0
1993 11 24 27.8600 29.3000 28.9000      0.3990       0.0000    0.0000            0
1993 11 25 28.2100 29.3600 29.1500      0.6333       0.0000    0.0000            0
1993 11 26 28.3200 29.4200 29.2500      0.7540       0.0000    0.0000            0
1993 11 27 28.0100 28.6300 28.5100     -0.0440       0.0000    0.0000            0
1993 11 28 28.1800 28.7800 28.6500      0.1140       0.0000    0.0000            0
1993 11 29 28.3100 28.9200 28.8000      0.3400       0.0000    0.0000            0
1993 11 30 28.5400 29.1800 29.0800      0.5650       0.0000    0.0000            0
1993 12 01 28.5200 29.2800 29.1700      0.6580       0.0000    0.0000            0
1993 12 02 28.2900 29.4100 29.2000      0.6577       0.0000    0.0000            0
1993 12 03 28.1400 29.0900 29.0000      0.4340       0.0000    0.0000            0
1993 12 04 28.0400 29.0100 28.8700      0.3267       0.0000    0.0000            0
1993 12 05 28.1200 29.0000 28.4600     -0.0667       0.0000    0.0000            0
1993 12 06 28.0800 28.6700 28.3100     -0.2140       0.0000    0.0000            0
1993 12 07 27.8400 28.5100 28.2800     -0.1173       0.0000    0.0000            0
1993 12 08 28.0600 28.3100 28.2700     -0.2037       0.0000    0.0000            0
1993 12 09 28.3900 28.7600 28.6800      0.1720       0.0000    0.0000            0
1993 12 10 28.5600 29.0300 29.0100      0.5833       0.0000    0.0000            0
1993 12 11 28.5100 29.0200 28.9100      0.4773       0.0000    0.0000            0
1993 12 12 28.3100 28.9200 28.7800      0.2990       0.0000    0.0000            0
1993 12 13 28.0600 28.8100 28.7600      0.3547       0.0000    0.0000            0
1993 12 14 28.2600 28.9700 28.9300      0.5323       0.0000    0.0000            0
1993 12 15 28.2800 28.8800 28.8500      0.5500       0.0000    0.0000            0
1993 12 16 28.4200 28.7500 28.6600      0.2145       0.0000    0.0000            0
1993 12 17 28.5100 28.9100 28.8800      0.4852       0.0000    0.0000            0
1993 12 18 28.2800 28.7900 28.7400      0.3587       0.0000    0.0000            0
1993 12 19 27.7700 28.7800 28.5300      0.1345       0.0000    0.0000            0
1993 12 20 27.4700 28.9900 28.8300      0.4219       0.0000    0.0000            0
1993 12 21 27.6600 29.3000 29.1400      0.7503       0.0000    0.0000            0
1993 12 22 27.8100 29.2600 29.1400      0.7687       0.0000    0.0000            0
1993 12 23 27.8500 28.7400 28.6800      0.3145       0.0000    0.0000            0
1993 12 24 27.9500 28.5400 28.5100      0.1539       0.0000    0.0000            0
1993 12 25 28.1600 28.7500 28.6400      0.3523       0.0000    0.0000            0
1993 12 26 28.2800 29.1000 29.0300      0.7403       0.0000    0.0000            0
1993 12 27 27.6000 28.7200 28.6800      0.4035       0.0000    0.0000            0
1993 12 28 27.8100 29.1600 29.0500      0.7829       0.0000    0.0000            0
1993 12 29 27.9500 29.3100 29.2600      1.0029       0.0000    0.0000            0
1993 12 30 28.0800 29.4600 29.4100      1.1871       0.0000    0.0000            0
1993 12 31 28.0800 29.3400 29.2800      1.0623       0.0000    0.0000            0
1994 01 01 27.7600 28.6400 28.5700      0.3613       0.0000    0.0000            0
1994 01 02 27.4400 28.0300 27.9700     -0.1990       0.0000    0.0000            0
1994 01 03 27.5700 28.0700 27.9300     -0.1916       0.0000    0.0000            0
1994 01 04 27.6500 28.3700 28.1800      0.0361       0.0000    0.0000            0
1994 01 05 27.3600 28.4200 28.1700      0.0274       0.0000    0.0000            0
1994 01 06 28.2400 28.7200 28.6900      0.5381       0.0000    0.0000            0
1994 01 07 28.3300 28.9400 28.9100      0.7690       0.0000    0.0000            0
1994 01 08 28.3500 29.0500 29.0300      0.9052       0.0000    0.0000            0
1994 01 09 28.4600 29.3900 29.3400      1.2287       0.0000    0.0000            0
1994 01 10 28.7200 29.5800 29.4700      1.3739       0.0000    0.0000            0
1994 01 11 28.9500 29.6000 29.4700      1.3113       0.0000    0.0000            0
1994 01 12 28.4900 29.2500 29.1600      1.1023       0.0000    0.0000            0
1994 01 13 28.4600 29.1700 29.1700      1.0894       0.0000    0.0000            0
1994 01 14 28.1300 29.1400 29.1300      1.0597       0.0000    0.0000            0
1994 01 15 27.5600 28.3000 28.1800      0.1600       0.0000    0.0000            0
1994 01 16 27.2500 27.9100 27.8100     -0.3055       0.0000    0.0000            0
1994 01 17 27.1100 27.9800 27.8900     -0.2023       0.0000    0.0000            0
1994 01 18 27.3100 28.1100 27.7800     -0.2274       0.0000    0.0000            0
1994 01 19 27.6600 28.4600 28.1200      0.0590       0.0000    0.0000            0
1994 01 20 27.6000 28.2900 28.0600     -0.0219       0.0000    0.0000            0
1994 01 21 27.3500 28.3500 28.2100      0.0810       0.0000    0.0000            0
1994 01 22 28.2700 28.8500 28.7600      0.6713       0.0000    0.0000            0
1994 01 23 28.3600 28.9000 28.7900      0.6490       0.0000    0.0000            0
1994 01 24 28.0000 28.6300 28.5100      0.4290       0.0000    0.0000            0
1994 01 25 27.7500 28.4200 28.2300      0.2445       0.0000    0.0000            0
1994 01 26 27.7000 28.3100 28.2100      0.1261       0.0000    0.0000            0
1994 01 27 27.4300 28.0500 27.9500     -0.1690       0.0000    0.0000            0
1994 01 28 27.5400 28.1800 28.0600     -0.0706       0.0000    0.0000            0
1994 01 29 27.6900 28.4600 28.3500      0.1923       0.0000    0.0000            0
1994 01 30 28.0600 28.5700 28.4500      0.2774       0.0000    0.0000            0
1994 01 31 28.1900 28.5500 28.4200      0.2710       0.0000    0.0000            0
1994 02 01 27.6700 28.2100 28.1300     -0.0326       0.0000    0.0000            0
1994 02 02 27.2100 27.6600 27.6500     -0.5371       0.0000    0.0000            0
1994 02 03 27.2400 27.6700 27.6200     -0.5597       0.0000    0.0000            0
1994 02 04 27.6900 28.1200 28.0500     -0.1284       0.0000    0.0000            0
1994 02 05 27.7600 28.2700 28.2300      0.0284       0.0000    0.0000            0
1994 02 06 27.6800 28.3400 28.3100      0.1106       0.0000    0.0000            0
1994 02 07 27.7200 28.5100 28.4200      0.2019       0.0000    0.0000            0
1994 02 08 27.6000 28.3400 28.2600      0.0365       0.0000    0.0000            0
1994 02 09 28.0300 28.7400 28.6400      0.4084       0.0000    0.0000            0
1994 02 10 27.6900 28.8100 28.6500      0.3906       0.0000    0.0000            0
1994 02 11 27.6700 28.6300 28.4100      0.1745       0.0000    0.0000            0
1994 02 12 27.3500 28.0900 27.9900     -0.2516       0.0000    0.0000            0
1994 02 13 27.4100 28.1100 28.0500     -0.1952       0.0000    0.0000            0
1994 02 14 27.4000 28.0800 28.0100     -0.2723       0.0000    0.0000            0
1994 02 15 27.4000 28.2300 28.0800     -0.1700       0.0000    0.0000            0
1994 02 16 27.2500 28.5100 28.2300     -0.0764       0.0000    0.0000            0
1994 02 17 27.3000 28.3500 28.0600     -0.2293       0.0000    0.0000            0
1994 02 18 27.7400 28.7600 28.4500      0.0786       0.0000    0.0000            0
1994 02 19 27.8100 28.9100 28.5000      0.1086       0.0000    0.0000            0
1994 02 20 28.1400 29.0500 28.9400      0.5061       0.0000    0.0000            0
1994 02 21 27.8700 28.7100 28.5300      0.1221       0.0000    0.0000            0
1994 02 22 27.7300 28.6300 28.5500      0.0825       0.0000    0.0000            0
1994 02 23 27.5800 28.3800 28.2800     -0.1971       0.0000    0.0000            0
1994 02 24 27.3800 28.5600 28.3600     -0.1468       0.0000    0.0000            0
1994 02 25 27.5100 28.6100 28.3900     -0.1364       0.0000    0.0000            0
1994 02 26 27.3800 28.1500 28.1000     -0.4661       0.0000    0.0000            0
1994 02 27 27.5500 28.1500 28.1200     -0.4800       0.0000    0.0000            0
1994 02 28 27.4900 28.2800 28.2100     -0.4200       0.0000    0.0000            0
1994 03 01 27.7100 28.6500 28.5300     -0.1200       0.0000    0.0000            0
1994 03 02 27.6700 28.6000 28.5300     -0.1600       0.0000    0.0000            0
1994 03 03 27.6800 28.5000 28.4200     -0.2686       0.0000    0.0000            0
1994 03 04 28.0800 28.8600 28.8500      0.1146       0.0000    0.0000            0
1994 03 05 27.7700 28.8500 28.7500     -0.0321       0.0000    0.0000            0
1994 03 06 27.5600 28.9000 28.7600     -0.0457       0.0000    0.0000            0
1994 03 07 27.5900 28.5700 28.4300     -0.4057       0.0000    0.0000            0
1994 03 08 27.7400 28.6900 28.5600     -0.3025       0.0000    0.0000            0
1994 03 09 27.7900 28.6100 28.5200     -0.3800       0.0000    0.0000            0
1994 03 10 27.9900 28.7700 28.6800     -0.2325       0.0000    0.0000            0
1994 03 11 27.9100 28.9000 28.7600     -0.0886       0.0000    0.0000            0
1994 03 12 28.1200 29.1200 29.0100      0.0425       0.0000    0.0000            0
1994 03 13 28.4700 29.4700 29.4200      0.4343       0.0000    0.0000            0
1994 03 14 28.6900 29.6300 29.5900      0.5768       0.0000    0.0000            0
1994 03 15 29.0800 29.7600 29.6700      0.7300       0.0000    0.0000            0
1994 03 16 29.2100 29.6800 29.6500      0.5868       0.0000    0.0000            0
1994 03 17 29.2900 29.6100 29.5800      0.4935       0.0000    0.0000            0
1994 03 18 29.2500 29.6200 29.5900      0.4794       0.0000    0.0000            0
1994 03 19 29.2300 29.7600 29.7200      0.5823       0.0000    0.0000            0
1994 03 20 28.9900 29.7000 29.5900      0.4323       0.0000    0.0000            0
1994 03 21 29.3300 30.0300 29.9200      0.8084       0.0000    0.0000            0
1994 03 22 29.4800 30.2700 30.1700      0.9674       0.1900    0.0000            1
1994 03 23 29.3100 30.1100 30.0200      0.8142       0.0500    0.0000            1
1994 03 24 28.9700 29.7700 29.7000      0.7823       0.0000    0.0000            1
1994 03 25 29.1000 29.8400 29.7500      0.8248       0.0000    0.0000            1
1994 03 26 29.2200 29.8800 29.7900      0.8239       0.0000    0.0000            1
1994 03 27 28.5000 29.0500 29.0100     -0.2503       0.0000    0.0000            1
1994 03 28 28.5300 28.8700 28.8300     -0.4645       0.0000    0.0000            1
1994 03 29 28.9500 29.3200 29.2400     -0.0687       0.0000    0.0000            1
1994 03 30 29.0700 29.5200 29.4300      0.1568       0.0000    0.0000            0
1994 03 31 29.0500 29.4800 29.4100     -0.0777       0.0000    0.0000            0
1994 04 01 29.1700 29.9400 29.8900      0.4987       0.0000    0.0000            0
1994 04 02 29.2800 29.9300 29.9100      0.5245       0.0000    0.0000            0
1994 04 03 29.7500 30.2400 30.1800      0.7403       0.1900    0.0000            1
1994 04 04 29.6700 30.1600 30.0900      0.6161       0.1100    0.0000            1
1994 04 05 29.8500 30.2200 30.1800      0.6994       0.1800    0.0000            1
1994 04 06 29.7800 30.3700 30.2500      0.6990       0.2800    0.0000            1
1994 04 07 29.7900 30.4100 30.2800      0.7032       0.3100    0.0000            1
1994 04 08 29.1700 29.7300 29.6400      0.0326       0.0000    0.0000            1
1994 04 09 29.1700 29.8000 29.7200      0.0894       0.0000    0.0000            1
1994 04 10 29.1300 29.7500 29.6700      0.0410       0.0000    0.0000            1
1994 04 11 29.1300 29.8300 29.6500     -0.0084       0.0000    0.0000            1
1994 04 12 29.3900 30.1900 29.8400      0.1487       0.0000    0.0000            1
1994 04 13 29.3800 30.0500 29.9200      0.2065       0.0000    0.0000            1
1994 04 14 29.5500 30.0100 29.9700      0.2535       0.0100    0.0000            1
1994 04 15 29.5200 30.1200 30.0800      0.4400       0.1300    0.0000            1
1994 04 16 29.4800 30.2200 30.1000      0.6140       0.1500    0.0000            1
1994 04 17 29.2000 30.2500 30.0900      0.2180       0.0500    0.0000            1
1994 04 18 29.4400 30.3700 30.2500      0.4880       0.2900    0.0000            1
1994 04 19 29.5500 30.3500 30.2500      0.4507       0.2600    0.0000            1
1994 04 20 29.5500 30.2500 30.1700      0.3633       0.1800    0.0000            1
1994 04 21 29.4600 30.3000 30.1700      0.2700       0.1500    0.0000            1
1994 04 22 29.4800 30.1600 30.1000      0.1980       0.0600    0.0000            1
1994 04 23 29.6300 30.2800 30.1600      0.2547       0.1300    0.0000            1
1994 04 24 29.8200 30.4600 30.3500      0.5060       0.3100    0.0000            1
1994 04 25 29.8600 30.2800 30.2000      0.3600       0.2000    0.0000            1
1994 04 26 29.7300 30.2100 30.1300      0.2783       0.1200    0.0000            1
1994 04 27 29.6600 30.2000 30.0800      0.2240       0.0800    0.0000            1
1994 04 28 29.5300 30.1700 30.1000      0.1577       0.0500    0.0000            1
1994 04 29 29.8900 30.6600 30.6300      0.6860       0.5900    0.0000            1
1994 04 30 30.1000 30.8600 30.7900      0.9050       0.7800    0.0000            1
1994 05 01 30.1700 30.9200 30.8700      0.9140       0.8300    0.0000            1
1994 05 02 30.0900 30.7800 30.7300      0.8340       0.7300    0.0000            1
1994 05 03 29.9600 30.8200 30.7100      0.8000       0.7000    0.0000            1
1994 05 04 30.3500 30.7400 30.6900      0.7890       0.6900    0.0000            1
1994 05 05 30.2900 30.8100 30.7200      0.8333       0.7600    0.0000            1
1994 05 06 30.1500 30.9600 30.8900      1.0280       0.8900    0.0000            1
1994 05 07 29.2500 30.2300 29.9900      0.0580       0.0000    0.0000            1
1994 05 08 29.5700 30.3900 29.9900      0.0607       0.0000    0.0000            1
1994 05 09 29.6600 30.2500 29.9700      0.0320       0.0000    0.0000            1
1994 05 10 29.6300 30.1500 30.0200      0.0100       0.0000    0.0000            1
1994 05 11 29.5300 30.2300 30.1000      0.0840       0.0600    0.0000            1
1994 05 12 29.5700 30.2700 30.2000      0.1870       0.1700    0.0000            1
1994 05 13 29.7300 30.3000 30.1800      0.1953       0.1800    0.0000            1
1994 05 14 29.6600 30.2800 30.1900      0.1560       0.1500    0.0000            1
1994 05 15 29.3700 29.9100 29.7600     -0.2900       0.0000    0.0000            1
1994 05 16 29.1300 29.8100 29.7800     -0.1823       0.0000    0.0000            1
1994 05 17 28.9600 29.8600 29.7500     -0.1852       0.0000    0.0000            1
1994 05 18 29.4900 30.3700 30.1700      0.2974       0.1900    0.0000            1
1994 05 19 29.5400 30.4400 30.2500      0.4219       0.2800    0.0000            1
1994 05 20 29.8100 30.6600 30.6200      0.8068       0.6100    0.0000            1
1994 05 21 29.9600 30.5700 30.5100      0.7387       0.5200    0.0000            1
1994 05 22 29.9000 30.5400 30.4200      0.6906       0.4400    0.0000            1
1994 05 23 29.8700 30.5800 30.4000      0.7113       0.4300    0.0000            1
1994 05 24 29.7700 30.7700 30.6000      0.9474       0.5700    0.0000            1
1994 05 25 29.6500 30.5500 30.3800      0.7703       0.3800    0.0000            1
1994 05 26 29.5900 30.4000 30.2900      0.7171       0.2700    0.0000            1
1994 05 27 29.4900 30.2300 30.1100      0.6139       0.1300    0.0000            1
1994 05 28 29.3800 30.1200 29.9800      0.4955       0.0300    0.0000            1
1994 05 29 29.1300 29.9600 29.8900      0.4084       0.0000    0.0000            1
1994 05 30 28.8900 29.9000 29.8300      0.4381       0.0000    0.0000            1
1994 05 31 28.7000 29.8900 29.7800      0.4216       0.0000    0.0000            1
1994 06 01 28.8000 29.8900 29.7800      0.4245       0.0000    0.0000            1
1994 06 02 28.9300 30.0000 29.8400      0.5061       0.0000    0.0000            1
1994 06 03 29.0000 30.0700 29.8400      0.5448       0.0000    0.0000            1
1994 06 04 29.0400 29.9000 29.8100      0.5923       0.0000    0.0000            0
1994 06 05 29.0800 29.9200 29.7900      0.6339       0.0000    0.0000            0
1994 06 06 29.0200 29.7600 29.6800      0.5342       0.0000    0.0000            0
1994 06 07 28.8100 29.5500 29.4100      0.2710       0.0000    0.0000            0
1994 06 08 28.6700 29.3100 29.1600      0.0571       0.0000    0.0000            0
1994 06 09 28.6100 29.2200 29.0900      0.0132       0.0000    0.0000            0
1994 06 10 28.4900 29.0500 28.9300     -0.0787       0.0000    0.0000            0
1994 06 11 28.3500 28.7500 28.6900     -0.3232       0.0000    0.0000            0
1994 06 12 28.2000 28.6900 28.5800     -0.3732       0.0000    0.0000            0
1994 06 13 28.1400 28.8800 28.7800     -0.0713       0.0000    0.0000            0
1994 06 14 28.0500 28.7800 28.6600     -0.1413       0.0000    0.0000            0
1994 06 15 28.2400 28.9900 28.8300     -0.0200       0.0000    0.0000            0
1994 06 16 28.2300 29.2300 28.9600      0.1253       0.0000    0.0000            0
1994 06 17 28.2500 29.3300 28.9800      0.2033       0.0000    0.0000            0
1994 06 18 28.1500 29.3300 28.9400      0.2090       0.0000    0.0000            0
1994 06 19 28.0400 29.1800 28.7100      0.1327       0.0000    0.0000            0
1994 06 20 28.3000 29.4400 28.9600      0.3050       0.0000    0.0000            0
1994 06 21 28.1300 28.9700 28.8800      0.2720       0.0000    0.0000            0
1994 06 22 28.1200 28.7600 28.5900      0.1140       0.0000    0.0000            0
1994 06 23 28.1200 28.7600 28.5300     -0.0147       0.0000    0.0000            0
1994 06 24 28.0600 28.6600 28.5700      0.0480       0.0000    0.0000            0
1994 06 25 27.8000 28.7400 28.2500     -0.1533       0.0000    0.0000            0
1994 06 26 27.8500 28.9000 28.3500     -0.0010       0.0000    0.0000            0
1994 06 27 27.3600 28.6300 28.0000     -0.4300       0.0000    0.0000            0
1994 06 28 26.7800 27.7600 27.5300     -0.7573       0.0000    0.0000            0
1994 06 29 26.5800 27.7900 27.5000     -0.7680       0.0000    0.0000            0
1994 06 30 26.7300 27.7700 27.5600     -0.8050       0.0000    0.0000            0
1994 07 01 26.9800 28.1600 27.8800     -0.4360       0.0000    0.0000            0
1994 07 02 27.1100 28.1600 27.8400     -0.4350       0.0000    0.0000            0
1994 07 03 27.1900 28.2400 27.8600     -0.3940       0.0000    0.0000            0
1994 07 04 27.7300 28.6300 28.4400      0.3450       0.0000    0.0000            0
1994 07 05 27.7300 28.7100 28.4900      0.4100       0.0000    0.0000            0
1994 07 06 27.7900 28.6200 28.4900      0.5000       0.0000    0.0000            0
1994 07 07 27.3800 28.5000 28.1200      0.1300       0.0000    0.0000            0
1994 07 08 27.6900 28.6700 28.5600      0.4127       0.0000    0.0000            0
1994 07 09 27.4300 28.5000 28.4100      0.2680       0.0000    0.0000            0
1994 07 10 26.6100 28.2600 27.8800     -0.0917       0.0000    0.0000            0
1994 07 11 26.5400 28.2400 27.7400     -0.2780       0.0000    0.0000            0
1994 07 12 26.8000 28.2400 27.8500     -0.0180       0.0000    0.0000            0
1994 07 13 26.9900 28.2300 27.9500      0.0993       0.0000    0.0000            0
1994 07 14 26.8500 28.2400 27.8300      0.0147       0.0000    0.0000            0
1994 07 15 27.5100 28.4800 28.2600      0.6100       0.0000    0.0000            0
1994 07 16 27.4900 28.3800 28.2100      0.5516       0.0000    0.0000            0
1994 07 17 27.4700 28.7600 28.5400      0.9748       0.0000    0.0000            0
1994 07 18 27.7200 28.6600 28.5000      0.8629       0.0000    0.0000            0
1994 07 19 27.7000 28.8300 28.6300      1.0200       0.0000    0.0000            0
1994 07 20 27.6200 28.6400 28.4200      0.8032       0.0000    0.0000            0
1994 07 21 27.4500 28.3400 28.1400      0.5358       0.0000    0.0000            0
1994 07 22 27.5500 28.5300 28.3400      0.7423       0.0000    0.0000            0
1994 07 23 27.6800 28.8500 28.6700      0.9265       0.0000    0.0000            0
1994 07 24 27.8700 28.9400 28.8200      1.2239       0.0000    0.0000            0
1994 07 25 27.5100 28.4700 28.3500      0.3681       0.0000    0.0000            0
1994 07 26 27.4600 28.5500 28.3500      0.5381       0.0000    0.0000            0
1994 07 27 27.5800 28.5300 28.3400      0.3797       0.0000    0.0000            0
1994 07 28 27.6000 28.4000 28.2500      0.4355       0.0000    0.0000            0
1994 07 29 27.1200 28.3100 28.1200      0.3248       0.0000    0.0000            0
1994 07 30 27.1200 28.2900 28.0900      0.3365       0.0000    0.0000            0
1994 07 31 27.2500 28.1700 28.0600      0.4929       0.0000    0.0000            0
1994 08 01 26.4900 28.0200 27.8900     -0.0513       0.0000    0.0000            0
1994 08 02 26.3800 28.0300 27.8600      0.1119       0.0000    0.0000            0
1994 08 03 26.4500 28.1400 27.8900     -0.0581       0.0000    0.0000            0
1994 08 04 26.3700 27.8900 27.7100     -0.2203       0.0000    0.0000            0
1994 08 05 26.3900 27.9300 27.7700     -0.1548       0.0000    0.0000            0
1994 08 06 26.5000 28.0100 27.8300      0.0777       0.0000    0.0000            0
1994 08 07 26.8200 28.2100 28.0900      0.4061       0.0000    0.0000            0
1994 08 08 26.5800 27.9900 27.8000      0.2103       0.0000    0.0000            0
1994 08 09 26.5300 27.8800 27.7100      0.1174       0.0000    0.0000            0
1994 08 10 26.6800 27.8400 27.7100      0.0226       0.0000    0.0000            0
1994 08 11 26.7400 28.0200 27.8000      0.1016       0.0000    0.0000            0
1994 08 12 26.8400 28.1900 27.8800      0.0826       0.0000    0.0000            0
1994 08 13 27.7600 29.1500 28.7500      1.0477       0.0000    0.0000            0
1994 08 14 28.3500 29.0100 28.9400      1.0861       0.0000    0.0000            0
1994 08 15 28.3400 29.0600 28.9400      1.1400       0.0000    0.0000            0
1994 08 16 28.2500 28.9100 28.7100      1.3632       0.0000    0.0000            0
1994 08 17 27.8600 28.4200 28.3300      0.4597       0.0000    0.0000            0
1994 08 18 27.5500 28.6900 28.3300      0.5919       0.0000    0.0000            0
1994 08 19 27.2500 28.4400 27.9500      0.2448       0.0000    0.0000            0
1994 08 20 26.9400 28.4100 27.9100      0.1684       0.0000    0.0000            0
1994 08 21 26.7600 28.2800 27.8800      0.1219       0.0000    0.0000            0
1994 08 22 26.7500 28.2100 27.8000      0.0377       0.0000    0.0000            0
1994 08 23 26.4700 27.7000 27.3100     -0.4626       0.0000    0.0000            0
1994 08 24 26.5000 27.7900 27.2900     -0.4900       0.0000    0.0000            0
1994 08 25 26.5200 27.8100 27.2600     -0.3552       0.0000    0.0000            0
1994 08 26 26.8300 27.9600 27.6600     -0.1916       0.0000    0.0000            0
1994 08 27 27.0500 28.4700 27.9600      0.0948       0.0000    0.0000            0
1994 08 28 27.0800 28.5700 28.0300      0.1419       0.0000    0.0000            0
1994 08 29 26.9900 28.4100 28.0400      0.4442       0.0000    0.0000            0
1994 08 30 26.9100 28.3200 27.9200      0.3016       0.0000    0.0000            0
1994 08 31 27.1400 28.3600 28.0800      0.4532       0.0000    0.0000            0
1994 09 01 26.9700 27.8700 27.6900     -0.2187       0.0000    0.0000            0
1994 09 02 26.9400 27.7200 27.6400     -0.2861       0.0000    0.0000            0
1994 09 03 26.7100 27.6200 27.5300     -0.3987       0.0000    0.0000            0
1994 09 04 26.8100 27.9300 27.8000     -0.1255       0.0000    0.0000            0
1994 09 05 26.6500 27.7800 27.6300     -0.2852       0.0000    0.0000            0
1994 09 06 26.7600 27.7200 27.6400     -0.3265       0.0000    0.0000            0
1994 09 07 26.5600 27.6000 27.4800     -0.4658       0.0000    0.0000            0
1994 09 08 26.1900 27.5900 27.2000     -0.6129       0.0000    0.0000            0
1994 09 09 26.5800 28.0200 27.5100     -0.4323       0.0000    0.0000            0
1994 09 10 26.9100 27.9300 27.4200     -0.5352       0.0000    0.0000            0
1994 09 11 26.8800 27.7200 27.3600     -0.6013       0.0000    0.0000            0
1994 09 12 26.6000 27.2000 27.0200     -0.9497       0.0000    0.0000            0
1994 09 13 27.1500 27.8600 27.7400     -0.1423       0.0000    0.0000            0
1994 09 14 27.2200 28.4600 28.3300      0.4242       0.0000    0.0000            0
1994 09 15 27.1600 28.2500 28.1400      0.2300       0.0000    0.0000            0
1994 09 16 27.5400 28.4200 28.2600      0.3787       0.0000    0.0000            0
1994 09 17 27.4900 28.3300 28.2200      0.2973       0.0000    0.0000            0
1994 09 18 27.4200 28.0500 27.8900      0.1560       0.0000    0.0000            0
1994 09 19 27.3000 28.0500 27.9500     -0.0853       0.0000    0.0000            0
1994 09 20 27.6300 28.4500 28.3900      0.3233       0.0000    0.0000            0
1994 09 21 27.6300 28.4700 28.4300      0.3420       0.0000    0.0000            0
1994 09 22 27.4800 28.1500 28.1000      0.0083       0.0000    0.0000            0
1994 09 23 27.6600 28.6800 28.2600      0.1587       0.0000    0.0000            0
1994 09 24 27.8900 28.9100 28.5700      0.7380       0.0000    0.0000            0
1994 09 25 28.2200 29.0200 28.9300      0.8200       0.0000    0.0000            0
1994 09 26 27.9800 28.9500 28.6800      0.6043       0.0000    0.0000            0
1994 09 27 28.3500 29.3700 28.8400      0.6800       0.0000    0.0000            0
1994 09 28 28.3500 29.2000 28.7300      0.5553       0.0000    0.0000            0
1994 09 29 28.6600 29.5600 29.2200      1.0287       0.0000    0.0000            0
1994 09 30 28.7100 30.1400 29.4000      1.2000       0.0000    0.0000            0
1994 10 01 28.4200 30.0800 29.0000      0.7867       0.0000    0.0000            0
1994 10 02 28.3000 29.7700 28.7300      0.5890       0.0000    0.0000            0
1994 10 03 27.6300 29.5300 28.4000      0.1560       0.0000    0.0000            0
1994 10 04 27.5600 29.3000 28.4000      0.1403       0.0000    0.0000            0
1994 10 05 27.6500 29.0600 28.3900      0.1967       0.0000    0.0000            0
1994 10 06 27.5200 29.4300 28.4300      0.1470       0.0000    0.0000            0
1994 10 07 27.3900 28.7600 28.0100     -0.2060       0.0000    0.0000            0
1994 10 08 28.2900 28.8900 28.7800      0.5117       0.0000    0.0000            0
1994 10 09 28.3500 29.0000 28.9000      0.6800       0.0000    0.0000            0
1994 10 10 28.1100 28.8400 28.7600      0.5417       0.0000    0.0000            0
1994 10 11 28.0000 28.8000 28.5700      0.3540       0.0000    0.0000            0
1994 10 12 27.6800 28.5200 28.2700     -0.0540       0.0000    0.0000            0
1994 10 13 28.0800 28.4900 28.4300      0.2527       0.0000    0.0000            0
1994 10 14 28.3800 28.7500 28.6800      0.3123       0.0000    0.0000            0
1994 10 15 28.3800 28.7400 28.7000      0.3300       0.0000    0.0000            0
1994 10 16 28.2300 28.8600 28.7700      0.4023       0.0000    0.0000            0
1994 10 17 28.1000 28.6300 28.6000      0.1765       0.0000    0.0000            0
1994 10 18 28.1500 28.7800 28.6900      0.2516       0.0000    0.0000            0
1994 10 19 28.1800 28.8400 28.6900      0.2803       0.0000    0.0000            0
1994 10 20 27.8500 28.5600 28.4100      0.0113       0.0000    0.0000            0
1994 10 21 27.8100 28.4100 28.3500     -0.0465       0.0000    0.0000            0
1994 10 22 27.7000 28.2900 28.2000     -0.2519       0.0000    0.0000            0
1994 10 23 27.6300 28.2600 27.9500     -0.4997       0.0000    0.0000            0
1994 10 24 27.6100 28.5100 28.0100     -0.4526       0.0000    0.0000            0
1994 10 25 27.7700 28.6500 28.2400     -0.1535       0.0000    0.0000            0
1994 10 26 27.9800 28.5600 28.4700      0.1335       0.0000    0.0000            0
1994 10 27 28.1200 28.6400 28.5500      0.0871       0.0000    0.0000            0
1994 10 28 28.2100 28.7500 28.6300      0.1494       0.0000    0.0000            0
1994 10 29 28.1300 28.5300 28.5300      0.0645       0.0000    0.0000            0
1994 10 30 28.2500 28.7600 28.6400      0.3461       0.0000    0.0000            0
1994 10 31 28.0200 28.6300 28.5200      0.0987       0.0000    0.0000            0
1994 11 01 27.9000 28.5200 28.3300      0.0016       0.0000    0.0000            0
1994 11 02 27.7200 28.3600 28.2500     -0.2694       0.0000    0.0000            0
1994 11 03 27.8100 28.3400 28.1800     -0.1729       0.0000    0.0000            0
1994 11 04 28.2400 28.9600 28.7300      0.1765       0.0000    0.0000            0
1994 11 05 27.9200 28.6100 28.3300     -0.2294       0.0000    0.0000            0
1994 11 06 27.9500 28.7600 28.3700     -0.1974       0.0000    0.0000            0
1994 11 07 27.8900 28.7900 28.2800     -0.2439       0.0000    0.0000            0
1994 11 08 28.1700 29.0300 28.5500      0.0248       0.0000    0.0000            0
1994 11 09 28.2600 28.9400 28.6800      0.2255       0.0000    0.0000            0
1994 11 10 28.0400 28.6800 28.4300     -0.0555       0.0000    0.0000            0
1994 11 11 28.0200 28.5800 28.3300     -0.2558       0.0000    0.0000            0
1994 11 12 28.2300 28.9000 28.5800     -0.0348       0.0000    0.0000            0
1994 11 13 28.1200 28.7100 28.5600     -0.0639       0.0000    0.0000            0
1994 11 14 27.7400 28.8000 28.4600     -0.0671       0.0000    0.0000            0
1994 11 15 27.7000 28.8400 28.5400     -0.0800       0.0000    0.0000            0
1994 11 16 27.8500 28.9700 28.6800      0.1463       0.0000    0.0000            0
1994 11 17 27.8600 28.7500 28.5300     -0.0993       0.0000    0.0000            0
1994 11 18 27.8600 28.8600 28.6900      0.0540       0.0000    0.0000            0
1994 11 19 28.2000 29.0900 28.8600      0.2800       0.0000    0.0000            0
1994 11 20 28.4400 29.2900 29.0600      0.4850       0.0000    0.0000            0
1994 11 21 28.7200 29.4200 29.3400      0.7380       0.0000    0.0000            0
1994 11 22 28.4600 29.3100 29.2500      0.6560       0.0000    0.0000            0
1994 11 23 28.4600 29.0600 28.9800      0.3760       0.0000    0.0000            0
1994 11 24 28.2800 29.0000 28.9100      0.4230       0.0000    0.0000            0
1994 11 25 27.8300 28.7700 28.6800      0.1200       0.0000    0.0000            0
1994 11 26 28.1800 28.7000 28.6600      0.0880       0.0000    0.0000            0
1994 11 27 27.9800 28.6700 28.5900      0.0400       0.0000    0.0000            0
1994 11 28 28.3900 28.9300 28.8900      0.3263       0.0000    0.0000            0
1994 11 29 28.3600 29.0800 29.0100      0.4647       0.0000    0.0000            0
1994 11 30 27.7700 28.8600 28.8100      0.2750       0.0000    0.0000            0
1994 12 01 27.7300 28.5000 28.4500     -0.0933       0.0000    0.0000            0
1994 12 02 27.4900 28.1200 28.0200     -0.4993       0.0000    0.0000            0
1994 12 03 27.7000 28.2200 28.1100     -0.3920       0.0000    0.0000            0
1994 12 04 27.7900 28.7700 28.7300      0.2157       0.0000    0.0000            0
1994 12 05 28.2800 28.6600 28.6200      0.1133       0.0000    0.0000            0
1994 12 06 28.1400 28.5100 28.4600     -0.0460       0.0000    0.0000            0
1994 12 07 28.4300 28.7400 28.7000      0.2553       0.0000    0.0000            0
1994 12 08 28.4500 28.8100 28.7600      0.2863       0.0000    0.0000            0
1994 12 09 28.3400 29.0100 28.9400      0.5000       0.0000    0.0000            0
1994 12 10 28.1200 29.3700 29.0600      0.6217       0.0000    0.0000            0
1994 12 11 27.8600 29.8000 29.3900      0.9587       0.0000    0.0000            0
1994 12 12 27.9900 29.7900 28.7000      0.2690       0.0000    0.0000            0
1994 12 13 27.8000 29.7900 28.4700      0.0427       0.0000    0.0000            0
1994 12 14 27.7100 29.2800 28.3600     -0.0637       0.0000    0.0000            0
1994 12 15 27.5600 29.2300 28.5900      0.1700       0.0000    0.0000            0
1994 12 16 27.6000 29.1700 28.5900      0.1806       0.0000    0.0000            0
1994 12 17 27.7800 28.7500 28.7300      0.4242       0.0000    0.0000            0
1994 12 18 28.2400 28.8900 28.8500      0.4587       0.0000    0.0000            0
1994 12 19 28.2900 28.7900 28.7700      0.4871       0.0000    0.0000            0
1994 12 20 28.0600 28.3900 28.3500     -0.0139       0.0000    0.0000            0
1994 12 21 27.6600 28.2100 28.1400     -0.1984       0.0000    0.0000            0
1994 12 22 27.5400 28.1600 28.0800     -0.2474       0.0000    0.0000            0
1994 12 23 27.2600 28.0900 28.0100     -0.3248       0.0000    0.0000            0
1994 12 24 27.7400 28.5700 28.5500      0.2768       0.0000    0.0000            0
1994 12 25 28.0300 29.1200 28.7400      0.4977       0.0000    0.0000            0
1994 12 26 27.9300 29.2300 28.7400      0.4619       0.0000    0.0000            0
1994 12 27 27.8900 28.9700 28.5700      0.3616       0.0000    0.0000            0
1994 12 28 27.7400 28.3600 28.1800     -0.1000       0.0000    0.0000            0
1994 12 29 28.0000 28.5300 28.4100      0.1345       0.0000    0.0000            0
1994 12 30 27.7800 28.5800 28.3300      0.0974       0.0000    0.0000            0
1994 12 31 27.9500 28.8200 28.5800      0.3252       0.0000    0.0000            0
1995 01 01 27.4700 28.3500 28.1500     -0.0639       0.0000    0.0000            0
1995 01 02 27.2200 28.3900 28.1300     -0.0642       0.0000    0.0000            0
1995 01 03 26.8900 28.3600 28.0400     -0.1358       0.0000    0.0000            0
1995 01 04 27.0000 28.0700 27.9900     -0.1845       0.0000    0.0000            0
1995 01 05 27.0500 27.9400 27.8300     -0.3213       0.0000    0.0000            0
1995 01 06 26.9900 27.8500 27.6300     -0.5352       0.0000    0.0000            0
1995 01 07 26.9700 27.9700 27.5800     -0.5777       0.0000    0.0000            0
1995 01 08 27.2700 28.2600 27.8600     -0.3100       0.0000    0.0000            0
1995 01 09 27.6300 28.4400 28.1500      0.0113       0.0000    0.0000            0
1995 01 10 27.7200 28.5300 28.2300      0.1355       0.0000    0.0000            0
1995 01 11 27.7300 28.4700 28.1800      0.1206       0.0000    0.0000            0
1995 01 12 27.3700 28.2800 27.8600     -0.2619       0.0000    0.0000            0
1995 01 13 27.6500 28.6700 28.3900      0.2606       0.0000    0.0000            0
1995 01 14 27.5800 28.4300 28.2200      0.1100       0.0000    0.0000            0
1995 01 15 27.7800 28.4300 28.2500      0.1300       0.0000    0.0000            0
1995 01 16 27.7100 28.3400 28.2300      0.1252       0.0000    0.0000            0
1995 01 17 27.6100 28.3800 28.1800      0.1726       0.0000    0.0000            0
1995 01 18 27.0900 28.0200 27.8400     -0.2423       0.0000    0.0000            0
1995 01 19 27.3400 28.0900 27.9200     -0.1410       0.0000    0.0000            0
1995 01 20 27.6600 28.3800 28.0500      0.0097       0.0000    0.0000            0
1995 01 21 27.8100 28.6900 28.6200      0.5632       0.0000    0.0000            0
1995 01 22 27.7400 28.1900 28.0800      0.0158       0.0000    0.0000            0
1995 01 23 27.1000 28.4500 28.1200      0.0032       0.0000    0.0000            0
1995 01 24 26.9300 28.0600 27.8900     -0.2677       0.0000    0.0000            0
1995 01 25 26.6500 27.9600 27.7500     -0.3271       0.0000    0.0000            0
1995 01 26 27.4100 28.1900 28.1700      0.0777       0.0000    0.0000            0
1995 01 27 28.0100 29.1900 29.0400      0.8919       0.0000    0.0000            0
1995 01 28 28.0700 29.2600 29.0500      0.8871       0.0000    0.0000            0
1995 01 29 28.2300 29.2600 29.0700      0.8968       0.0000    0.0000            0
1995 01 30 28.6600 29.2600 29.2200      1.0981       0.0000    0.0000            0
1995 01 31 28.2600 28.9400 28.8100      0.7113       0.0000    0.0000            0
1995 02 01 28.5300 29.0200 28.8800      0.7539       0.0000    0.0000            0
1995 02 02 28.6500 29.0400 28.9200      0.7748       0.0000    0.0000            0
1995 02 03 28.7700 29.2900 29.1900      0.9942       0.0000    0.0000            0
1995 02 04 28.5000 29.2100 29.0800      0.8668       0.0000    0.0000            0
1995 02 05 27.9800 28.7600 28.7100      0.5119       0.0000    0.0000            0
1995 02 06 27.7900 28.6600 28.4900      0.2706       0.0000    0.0000            0
1995 02 07 27.9100 28.7800 28.5900      0.3661       0.0000    0.0000            0
1995 02 08 27.5500 28.9400 28.6800      0.5639       0.0000    0.0000            0
1995 02 09 27.7400 28.8400 28.5600      0.3490       0.0000    0.0000            0
1995 02 10 27.5100 28.7200 28.3600      0.1071       0.0000    0.0000            0
1995 02 11 27.4200 28.1600 28.1200     -0.1106       0.0000    0.0000            0
1995 02 12 27.4700 28.2900 28.2300     -0.0055       0.0000    0.0000            0
1995 02 13 27.5100 28.4400 28.3100      0.0348       0.0000    0.0000            0
1995 02 14 27.8800 29.0600 28.9000      0.6352       0.0000    0.0000            0
1995 02 15 27.7400 29.0600 28.8400      0.5600       0.0000    0.0000            0
1995 02 16 28.1100 29.4600 29.2900      0.9736       0.0000    0.0000            0
1995 02 17 28.3000 29.6300 29.4700      1.1493       0.0000    0.0000            0
1995 02 18 28.3500 29.2600 28.9200      0.5696       0.0000    0.0000            0
1995 02 19 27.8300 28.8200 28.5900      0.2300       0.0000    0.0000            0
1995 02 20 27.3900 28.1400 27.9500     -0.4382       0.0000    0.0000            0
1995 02 21 27.9700 28.8700 28.6700      0.2414       0.0000    0.0000            0
1995 02 22 28.6400 29.4000 29.0900      0.6400       0.0000    0.0000            0
1995 02 23 28.8400 29.3800 29.2800      0.8529       0.0000    0.0000            0
1995 02 24 28.4100 29.1000 28.9400      0.7518       0.0000    0.0000            0
1995 02 25 28.3100 28.8500 28.6500      0.3414       0.0000    0.0000            0
1995 02 26 28.1600 28.5000 28.4400     -0.1361       0.0000    0.0000            0
1995 02 27 28.2000 28.5000 28.4600     -0.1457       0.0000    0.0000            0
1995 02 28 27.9300 28.7100 28.4900     -0.1582       0.0000    0.0000            0
1995 03 01 27.4200 28.5200 28.3600     -0.3000       0.0000    0.0000            0
1995 03 02 27.1500 28.4400 28.3600     -0.3300       0.0000    0.0000            0
1995 03 03 27.9400 28.7700 28.6500     -0.0743       0.0000    0.0000            0
1995 03 04 28.2000 28.8800 28.8300      0.1289       0.0000    0.0000            0
1995 03 05 28.5700 29.0600 29.0200      0.3071       0.0000    0.0000            0
1995 03 06 28.6900 29.3300 29.3000      0.5011       0.0000    0.0000            0
1995 03 07 28.8600 29.5400 29.5000      0.6800       0.0000    0.0000            0
1995 03 08 28.4100 29.2400 29.1200      0.3725       0.0000    0.0000            0
1995 03 09 28.0600 28.8400 28.7800     -0.1121       0.0000    0.0000            0
1995 03 10 28.3600 29.6700 28.9100      0.0139       0.0000    0.0000            0
1995 03 11 28.2900 29.6100 29.2400      0.3457       0.0000    0.0000            0
1995 03 12 28.0500 29.2700 29.1300      0.1300       0.0000    0.0000            0
1995 03 13 28.5100 29.2700 29.1700      0.2514       0.0000    0.0000            0
1995 03 14 28.7200 29.4300 29.3000      0.2596       0.0000    0.0000            0
1995 03 15 28.7200 29.5000 29.3900      0.4000       0.0000    0.0000            0
1995 03 16 28.0400 29.8400 29.5500      0.4965       0.0000    0.0000            0
1995 03 17 28.1200 29.4400 29.3500      0.2290       0.0000    0.0000            0
1995 03 18 28.0400 29.4000 29.2700      0.1055       0.0000    0.0000            0
1995 03 19 28.7600 29.8900 29.7800      0.5981       0.0000    0.0000            0
1995 03 20 28.7100 29.7400 29.3800      0.2506       0.0000    0.0000            0
1995 03 21 28.2500 29.5400 29.2600      0.1006       0.0000    0.0000            0
1995 03 22 28.0200 29.6600 29.2600      0.0574       0.0000    0.0000            0
1995 03 23 28.7000 30.0900 29.8300      0.7016       0.0000    0.0000            0
1995 03 24 28.7900 30.2000 29.8800      0.6452       0.0000    0.0000            0
1995 03 25 28.8400 30.2100 29.9900      0.7245       0.0000    0.0000            0
1995 03 26 28.8400 29.9900 29.7900      0.4461       0.0000    0.0000            0
1995 03 27 28.8200 30.0700 29.9400      0.5703       0.0000    0.0000            0
1995 03 28 28.6600 30.0300 29.7800      0.4439       0.0000    0.0000            0
1995 03 29 28.2200 29.5900 29.1700     -0.1787       0.0000    0.0000            0
1995 03 30 28.4400 29.1700 29.0700     -0.3823       0.0000    0.0000            0
1995 03 31 28.2900 29.0300 28.8400     -0.6477       0.0000    0.0000            0
1995 04 01 28.0200 28.9200 28.7700     -0.7287       0.0000    0.0000            0
1995 04 02 28.4100 29.3300 29.2000     -0.3245       0.0000    0.0000            0
1995 04 03 28.5600 29.5800 29.3300     -0.1574       0.0000    0.0000            0
1995 04 04 28.2300 29.2300 29.1000     -0.4732       0.0000    0.0000            0
1995 04 05 28.4900 29.2400 29.1200     -0.4952       0.0000    0.0000            0
1995 04 06 28.7500 29.6200 29.5200     -0.1077       0.0000    0.0000            0
1995 04 07 29.1600 29.9500 29.7900      0.2158       0.0000    0.0000            0
1995 04 08 29.0100 29.8900 29.5600     -0.0352       0.0000    0.0000            0
1995 04 09 29.1100 29.8200 29.6600      0.0413       0.0000    0.0000            0
1995 04 10 29.1300 29.7900 29.7100     -0.0242       0.0000    0.0000            0
1995 04 11 29.4200 30.1200 29.9200      0.2529       0.0000    0.0000            0
1995 04 12 29.2200 30.2400 29.9100      0.2306       0.0000    0.0000            0
1995 04 13 29.4400 30.3300 30.1500      0.3397       0.1200    0.0000            1
1995 04 14 28.7600 30.1300 29.9700      0.2235       0.0000    0.0000            1
1995 04 15 28.1200 29.3500 29.2200     -0.6500       0.0000    0.0000            1
1995 04 16 28.3700 30.0100 29.4300     -0.3377       0.0000    0.0000            1
1995 04 17 28.8700 30.4200 29.7200     -0.0567       0.0000    0.0000            1
1995 04 18 29.1300 30.4600 29.8400      0.0570       0.0000    0.0000            1
1995 04 19 29.3300 30.4000 30.2000      0.3087       0.1700    0.0000            1
1995 04 20 29.7900 30.9400 30.7700      0.9917       0.8000    0.0000            1
1995 04 21 30.1800 31.2800 31.1200      1.3460       1.1300    0.1614            2
1995 04 22 30.3300 31.2200 31.0500      1.2593       1.0600    0.3129            2
1995 04 23 30.4000 31.2600 31.1600      1.2520       1.1200    0.4729            2
1995 04 24 30.9800 31.6400 31.5200      1.7390       1.4800    0.6843            2
1995 04 25 30.1600 31.3800 30.9600      1.1300       0.9700    0.6843            2
1995 04 26 29.6800 31.0100 30.5200      0.6720       0.5200    0.6843            2
1995 04 27 29.5300 30.8500 30.4200      0.5760       0.4500    0.6843            2
1995 04 28 29.4300 30.6500 30.2300      0.3617       0.2200    0.6843            2
1995 04 29 29.5300 30.7900 30.4400      0.4913       0.3900    0.6843            2
1995 04 30 30.0600 30.9800 30.8600      0.9100       0.8300    0.6843            2
1995 05 01 30.2200 30.9800 30.8300      0.9473       0.8400    0.6843            1
1995 05 02 30.2300 31.2300 31.0900      1.2127       1.1000    0.8414            2
1995 05 03 29.7500 30.4700 30.3900      0.4880       0.4000    0.8414            2
1995 05 04 29.8100 30.4300 30.3100      0.3360       0.2700    0.8414            2
1995 05 05 29.5100 30.6100 30.1800      0.2033       0.1500    0.8414            2
1995 05 06 29.8300 30.8900 30.3600      0.3700       0.3100    0.8414            2
1995 05 07 28.9300 30.1400 29.6000     -0.3920       0.0000    0.8414            2
1995 05 08 28.8200 29.8600 29.5400     -0.4657       0.0000    0.8414            2
1995 05 09 28.6300 29.7000 29.4000     -0.5900       0.0000    0.8414            1
1995 05 10 28.9500 30.0000 29.5900     -0.2600       0.0000    0.8414            1
1995 05 11 29.0200 30.0400 29.9000     -0.1247       0.0000    0.8414            1
1995 05 12 29.1000 30.1300 29.9400     -0.0910       0.0000    0.8414            1
1995 05 13 29.2000 30.0700 29.9500     -0.0780       0.0000    0.8414            0
1995 05 14 29.2600 30.0000 29.8700     -0.1827       0.0000    0.8414            0
1995 05 15 28.6000 29.8500 29.3400     -0.6200       0.0000    0.8414            0
1995 05 16 29.1800 29.8700 29.8000     -0.1242       0.0000    0.8414            0
1995 05 17 29.0700 30.0000 29.8600     -0.0813       0.0000    0.8414            0
1995 05 18 28.9000 30.0400 29.7800     -0.0897       0.0000    0.8414            0
1995 05 19 28.8000 30.2000 29.8100      0.0055       0.0000    0.8414            0
1995 05 20 28.3600 30.0700 29.5900     -0.1942       0.0000    0.8414            0
1995 05 21 28.5800 30.1600 29.5700     -0.2039       0.0000    0.8414            0
1995 05 22 29.0200 30.7600 30.4300      0.7016       0.4600    0.8414            1
1995 05 23 29.0700 30.5500 30.3300      0.6319       0.3300    0.8414            1
1995 05 24 29.6100 30.5000 30.4200      0.7710       0.4400    0.8414            1
1995 05 25 29.3100 30.2400 30.1200      0.5116       0.1600    0.8414            1
1995 05 26 29.0800 30.0500 29.8800      0.3397       0.0000    0.8414            1
1995 05 27 29.1100 29.8900 29.7200      0.1697       0.0000    0.8414            1
1995 05 28 29.1200 30.2100 29.9500      0.4329       0.0000    0.8414            1
1995 05 29 29.5600 31.0200 30.7700      1.2932       0.8100    0.8414            1
1995 05 30 29.5000 31.0400 30.7200      1.2777       0.7600    0.8414            1
1995 05 31 29.3900 30.7700 30.5000      1.0977       0.5300    0.8414            1
1995 06 01 28.6000 29.8000 29.5500      0.1877       0.0000    0.8414            1
1995 06 02 28.7800 29.9700 29.7800      0.4555       0.0000    0.8414            1
1995 06 03 28.8900 29.9500 29.8100      0.5461       0.0000    0.8414            1
1995 06 04 28.9600 29.9800 29.7100      0.4903       0.0000    0.8414            1
1995 06 05 28.7600 29.6400 29.5000      0.2690       0.0000    0.8414            1
1995 06 06 28.4000 29.6100 29.3300      0.1719       0.0000    0.8414            1
1995 06 07 28.4300 29.7300 29.5300      0.4010       0.0000    0.8414            0
1995 06 08 28.2800 29.6800 29.3700      0.2761       0.0000    0.8414            0
1995 06 09 28.3000 29.6400 29.2100      0.1348       0.0000    0.8414            0
1995 06 10 28.5000 29.6500 29.3100      0.3435       0.0000    0.8414            0
1995 06 11 28.6200 29.5800 29.4000      0.4500       0.0000    0.8414            0
1995 06 12 28.6300 29.5100 29.2300      0.2455       0.0000    0.8414            0
1995 06 13 28.5800 29.3800 29.2000      0.3200       0.0000    0.8414            0
1995 06 14 28.3400 29.0800 28.8500     -0.0148       0.0000    0.8414            0
1995 06 15 28.3600 28.9900 28.8500     -0.0200       0.0000    0.8414            0
1995 06 16 28.3000 28.9600 28.8800      0.0957       0.0000    0.8414            0
1995 06 17 28.2500 29.0000 28.7600     -0.0307       0.0000    0.8414            0
1995 06 18 28.7100 29.0700 28.9300      0.2080       0.0000    0.8414            0
1995 06 19 28.6500 29.0700 29.0400      0.3440       0.0000    0.8414            0
1995 06 20 28.6600 29.0800 29.0700      0.4200       0.0000    0.8414            0
1995 06 21 28.3200 28.9300 28.9000      0.3720       0.0000    0.8414            0
1995 06 22 28.1800 28.7500 28.6900      0.1980       0.0000    0.8414            0
1995 06 23 28.2000 28.9900 28.7300      0.2733       0.0000    0.8414            0
1995 06 24 27.9300 29.0900 28.6700      0.1630       0.0000    0.8414            0
1995 06 25 27.8700 29.1400 28.6900      0.2300       0.0000    0.8414            0
1995 06 26 27.8000 29.1500 28.6600      0.2500       0.0000    0.8414            0
1995 06 27 27.6800 28.9300 28.5600      0.0980       0.0000    0.8414            0
1995 06 28 27.7700 29.0900 28.6600      0.2463       0.0000    0.8414            0
1995 06 29 27.9000 29.2000 28.7100      0.4200       0.0000    0.8414            0
1995 06 30 27.8500 29.3300 28.7000      0.4750       0.0000    0.8414            0
1995 07 01 27.5100 29.0800 28.5200      0.3367       0.0000    0.8414            0
1995 07 02 28.0200 29.1200 28.6000      0.4240       0.0000    0.8414            0
1995 07 03 27.6300 28.7800 28.4900      0.2160       0.0000    0.8414            0
1995 07 04 27.6900 28.9000 28.7300      0.4377       0.0000    0.8414            0
1995 07 05 27.7300 28.8100 28.6600      0.5033       0.0000    0.8414            0
1995 07 06 27.9500 28.6700 28.6100      0.4290       0.0000    0.8414            0
1995 07 07 27.8800 28.6700 28.5500      0.3347       0.0000    0.8414            0
1995 07 08 27.8100 28.6200 28.4500      0.2927       0.0000    0.8414            0
1995 07 09 27.7000 28.6100 28.4300      0.3220       0.0000    0.8414            0
1995 07 10 27.5400 28.1300 27.9700      0.0167       0.0000    0.8414            0
1995 07 11 27.5700 28.4500 28.0800      0.1760       0.0000    0.8414            0
1995 07 12 27.0400 27.9600 27.7700     -0.3280       0.0000    0.8414            0
1995 07 13 27.1200 27.8800 27.6700     -0.3607       0.0000    0.8414            0
1995 07 14 27.2300 27.8400 27.6800     -0.3853       0.0000    0.6800            0
1995 07 15 27.2800 27.7700 27.5600      0.0800       0.0000    0.5286            0
1995 07 16 27.3900 27.7700 27.6800      0.0887       0.0000    0.3686            0
1995 07 17 27.3300 27.6900 27.6300      0.0016       0.0000    0.1571            0
1995 07 18 26.8400 27.4900 27.4200     -0.5965       0.0000    0.1571            0
1995 07 19 26.6700 27.4800 27.3900     -0.6119       0.0000    0.1571            0
1995 07 20 26.7000 28.0300 27.5500     -0.0703       0.0000    0.1571            0
1995 07 21 26.6400 28.0200 27.3400     -0.2603       0.0000    0.1571            0
1995 07 22 26.7800 28.0900 27.3700     -0.2187       0.0000    0.1571            0
1995 07 23 26.9700 28.1900 27.4300     -0.3735       0.0000    0.1571            0
1995 07 24 26.9600 28.1100 27.3400     -0.4548       0.0000    0.1571            0
1995 07 25 27.0300 28.0200 27.4800     -0.3319       0.0000    0.0000            0
1995 07 26 27.0600 28.0100 27.5800      0.0658       0.0000    0.0000            0
1995 07 27 27.1800 28.0500 27.6700      0.1584       0.0000    0.0000            0
1995 07 28 27.2300 27.9200 27.7000      0.1974       0.0000    0.0000            0
1995 07 29 27.2000 27.8700 27.7500     -0.1287       0.0000    0.0000            0
1995 07 30 27.1600 28.0400 27.9100      0.4258       0.0000    0.0000            0
1995 07 31 27.3600 27.9900 27.9200      0.1884       0.0000    0.0000            0
1995 08 01 27.3500 28.0200 27.9200      0.3016       0.0000    0.0000            0
1995 08 02 27.3300 28.0500 27.9600      0.3435       0.0000    0.0000            0
1995 08 03 26.9500 27.7700 27.7500      0.2684       0.0000    0.0000            0
1995 08 04 26.8400 27.5500 27.5200      0.1171       0.0000    0.0000            0
1995 08 05 26.7900 27.3900 27.3800     -0.0203       0.0000    0.0000            0
1995 08 06 26.7000 27.3200 27.0800     -0.3458       0.0000    0.0000            0
1995 08 07 26.2400 27.6800 27.4200     -0.1794       0.0000    0.0000            0
1995 08 08 26.0000 27.5800 27.1800     -0.4997       0.0000    0.0000            0
1995 08 09 26.1400 27.8100 27.2400     -0.4948       0.0000    0.0000            0
1995 08 10 26.1800 28.0100 27.3100     -0.4039       0.0000    0.0000            0
1995 08 11 26.1400 28.0300 27.3400     -0.3671       0.0000    0.0000            0
1995 08 12 26.3700 27.9800 27.4700     -0.2294       0.0000    0.0000            0
1995 08 13 26.6000 28.0300 27.5100     -0.1616       0.0000    0.0000            0
1995 08 14 27.0300 28.2000 27.9700      0.1842       0.0000    0.0000            0
1995 08 15 27.0200 28.1800 27.9600      0.1900       0.0000    0.0000            0
1995 08 16 26.9800 28.1800 27.8500      0.5106       0.0000    0.0000            0
1995 08 17 26.9600 28.1000 27.7900      0.4313       0.0000    0.0000            0
1995 08 18 26.9300 28.1100 27.7900      0.0600       0.0000    0.0000            0
1995 08 19 26.9000 28.0600 27.7500      0.0113       0.0000    0.0000            0
1995 08 20 26.8300 27.9300 27.7100     -0.0384       0.0000    0.0000            0
1995 08 21 27.4100 28.3500 27.9500      0.4819       0.0000    0.0000            0
1995 08 22 27.3400 28.3900 27.9600      0.4723       0.0000    0.0000            0
1995 08 23 27.4200 28.4200 28.0500      0.5777       0.0000    0.0000            0
1995 08 24 27.3700 28.2800 27.9000      0.5761       0.0000    0.0000            0
1995 08 25 27.3400 28.2000 27.8800      0.5390       0.0000    0.0000            0
1995 08 26 27.2300 28.1100 27.7700      0.2035       0.0000    0.0000            0
1995 08 27 27.2200 28.0500 27.7200      0.1339       0.0000    0.0000            0
1995 08 28 26.9600 28.0400 27.6800      0.1377       0.0000    0.0000            0
1995 08 29 26.8000 27.9500 27.6300      0.0548       0.0000    0.0000            0
1995 08 30 26.7800 27.8900 27.5900     -0.0281       0.0000    0.0000            0
1995 08 31 26.8100 27.7700 27.5600     -0.0868       0.0000    0.0000            0
1995 09 01 26.7400 27.5900 27.4200     -0.2968       0.0000    0.0000            0
1995 09 02 27.2500 27.7000 27.6900     -0.2697       0.0000    0.0000            0
1995 09 03 27.0900 27.8100 27.7300     -0.2065       0.0000    0.0000            0
1995 09 04 27.1200 27.7900 27.7700     -0.1932       0.0000    0.0000            0
1995 09 05 26.9200 27.8700 27.5400     -0.1797       0.0000    0.0000            0
1995 09 06 26.9800 27.8000 27.3800     -0.3587       0.0000    0.0000            0
1995 09 07 27.0200 27.7800 27.5200     -0.2223       0.0000    0.0000            0
1995 09 08 27.1200 27.8500 27.7200     -0.2281       0.0000    0.0000            0
1995 09 09 27.1400 27.8400 27.7400     -0.2061       0.0000    0.0000            0
1995 09 10 27.7200 28.6100 28.3100      0.4568       0.0000    0.0000            0
1995 09 11 27.7400 28.5700 28.3200      0.4426       0.0000    0.0000            0
1995 09 12 27.7600 28.5100 28.2000      0.5513       0.0000    0.0000            0
1995 09 13 27.5700 28.4700 28.3800      0.4197       0.0000    0.0000            0
1995 09 14 27.3200 28.3400 28.1200      0.3168       0.0000    0.0000            0
1995 09 15 27.4500 28.5900 28.2000      0.3100       0.0000    0.0000            0
1995 09 16 27.4200 27.9400 27.8400     -0.1723       0.0000    0.0000            0
1995 09 17 27.3500 27.9400 27.8200     -0.2047       0.0000    0.0000            0
1995 09 18 27.7200 28.2400 28.1900      0.1550       0.0000    0.0000            0
1995 09 19 27.7200 28.2200 28.1600      0.1033       0.0000    0.0000            0
1995 09 20 27.6900 28.2200 28.1600      0.0917       0.0000    0.0000            0
1995 09 21 27.7800 28.2400 28.2100      0.1240       0.0000    0.0000            0
1995 09 22 27.6600 28.3000 28.0900      0.0873       0.0000    0.0000            0
1995 09 23 27.5500 28.2400 28.1400      0.0313       0.0000    0.0000            0
1995 09 24 27.6600 28.3600 28.3000      0.1720       0.0000    0.0000            0
1995 09 25 27.5300 28.3000 28.1900      0.0733       0.0000    0.0000            0
1995 09 26 27.5700 28.3300 28.1600      0.0097       0.0000    0.0000            0
1995 09 27 27.6700 28.3600 28.1900      0.0260       0.0000    0.0000            0
1995 09 28 27.9900 28.5600 28.4800      0.3097       0.0000    0.0000            0
1995 09 29 28.1000 28.6500 28.5600      0.3773       0.0000    0.0000            0
1995 09 30 28.2300 29.0700 28.8800      0.6950       0.0000    0.0000            0
1995 10 01 28.4000 29.0400 28.9600      0.7673       0.0000    0.0000            0
1995 10 02 28.6000 29.0000 28.8400      0.8893       0.0000    0.0000            0
1995 10 03 28.4700 28.9500 28.8800      0.7760       0.0000    0.0000            0
1995 10 04 28.4200 29.0500 28.9100      0.7147       0.0000    0.0000            0
1995 10 05 28.2600 28.9600 28.7700      0.6267       0.0000    0.0000            0
1995 10 06 28.2200 28.9900 28.8600      0.7250       0.0000    0.0000            0
1995 10 07 27.9300 28.9400 28.8100      0.8000       0.0000    0.0000            0
1995 10 08 27.7300 28.8400 28.7200      0.6973       0.0000    0.0000            0
1995 10 09 27.4900 28.6700 28.4600      0.3160       0.0000    0.0000            0
1995 10 10 27.6900 28.9300 28.8100      0.5917       0.0000    0.0000            0
1995 10 11 28.0100 29.0900 28.9700      0.7540       0.0000    0.0000            0
1995 10 12 28.2900 28.9900 28.9600      0.6990       0.0000    0.0000            0
1995 10 13 28.2900 29.0500 28.8300      0.4753       0.0000    0.0000            0
1995 10 14 28.2700 29.0000 28.8700      0.5310       0.0000    0.0000            0
1995 10 15 28.3200 29.1700 29.0600      0.7200       0.0000    0.0000            0
1995 10 16 28.5800 29.4100 29.2800      0.8823       0.0000    0.0000            0
1995 10 17 28.9800 30.0100 29.7600      1.5835       0.0000    0.0000            0
1995 10 18 28.6200 29.9100 29.7300      1.4339       0.0000    0.0000            0
1995 10 19 28.6900 29.7000 29.5000      1.1577       0.0000    0.0000            0
1995 10 20 28.6100 29.6000 29.4500      1.1013       0.0000    0.0000            0
1995 10 21 28.7200 29.5100 29.4200      1.0897       0.0000    0.0000            0
1995 10 22 28.4400 29.1900 29.1300      0.8268       0.0000    0.0000            0
1995 10 23 28.8600 29.2600 29.2100      0.8152       0.0000    0.0000            0
1995 10 24 28.8600 29.2900 29.2200      0.8716       0.0000    0.0000            0
1995 10 25 28.8400 29.2600 29.2100      0.8065       0.0000    0.0000            0
1995 10 26 28.4300 29.2100 29.1200      0.8552       0.0000    0.0000            0
1995 10 27 28.5200 29.2000 29.2000      0.7616       0.0000    0.0000            0
1995 10 28 28.4600 29.1700 29.1000      0.6084       0.0000    0.0000            0
1995 10 29 28.4300 29.0800 29.0200      0.5142       0.0000    0.0000            0
1995 10 30 28.2500 29.0100 28.8800      0.3687       0.0000    0.0000            0
1995 10 31 28.0500 29.0200 28.8400      0.3297       0.0000    0.0000            0
1995 11 01 27.6800 28.5200 28.3400     -0.1329       0.0000    0.0000            0
1995 11 02 27.8600 29.2000 29.0800      0.5794       0.0000    0.0000            0
1995 11 03 27.9600 29.3900 29.1700      0.6606       0.0000    0.0000            0
1995 11 04 28.0600 29.4400 29.2200      0.7000       0.0000    0.0000            0
1995 11 05 28.2600 29.5000 29.3200      0.7968       0.0000    0.0000            0
1995 11 06 28.5500 29.3700 29.2200      0.6458       0.0000    0.0000            0
1995 11 07 28.4800 29.1900 29.1200      0.5603       0.0000    0.0000            0
1995 11 08 28.2400 29.2700 29.2100      0.6358       0.0000    0.0000            0
1995 11 09 28.1000 29.2500 29.1000      0.5452       0.0000    0.0000            0
1995 11 10 28.1500 29.2300 29.1700      0.5813       0.0000    0.0000            0
1995 11 11 28.1800 29.1600 28.9000      0.3342       0.0000    0.0000            0
1995 11 12 28.1400 28.8900 28.8500      0.2481       0.0000    0.0000            0
1995 11 13 28.1600 28.8800 28.8500      0.2300       0.0000    0.0000            0
1995 11 14 28.1600 28.9400 28.8400      0.2003       0.0000    0.0000            0
1995 11 15 28.3000 28.8200 28.8100      0.2000       0.0000    0.0000            0
1995 11 16 28.3000 28.8300 28.8000      0.1480       0.0000    0.0000            0
1995 11 17 28.0500 29.1000 28.9300      0.3980       0.0000    0.0000            0
1995 11 18 28.0600 29.0700 28.9300      0.3360       0.0000    0.0000            0
1995 11 19 28.0500 28.9600 28.8700      0.3647       0.0000    0.0000            0
1995 11 20 28.0600 28.8700 28.8400      0.3383       0.0000    0.0000            0
1995 11 21 28.1200 28.9200 28.8700      0.3000       0.0000    0.0000            0
1995 11 22 28.0700 28.9900 28.9300      0.4180       0.0000    0.0000            0
1995 11 23 28.1100 29.0500 28.9300      0.4580       0.0000    0.0000            0
1995 11 24 28.2600 28.9100 28.8300      0.2510       0.0000    0.0000            0
1995 11 25 28.3900 28.8300 28.7600      0.3133       0.0000    0.0000            0
1995 11 26 28.4300 28.8800 28.8400      0.2913       0.0000    0.0000            0
1995 11 27 28.5500 28.9200 28.8800      0.3400       0.0000    0.0000            0
1995 11 28 28.4500 28.8600 28.8200      0.2793       0.0000    0.0000            0
1995 11 29 28.3700 28.8700 28.8400      0.2607       0.0000    0.0000            0
1995 11 30 28.2800 28.8500 28.8000      0.2250       0.0000    0.0000            0
1995 12 01 28.2400 28.9700 28.9200      0.3400       0.0000    0.0000            0
1995 12 02 27.9700 28.8100 28.7200      0.1507       0.0000    0.0000            0
1995 12 03 27.8500 28.6600 28.5400      0.0040       0.0000    0.0000            0
1995 12 04 28.2400 28.9000 28.7900      0.2687       0.0000    0.0000            0
1995 12 05 28.1500 28.8400 28.7200      0.2100       0.0000    0.0000            0
1995 12 06 28.3700 28.9900 28.9400      0.3940       0.0000    0.0000            0
1995 12 07 28.3000 28.8200 28.7900      0.2727       0.0000    0.0000            0
1995 12 08 28.3800 28.8400 28.8000      0.2873       0.0000    0.0000            0
1995 12 09 28.3700 28.7400 28.6900      0.1980       0.0000    0.0000            0
1995 12 10 28.3500 28.6500 28.5800      0.2367       0.0000    0.0000            0
1995 12 11 28.2900 28.6300 28.5400      0.0700       0.0000    0.0000            0
1995 12 12 28.2700 28.6000 28.5200      0.1800       0.0000    0.0000            0
1995 12 13 28.2600 28.5800 28.5500      0.2407       0.0000    0.0000            0
1995 12 14 28.2100 28.5500 28.5300      0.2203       0.0000    0.0000            0
1995 12 15 28.2500 28.5300 28.5100      0.2000       0.0000    0.0000            0
1995 12 16 28.2100 28.4800 28.4000      0.1161       0.0000    0.0000            0
1995 12 17 28.1700 28.4000 28.4000      0.1029       0.0000    0.0000            0
1995 12 18 28.2900 28.5900 28.5300      0.1668       0.0000    0.0000            0
1995 12 19 28.4200 28.7900 28.7200      0.3690       0.0000    0.0000            0
1995 12 20 28.5000 28.9300 28.8600      0.5045       0.0000    0.0000            0
1995 12 21 28.2000 28.8300 28.7400      0.3861       0.0000    0.0000            0
1995 12 22 28.0300 28.5600 28.5300      0.1694       0.0000    0.0000            0
1995 12 23 28.3100 29.0200 28.9700      0.6681       0.0000    0.0000            0
1995 12 24 28.4600 29.2500 29.2300      0.9545       0.0000    0.0000            0
1995 12 25 28.3900 29.1600 29.0800      0.7729       0.0000    0.0000            0
1995 12 26 28.3100 29.0200 28.8000      0.5248       0.0000    0.0000            0
1995 12 27 27.9500 28.8100 28.7300      0.4455       0.0000    0.0000            0
1995 12 28 27.9900 28.9400 28.9000      0.6652       0.0000    0.0000            0
1995 12 29 28.0700 29.2300 29.0800      0.8323       0.0000    0.0000            0
1995 12 30 27.9900 29.2600 29.0900      0.8574       0.0000    0.0000            0
1995 12 31 27.8300 28.4200 28.4000      0.1684       0.0000    0.0000            0
1996 01 01 27.6100 28.4500 28.2100     -0.0084       0.0000    0.0000            0
1996 01 02 27.6100 28.5700 28.4000      0.1977       0.0000    0.0000            0
1996 01 03 27.4900 28.6000 28.3800      0.1910       0.0000    0.0000            0
1996 01 04 27.8100 28.5300 28.4900      0.3255       0.0000    0.0000            0
1996 01 05 27.8200 28.4500 28.4200      0.2358       0.0000    0.0000            0
1996 01 06 27.5000 28.0600 28.0400     -0.0626       0.0000    0.0000            0
1996 01 07 27.2000 27.9200 27.8600     -0.2345       0.0000    0.0000            0
1996 01 08 27.2000 27.8800 27.7600     -0.3042       0.0000    0.0000            0
1996 01 09 27.4900 28.2200 28.0500     -0.0265       0.0000    0.0000            0
1996 01 10 27.8100 28.1900 28.1300      0.0390       0.0000    0.0000            0
1996 01 11 27.9800 28.4000 28.2500      0.0926       0.0000    0.0000            0
1996 01 12 27.9600 28.3000 28.2400      0.1794       0.0000    0.0000            0
1996 01 13 27.7600 28.3500 28.2600      0.1955       0.0000    0.0000            0
1996 01 14 27.6100 28.3100 28.1500      0.1165       0.0000    0.0000            0
1996 01 15 27.3300 28.0400 27.8400     -0.1800       0.0000    0.0000            0
1996 01 16 27.0700 27.8300 27.7600     -0.3442       0.0000    0.0000            0
1996 01 17 27.1600 27.8200 27.7400     -0.3777       0.0000    0.0000            0
1996 01 18 27.3000 27.7300 27.6700     -0.4635       0.0000    0.0000            0
1996 01 19 27.0900 27.7500 27.6700     -0.3735       0.0000    0.0000            0
1996 01 20 27.3200 28.0000 27.9500     -0.1103       0.0000    0.0000            0
1996 01 21 27.5500 28.2300 28.1700      0.1016       0.0000    0.0000            0
1996 01 22 27.6700 28.2200 28.1800      0.0781       0.0000    0.0000            0
1996 01 23 27.7200 28.1800 28.0900      0.0055       0.0000    0.0000            0
1996 01 24 27.6500 28.2600 28.2100      0.1003       0.0000    0.0000            0
1996 01 25 27.4000 27.9800 27.9100     -0.2352       0.0000    0.0000            0
1996 01 26 27.0500 27.7400 27.5100     -0.6023       0.0000    0.0000            0
1996 01 27 26.9900 27.7200 27.5600     -0.5568       0.0000    0.0000            0
1996 01 28 27.2700 28.2300 28.0400     -0.0990       0.0000    0.0000            0
1996 01 29 27.4900 28.1100 28.0600     -0.0939       0.0000    0.0000            0
1996 01 30 27.9800 28.5100 28.4800      0.3135       0.0000    0.0000            0
1996 01 31 27.9900 28.4800 28.4300      0.2526       0.0000    0.0000            0
1996 02 01 27.9500 28.8400 28.5700      0.3858       0.0000    0.0000            0
1996 02 02 28.2600 28.8200 28.7700      0.5887       0.0000    0.0000            0
1996 02 03 27.9500 28.5000 28.4500      0.2642       0.0000    0.0000            0
1996 02 04 27.6700 28.3500 28.2800      0.0897       0.0000    0.0000            0
1996 02 05 27.6100 28.3300 28.1700     -0.0216       0.0000    0.0000            0
1996 02 06 28.3400 28.8500 28.7500      0.5297       0.0000    0.0000            0
1996 02 07 28.4000 28.8100 28.7500      0.5465       0.0000    0.0000            0
1996 02 08 28.4200 28.8900 28.8200      0.6171       0.0000    0.0000            0
1996 02 09 28.0700 28.5000 28.4500      0.2452       0.0000    0.0000            0
1996 02 10 28.0100 28.4600 28.4100      0.1687       0.0000    0.0000            0
1996 02 11 27.8600 28.4000 28.3700      0.1097       0.0000    0.0000            0
1996 02 12 27.6000 28.4800 28.3500      0.1032       0.0000    0.0000            0
1996 02 13 27.3300 28.5300 28.3200      0.0548       0.0000    0.0000            0
1996 02 14 27.3600 28.6100 28.3300      0.0677       0.0000    0.0000            0
1996 02 15 27.6700 28.1500 28.0300     -0.2200       0.0000    0.0000            0
1996 02 16 26.7300 27.6900 27.5900     -0.7059       0.0000    0.0000            0
1996 02 17 27.1400 27.7900 27.6800     -0.6524       0.0000    0.0000            0
1996 02 18 27.4800 28.1900 27.8900     -0.4376       0.0000    0.0000            0
1996 02 19 27.9300 28.3700 28.3300     -0.0293       0.0000    0.0000            0
1996 02 20 28.0000 28.4400 28.3800      0.0041       0.0000    0.0000            0
1996 02 21 28.2100 28.7500 28.6800      0.3155       0.0000    0.0000            0
1996 02 22 28.0300 29.0800 28.9000      0.5255       0.0000    0.0000            0
1996 02 23 27.8400 28.9800 28.7400      0.3607       0.0000    0.0000            0
1996 02 24 28.1600 28.9800 28.7600      0.4683       0.0000    0.0000            0
1996 02 25 27.8900 28.7400 28.2500      0.0290       0.0000    0.0000            0
1996 02 26 27.7000 28.5400 28.2200     -0.2131       0.0000    0.0000            0
1996 02 27 27.8400 28.6200 28.3500     -0.1938       0.0000    0.0000            0
1996 02 28 27.9300 28.7500 28.6900      0.0579       0.0000    0.0000            0
1996 02 29 28.1800 29.1300 29.0100      0.3876       0.0000    0.0000            0
1996 03 01 27.9600 29.1500 29.0900      0.4321       0.0000    0.0000            0
1996 03 02 28.0300 29.3300 29.2600      0.5607       0.0000    0.0000            0
1996 03 03 28.0000 29.2800 29.2400      0.5479       0.0000    0.0000            0
1996 03 04 27.7700 28.9300 28.7800      0.0145       0.0000    0.0000            0
1996 03 05 27.7200 28.4000 28.4000     -0.3872       0.0000    0.0000            0
1996 03 06 27.6900 28.3900 28.2600     -0.5410       0.0000    0.0000            0
1996 03 07 27.4000 28.0300 27.9700     -0.8610       0.0000    0.0000            0
1996 03 08 27.3800 28.0400 28.0200     -0.8521       0.0000    0.0000            0
1996 03 09 27.6200 28.3200 28.3000     -0.6003       0.0000    0.0000            0
1996 03 10 27.6900 28.7100 28.6900     -0.2386       0.0000    0.0000            0
1996 03 11 28.0800 29.2900 29.0700      0.1059       0.0000    0.0000            0
1996 03 12 28.2800 29.6700 29.3500      0.3569       0.0000    0.0000            0
1996 03 13 28.2100 29.8100 29.2500      0.3197       0.0000    0.0000            0
1996 03 14 28.2700 29.4100 29.1100      0.0590       0.0000    0.0000            0
1996 03 15 28.5000 29.0700 29.0500     -0.0100       0.0000    0.0000            0
1996 03 16 28.5100 29.1600 29.1000      0.0142       0.0000    0.0000            0
1996 03 17 28.4400 29.0100 28.9400     -0.1184       0.0000    0.0000            0
1996 03 18 28.1400 28.7400 28.7300     -0.4145       0.0000    0.0000            0
1996 03 19 28.2600 28.7900 28.7300     -0.4116       0.0000    0.0000            0
1996 03 20 28.4600 29.5900 29.5200      0.3310       0.0000    0.0000            0
1996 03 21 28.1000 29.3700 29.3000      0.0852       0.0000    0.0000            0
1996 03 22 27.8700 29.1000 29.0200     -0.2206       0.0000    0.0000            0
1996 03 23 27.9700 28.8200 28.5700     -0.6484       0.0000    0.0000            0
1996 03 24 28.8600 29.3100 29.1500     -0.0074       0.0000    0.0000            0
1996 03 25 29.1400 29.7300 29.5400      0.2577       0.0000    0.0000            0
1996 03 26 29.1400 30.0600 29.8000      0.4981       0.0000    0.0000            0
1996 03 27 28.7500 29.6500 29.5100      0.3390       0.0000    0.0000            0
1996 03 28 28.9000 29.7700 29.6200      0.4423       0.0000    0.0000            0
1996 03 29 29.0600 29.9600 29.9100      0.6794       0.0000    0.0000            0
1996 03 30 29.1500 30.0300 29.8800      0.5071       0.0000    0.0000            0
1996 03 31 29.0400 29.8300 29.7700      0.3632       0.0000    0.0000            0
1996 04 01 28.8200 29.6600 29.5900      0.2287       0.0000    0.0000            0
1996 04 02 28.9000 29.3900 29.2900     -0.0023       0.0000    0.0000            0
1996 04 03 28.8100 29.8000 29.4900      0.3348       0.0000    0.0000            0
1996 04 04 28.9200 29.6800 29.4600      0.2606       0.0000    0.0000            0
1996 04 05 28.6400 29.4100 29.1900     -0.0639       0.0000    0.0000            0
1996 04 06 28.8000 29.5800 29.4400      0.1174       0.0000    0.0000            0
1996 04 07 28.7300 29.9800 29.3900      0.1003       0.0000    0.0000            0
1996 04 08 29.1400 30.2900 29.8300      0.2348       0.0000    0.0000            0
1996 04 09 29.3600 30.4100 30.0200      0.7371       0.0600    0.0000            1
1996 04 10 29.4100 30.7100 30.5100      1.1926       0.5500    0.0000            1
1996 04 11 28.7800 30.2700 30.0000      0.6581       0.0400    0.0000            1
1996 04 12 28.7800 29.9800 29.7500      0.3926       0.0000    0.0000            1
1996 04 13 29.0800 29.8800 29.7200     -0.0990       0.0000    0.0000            1
1996 04 14 29.2300 29.8500 29.6800      0.2945       0.0000    0.0000            1
1996 04 15 29.5000 29.9100 29.8300      0.3500       0.0000    0.0000            1
1996 04 16 29.5600 30.0100 29.9800      0.2120       0.0000    0.0000            1
1996 04 17 29.7000 30.1700 30.0700      0.3807       0.1100    0.0000            1
1996 04 18 29.7000 30.4000 30.3300      0.5740       0.3400    0.0000            1
1996 04 19 28.9500 30.5500 30.3600      0.8507       0.4000    0.0000            1
1996 04 20 29.1000 30.6300 30.4100      0.8900       0.4400    0.0000            1
1996 04 21 29.1300 30.2200 30.1400      0.3300       0.1300    0.0000            1
1996 04 22 29.4800 30.4200 30.2200      0.3233       0.1700    0.0000            1
1996 04 23 29.6200 30.6400 30.3000      0.3947       0.2700    0.0000            1
1996 04 24 29.6600 30.4600 30.2400      0.3260       0.2000    0.0000            1
1996 04 25 29.6600 30.3100 30.1100      0.2733       0.1200    0.0000            1
1996 04 26 29.6700 30.6200 30.5200      0.6820       0.5300    0.0000            1
1996 04 27 29.7800 30.5700 30.4400      0.5840       0.4400    0.0000            1
1996 04 28 29.7600 30.7500 30.6200      0.7560       0.6200    0.0000            1
1996 04 29 29.5700 30.4200 30.3500      0.5520       0.3600    0.0000            1
1996 04 30 29.1900 30.3200 30.2900      0.4250       0.2800    0.0000            1
1996 05 01 29.0500 29.9500 29.8700      0.0913       0.0000    0.0000            1
1996 05 02 29.1100 30.0600 30.0000      0.2107       0.0200    0.0000            1
1996 05 03 29.1000 29.9400 29.8600      0.0580       0.0000    0.0000            1
1996 05 04 29.0600 29.8000 29.7300     -0.1063       0.0000    0.0000            1
1996 05 05 29.0900 29.7600 29.7100     -0.2067       0.0000    0.0000            1
1996 05 06 29.1500 29.8800 29.8300     -0.0980       0.0000    0.0000            1
1996 05 07 29.0100 29.5200 29.4500     -0.4760       0.0000    0.0000            1
1996 05 08 29.2700 30.0800 30.0200      0.1737       0.0500    0.0000            1
1996 05 09 29.4000 30.4900 30.4000      0.5440       0.4400    0.0000            1
1996 05 10 29.2800 30.1300 29.9900      0.1583       0.0800    0.0000            1
1996 05 11 29.2400 30.1500 30.1500      0.1893       0.1200    0.0000            1
1996 05 12 29.1800 30.1900 30.0800      0.1520       0.1200    0.0000            1
1996 05 13 29.3700 30.5400 30.1700      0.2200       0.2000    0.0000            1
1996 05 14 29.4400 30.4600 30.1500      0.1793       0.1700    0.0000            1
1996 05 15 29.3100 30.3300 30.1700      0.1800       0.1800    0.0000            1
1996 05 16 29.3200 30.3300 30.1600      0.2065       0.1700    0.0000            1
1996 05 17 29.1800 30.3200 30.1100      0.1929       0.1200    0.0000            1
1996 05 18 29.6600 30.6700 30.3700      0.5055       0.4000    0.0000            1
1996 05 19 29.7900 30.8800 30.7700      0.9052       0.7400    0.0000            1
1996 05 20 29.9100 30.7300 30.5600      0.7590       0.5800    0.0000            1
1996 05 21 29.7600 30.5400 30.5300      0.7184       0.4900    0.0000            1
1996 05 22 29.9500 30.7200 30.6500      0.9097       0.6500    0.0000            1
1996 05 23 29.6500 30.5700 30.5200      0.8106       0.4700    0.0000            1
1996 05 24 29.5900 30.6300 30.5200      0.8561       0.4700    0.0000            1
1996 05 25 29.6600 30.6400 30.5400      0.9255       0.4900    0.0000            1
1996 05 26 29.7000 30.5000 30.4400      0.8684       0.4000    0.0000            1
1996 05 27 29.6200 30.4400 30.2800      0.7329       0.2800    0.0000            1
1996 05 28 29.5100 30.4400 30.1200      0.6106       0.1200    0.0000            1
1996 05 29 29.4400 30.0300 29.9000      0.4290       0.0000    0.0000            1
1996 05 30 29.4700 30.0000 29.9500      0.5013       0.0000    0.0000            1
1996 05 31 29.4800 30.4100 30.0000      0.6181       0.0400    0.0000            1
1996 06 01 29.2800 30.7300 30.2700      0.9474       0.2400    0.0000            1
1996 06 02 29.1300 30.4200 30.2000      0.9074       0.1700    0.0000            1
1996 06 03 29.0300 30.3400 30.1600      0.9223       0.1500    0.0000            1
1996 06 04 28.9200 30.1800 29.9900      0.7677       0.0000    0.0000            1
1996 06 05 28.7300 30.1300 29.8900      0.7423       0.0000    0.0000            1
1996 06 06 28.7200 30.0600 29.7200      0.6103       0.0000    0.0000            1
1996 06 07 28.4600 29.9000 29.4800      0.3313       0.0000    0.0000            1
1996 06 08 28.1700 29.6600 29.2800      0.1806       0.0000    0.0000            1
1996 06 09 28.1100 29.5500 29.0700      0.0735       0.0000    0.0000            1
1996 06 10 27.9500 29.1200 28.7800     -0.2574       0.0000    0.0000            0
1996 06 11 27.8800 28.9100 28.7900     -0.1177       0.0000    0.0000            0
1996 06 12 27.7800 28.9400 28.6300     -0.2419       0.0000    0.0000            0
1996 06 13 28.0800 28.9700 28.6700     -0.2697       0.0000    0.0000            0
1996 06 14 28.4400 29.2700 28.9200      0.1497       0.0000    0.0000            0
1996 06 15 28.4600 29.5200 28.9700      0.1500       0.0000    0.0000            0
1996 06 16 28.1500 29.3300 28.9800      0.2683       0.0000    0.0000            0
1996 06 17 27.8200 30.5700 29.8900      1.0987       0.0000    0.0000            0
1996 06 18 27.5200 30.5000 29.6600      0.9100       0.0000    0.0000            0
1996 06 19 27.4600 30.2900 29.3900      0.6353       0.0000    0.0000            0
1996 06 20 27.6300 30.0600 29.3300      0.6500       0.0000    0.0000            0
1996 06 21 27.8900 29.9200 29.2900      0.6600       0.0000    0.0000            0
1996 06 22 27.9500 29.6600 29.1200      0.5300       0.0000    0.0000            0
1996 06 23 27.8700 29.3600 28.8400      0.2753       0.0000    0.0000            0
1996 06 24 27.3300 28.6400 28.2200     -0.3110       0.0000    0.0000            0
1996 06 25 27.3700 28.6200 28.2500     -0.2600       0.0000    0.0000            0
1996 06 26 27.7300 28.5800 28.2200     -0.1843       0.0000    0.0000            0
1996 06 27 27.7000 28.7900 28.6000      0.2640       0.0000    0.0000            0
1996 06 28 27.6300 28.4900 28.3300      0.0730       0.0000    0.0000            0
1996 06 29 27.5300 28.1600 28.0300     -0.3447       0.0000    0.0000            0
1996 06 30 27.9400 28.6300 28.4100      0.0400       0.0000    0.0000            0
1996 07 01 28.0700 28.6700 28.5000      0.3593       0.0000    0.0000            0
1996 07 02 28.0900 28.6500 28.4800      0.3973       0.0000    0.0000            0
1996 07 03 28.2300 29.3300 29.2000      0.8920       0.0000    0.0000            0
1996 07 04 28.1800 29.2200 29.0300      0.9620       0.0000    0.0000            0
1996 07 05 28.0300 29.0800 28.9500      0.9367       0.0000    0.0000            0
1996 07 06 27.9700 29.0300 28.9300      0.9680       0.0000    0.0000            0
1996 07 07 27.5800 28.5800 28.3400      0.5007       0.0000    0.0000            0
1996 07 08 27.4000 28.4200 28.1900      0.3193       0.0000    0.0000            0
1996 07 09 27.2400 28.4700 28.1200      0.2500       0.0000    0.0000            0
1996 07 10 26.7600 28.2200 27.8900     -0.1617       0.0000    0.0000            0
1996 07 11 26.3600 28.3900 27.7300     -0.2447       0.0000    0.0000            0
1996 07 12 26.2400 28.4300 27.6300     -0.3030       0.0000    0.0000            0
1996 07 13 26.2400 28.3300 27.5800     -0.3187       0.0000    0.0000            0
1996 07 14 26.1500 28.2400 27.5100     -0.3737       0.0000    0.0000            0
1996 07 15 26.1800 27.9600 27.4700     -0.4200       0.0000    0.0000            0
1996 07 16 26.2800 27.8700 27.5000     -0.5155       0.0000    0.0000            0
1996 07 17 26.4100 27.7900 27.5200     -0.4797       0.0000    0.0000            0
1996 07 18 26.6300 27.7500 27.5400     -0.3187       0.0000    0.0000            0
1996 07 19 26.8200 27.7700 27.6300     -0.3894       0.0000    0.0000            0
1996 07 20 27.0000 27.8300 27.6600     -0.3026       0.0000    0.0000            0
1996 07 21 26.9200 27.8600 27.6300     -0.2174       0.0000    0.0000            0
1996 07 22 26.8500 27.9000 27.6900     -0.2884       0.0000    0.0000            0
1996 07 23 26.7100 27.9300 27.5900      0.0445       0.0000    0.0000            0
1996 07 24 26.7100 27.8700 27.5500     -0.3652       0.0000    0.0000            0
1996 07 25 26.6200 27.8500 27.2900     -0.4984       0.0000    0.0000            0
1996 07 26 27.1000 27.9500 27.8200      0.4471       0.0000    0.0000            0
1996 07 27 27.1000 28.1300 27.9500     -0.0042       0.0000    0.0000            0
1996 07 28 27.0700 28.0900 27.9600     -0.0129       0.0000    0.0000            0
1996 07 29 27.1900 27.9300 27.7800      0.1455       0.0000    0.0000            0
1996 07 30 26.9300 27.8100 27.6000     -0.0248       0.0000    0.0000            0
1996 07 31 26.8700 27.7600 27.6600     -0.2681       0.0000    0.0000            0
1996 08 01 26.9400 27.7700 27.7000     -0.2158       0.0000    0.0000            0
1996 08 02 27.1900 28.0000 27.8700      0.3835       0.0000    0.0000            0
1996 08 03 26.9400 27.9200 27.7600      0.0103       0.0000    0.0000            0
1996 08 04 26.8700 27.9400 27.7500      0.2590       0.0000    0.0000            0
1996 08 05 26.7900 27.8100 27.6800     -0.1819       0.0000    0.0000            0
1996 08 06 26.5300 27.7700 27.4700     -0.2294       0.0000    0.0000            0
1996 08 07 26.3900 27.7600 27.4300     -0.2264       0.0000    0.0000            0
1996 08 08 26.6300 27.7200 27.5400     -0.3639       0.0000    0.0000            0
1996 08 09 26.6800 27.5900 27.4500     -0.4671       0.0000    0.0000            0
1996 08 10 26.6500 27.4900 27.3300     -0.5642       0.0000    0.0000            0
1996 08 11 26.4900 27.1700 27.1400     -0.5732       0.0000    0.0000            0
1996 08 12 26.5600 27.1900 27.1400     -0.5665       0.0000    0.0000            0
1996 08 13 27.0300 28.2000 27.8400      0.2945       0.0000    0.0000            0
1996 08 14 26.8700 27.9600 27.7900     -0.0658       0.0000    0.0000            0
1996 08 15 26.5500 27.6000 27.5200     -0.2900       0.0000    0.0000            0
1996 08 16 26.5300 27.6500 27.5200     -0.3158       0.0000    0.0000            0
1996 08 17 26.5200 27.7100 27.5700     -0.2810       0.0000    0.0000            0
1996 08 18 26.2900 27.5800 27.4600     -0.3603       0.0000    0.0000            0
1996 08 19 26.1500 27.4700 27.3500     -0.4858       0.0000    0.0000            0
1996 08 20 26.1300 27.5400 27.2700     -0.3977       0.0000    0.0000            0
1996 08 21 26.1400 27.5300 27.2800     -0.6090       0.0000    0.0000            0
1996 08 22 26.1300 27.5400 27.2900     -0.6061       0.0000    0.0000            0
1996 08 23 26.2700 27.4500 27.3200     -0.5168       0.0000    0.0000            0
1996 08 24 26.3200 27.3600 27.1600     -0.5874       0.0000    0.0000            0
1996 08 25 26.1800 27.3900 27.2100     -0.5629       0.0000    0.0000            0
1996 08 26 26.2200 27.4400 27.1600     -0.6306       0.0000    0.0000            0
1996 08 27 26.5000 27.6300 27.4400     -0.4190       0.0000    0.0000            0
1996 08 28 26.3600 27.5700 27.5400     -0.4003       0.0000    0.0000            0
1996 08 29 26.8400 27.6800 27.6000     -0.0787       0.0000    0.0000            0
1996 08 30 26.7700 27.6400 27.6300     -0.0429       0.0000    0.0000            0
1996 08 31 26.7600 27.7400 27.7200     -0.1252       0.0000    0.0000            0
1996 09 01 26.5300 27.8800 27.8400     -0.0245       0.0000    0.0000            0
1996 09 02 26.4100 27.9400 27.8300     -0.0248       0.0000    0.0000            0
1996 09 03 26.4300 27.8900 27.7400     -0.1135       0.0000    0.0000            0
1996 09 04 26.4500 27.9400 27.7400     -0.0774       0.0000    0.0000            0
1996 09 05 26.4700 27.8800 27.7800     -0.1884       0.0000    0.0000            0
1996 09 06 26.5100 27.8100 27.6400     -0.1768       0.0000    0.0000            0
1996 09 07 26.5800 27.7000 27.6400     -0.2797       0.0000    0.0000            0
1996 09 08 26.9900 27.9900 27.8900      0.0777       0.0000    0.0000            0
1996 09 09 27.1500 28.1100 27.9900      0.1561       0.0000    0.0000            0
1996 09 10 27.2800 28.1300 28.0100      0.1768       0.0000    0.0000            0
1996 09 11 27.4200 28.0800 27.9800      0.0265       0.0000    0.0000            0
1996 09 12 27.4300 27.9700 27.9400     -0.0310       0.0000    0.0000            0
1996 09 13 27.4700 28.1300 28.0100      0.0258       0.0000    0.0000            0
1996 09 14 27.4300 27.9900 27.9000     -0.0790       0.0000    0.0000            0
1996 09 15 27.3600 28.0000 27.9600     -0.0600       0.0000    0.0000            0
1996 09 16 27.0700 27.9200 27.8300     -0.1920       0.0000    0.0000            0
1996 09 17 26.4900 27.7600 27.6200     -0.4047       0.0000    0.0000            0
1996 09 18 26.5000 27.8900 27.5800     -0.3760       0.0000    0.0000            0
1996 09 19 26.4600 27.8000 27.5000     -0.4793       0.0000    0.0000            0
1996 09 20 26.4700 27.7200 27.4900     -0.4817       0.0000    0.0000            0
1996 09 21 26.6800 28.0300 27.8100     -0.2100       0.0000    0.0000            0
1996 09 22 26.9200 28.1400 28.0100     -0.0293       0.0000    0.0000            0
1996 09 23 27.2700 28.2100 28.1200      0.0793       0.0000    0.0000            0
1996 09 24 27.5000 28.1100 28.0300     -0.0320       0.0000    0.0000            0
1996 09 25 27.4900 27.9500 27.8400     -0.2033       0.0000    0.0000            0
1996 09 26 27.2000 27.8700 27.7600     -0.2747       0.0000    0.0000            0
1996 09 27 27.1500 27.9000 27.8200     -0.1720       0.0000    0.0000            0
1996 09 28 27.1000 27.8500 27.8000     -0.1873       0.0000    0.0000            0
1996 09 29 26.8400 27.7200 27.6200     -0.3107       0.0000    0.0000            0
1996 09 30 26.8100 27.7700 27.5500     -0.5700       0.0000    0.0000            0
1996 10 01 27.1500 27.9300 27.7200     -0.4980       0.0000    0.0000            0
1996 10 02 27.2500 27.8700 27.7400     -0.4010       0.0000    0.0000            0
1996 10 03 27.1400 27.8300 27.7900     -0.4320       0.0000    0.0000            0
1996 10 04 27.0900 27.6700 27.6000     -0.6080       0.0000    0.0000            0
1996 10 05 27.2400 27.8600 27.6700     -0.5267       0.0000    0.0000            0
1996 10 06 27.3800 28.4500 28.3200      0.1030       0.0000    0.0000            0
1996 10 07 28.0800 28.6000 28.4600      0.2667       0.0000    0.0000            0
1996 10 08 27.6600 28.3500 28.2300     -0.0073       0.0000    0.0000            0
1996 10 09 27.2000 28.4200 28.1400     -0.1220       0.0000    0.0000            0
1996 10 10 27.1600 28.2600 28.0700     -0.1950       0.0000    0.0000            0
1996 10 11 27.2800 28.2800 28.1200     -0.1513       0.0000    0.0000            0
1996 10 12 27.3900 28.3200 28.1700     -0.1170       0.0000    0.0000            0
1996 10 13 27.4200 28.3500 28.2700     -0.0313       0.0000    0.0000            0
1996 10 14 27.4100 28.2500 28.1700     -0.1367       0.0000    0.0000            0
1996 10 15 27.0500 28.1000 27.9700     -0.3100       0.0000    0.0000            0
1996 10 16 26.7400 27.8500 27.7400     -0.6094       0.0000    0.0000            0
1996 10 17 26.6900 27.9800 27.8100     -0.5400       0.0000    0.0000            0
1996 10 18 26.9000 28.0200 27.8600     -0.4990       0.0000    0.0000            0
1996 10 19 27.1200 28.2000 28.0900     -0.1500       0.0000    0.0000            0
1996 10 20 27.4200 28.3400 28.2200     -0.1652       0.0000    0.0000            0
1996 10 21 27.5400 28.3800 28.2900     -0.0942       0.0000    0.0000            0
1996 10 22 27.8100 28.4700 28.4000     -0.0145       0.0000    0.0000            0
1996 10 23 27.4500 28.3100 28.1200     -0.1748       0.0000    0.0000            0
1996 10 24 27.3400 28.2600 28.0800     -0.2813       0.0000    0.0000            0
1996 10 25 27.4100 28.2500 28.1200     -0.3142       0.0000    0.0000            0
1996 10 26 27.5700 28.2000 28.0400     -0.4016       0.0000    0.0000            0
1996 10 27 27.6000 28.1500 28.0300     -0.4229       0.0000    0.0000            0
1996 10 28 27.1900 27.9700 27.8500     -0.6106       0.0000    0.0000            0
1996 10 29 27.2500 28.0500 27.9200     -0.5384       0.0000    0.0000            0
1996 10 30 27.4000 28.1000 28.0200     -0.4461       0.0000    0.0000            0
1996 10 31 27.6600 28.3700 28.0100     -0.5045       0.0000    0.0000            0
1996 11 01 27.5700 28.0900 27.8400     -0.6835       0.0000    0.0000            0
1996 11 02 27.7500 28.1600 27.9800     -0.4123       0.0000    0.0000            0
1996 11 03 27.8200 28.1300 28.1000     -0.4132       0.0000    0.0000            0
1996 11 04 27.8100 28.3400 28.3000     -0.1377       0.0000    0.0000            0
1996 11 05 27.8100 28.3700 28.2100     -0.2848       0.0000    0.0000            0
1996 11 06 27.8100 28.5300 28.4100     -0.0158       0.0000    0.0000            0
1996 11 07 27.6300 28.2900 28.1600     -0.3377       0.0000    0.0000            0
1996 11 08 27.9200 28.4100 28.3300     -0.1735       0.0000    0.0000            0
1996 11 09 27.9000 28.3800 28.3000     -0.2177       0.0000    0.0000            0
1996 11 10 27.8600 28.3200 28.1800     -0.4400       0.0000    0.0000            0
1996 11 11 27.9300 28.4900 28.2900     -0.3239       0.0000    0.0000            0
1996 11 12 27.9100 28.3800 28.3200     -0.3039       0.0000    0.0000            0
1996 11 13 27.8500 28.3900 28.3100     -0.3306       0.0000    0.0000            0
1996 11 14 27.8500 28.6900 28.4800     -0.1023       0.0000    0.0000            0
1996 11 15 27.8100 28.6500 28.3300     -0.2900       0.0000    0.0000            0
1996 11 16 27.9900 28.5400 28.4000     -0.1803       0.0000    0.0000            0
1996 11 17 28.1100 28.8700 28.7100      0.0733       0.0000    0.0000            0
1996 11 18 28.2300 28.7700 28.6500      0.1680       0.0000    0.0000            0
1996 11 19 28.0300 28.7200 28.5300     -0.1000       0.0000    0.0000            0
1996 11 20 27.8900 28.7500 28.4700     -0.0133       0.0000    0.0000            0
1996 11 21 28.0900 28.6500 28.4800      0.0300       0.0000    0.0000            0
1996 11 22 28.1900 28.7800 28.7200      0.1927       0.0000    0.0000            0
1996 11 23 28.1300 28.8400 28.7300      0.2220       0.0000    0.0000            0
1996 11 24 27.8800 28.7400 28.4100     -0.0360       0.0000    0.0000            0
1996 11 25 27.8200 28.7700 28.3000     -0.1500       0.0000    0.0000            0
1996 11 26 27.7700 28.9300 28.6400      0.0487       0.0000    0.0000            0
1996 11 27 27.6800 28.2500 28.0700     -0.4220       0.0000    0.0000            0
1996 11 28 27.9000 28.4400 28.2500     -0.3193       0.0000    0.0000            0
1996 11 29 28.2400 28.8100 28.7000      0.1973       0.0000    0.0000            0
1996 11 30 28.1200 29.0100 28.9000      0.3700       0.0000    0.0000            0
1996 12 01 28.2500 29.2200 29.0300      0.5027       0.0000    0.0000            0
1996 12 02 28.2300 28.9000 28.7500      0.2260       0.0000    0.0000            0
1996 12 03 28.1600 28.4800 28.4600     -0.0460       0.0000    0.0000            0
1996 12 04 28.0600 28.5700 28.5500     -0.0040       0.0000    0.0000            0
1996 12 05 27.9900 28.4400 28.4100     -0.1167       0.0000    0.0000            0
1996 12 06 27.7100 28.2600 28.1800     -0.3020       0.0000    0.0000            0
1996 12 07 27.7800 28.3800 28.3300     -0.1313       0.0000    0.0000            0
1996 12 08 27.8200 28.3800 28.2500     -0.2137       0.0000    0.0000            0
1996 12 09 27.6700 28.3000 28.1300     -0.3820       0.0000    0.0000            0
1996 12 10 27.4100 28.0800 27.8400     -0.6850       0.0000    0.0000            0
1996 12 11 27.2100 28.0100 27.7300     -0.7800       0.0000    0.0000            0
1996 12 12 26.8300 27.9500 27.6300     -0.8750       0.0000    0.0000            0
1996 12 13 26.9000 28.2900 28.0600     -0.4507       0.0000    0.0000            0
1996 12 14 26.9700 28.2500 28.0700     -0.4353       0.0000    0.0000            0
1996 12 15 27.1600 28.2800 28.1500     -0.3500       0.0000    0.0000            0
1996 12 16 27.4900 28.2700 28.1200     -0.2590       0.0000    0.0000            0
1996 12 17 27.0500 28.0400 27.8700     -0.4358       0.0000    0.0000            0
1996 12 18 26.9900 28.0500 27.8800     -0.3916       0.0000    0.0000            0
1996 12 19 27.0000 28.1400 28.0400     -0.2987       0.0000    0.0000            0
1996 12 20 27.9800 28.3700 28.3200     -0.0387       0.0000    0.0000            0
1996 12 21 28.0600 28.4300 28.4000      0.0419       0.0000    0.0000            0
1996 12 22 27.9500 28.3500 28.3300     -0.0155       0.0000    0.0000            0
1996 12 23 27.8600 28.3300 28.2900     -0.0487       0.0000    0.0000            0
1996 12 24 27.5100 28.1100 27.9400     -0.3842       0.0000    0.0000            0
1996 12 25 27.5000 28.2900 27.9300     -0.3858       0.0000    0.0000            0
1996 12 26 27.7700 28.3700 28.1700     -0.1400       0.0000    0.0000            0
1996 12 27 27.8100 28.3700 28.2800      0.0290       0.0000    0.0000            0
1996 12 28 27.9000 28.3400 28.2900      0.0739       0.0000    0.0000            0
1996 12 29 27.8400 28.4900 28.3900      0.1539       0.0000    0.0000            0
1996 12 30 27.7700 28.4700 28.4000      0.1713       0.0000    0.0000            0
1996 12 31 27.7300 28.4700 28.3400      0.1039       0.0000    0.0000            0
1997 01 01 27.9900 28.4900 28.4500      0.2552       0.0000    0.0000            0
1997 01 02 28.0000 28.4500 28.3700      0.1735       0.0000    0.0000            0
1997 01 03 28.1400 28.3800 28.3600      0.1239       0.0000    0.0000            0
1997 01 04 28.0000 28.3400 28.3200      0.1697       0.0000    0.0000            0
1997 01 05 27.7800 28.1800 28.1600     -0.0500       0.0000    0.0000            0
1997 01 06 27.3100 28.0800 28.0100     -0.1090       0.0000    0.0000            0
1997 01 07 27.2900 28.0300 27.9600     -0.1435       0.0000    0.0000            0
1997 01 08 27.5100 28.1800 28.1400      0.0416       0.0000    0.0000            0
1997 01 09 27.6600 28.2800 28.2200      0.1371       0.0000    0.0000            0
1997 01 10 27.6600 28.2900 28.2700      0.1942       0.0000    0.0000            0
1997 01 11 27.6500 28.3600 28.2700      0.1871       0.0000    0.0000            0
1997 01 12 27.9000 28.4400 28.3400      0.2803       0.0000    0.0000            0
1997 01 13 27.9000 28.3600 28.2600      0.2048       0.0000    0.0000            0
1997 01 14 27.8700 28.3800 28.3100      0.2484       0.0000    0.0000            0
1997 01 15 27.8800 28.2900 28.2600      0.3000       0.0000    0.0000            0
1997 01 16 27.6500 28.4300 28.3500      0.3235       0.0000    0.0000            0
1997 01 17 27.7600 28.4300 28.3500      0.3184       0.0000    0.0000            0
1997 01 18 27.8800 28.5000 28.4400      0.4255       0.0000    0.0000            0
1997 01 19 28.0600 28.5600 28.4200      0.3006       0.0000    0.0000            0
1997 01 20 27.9500 28.7200 28.5000      0.3642       0.0000    0.0000            0
1997 01 21 27.8300 28.3100 28.1100      0.0474       0.0000    0.0000            0
1997 01 22 27.8800 28.4200 28.2600      0.1781       0.0000    0.0000            0
1997 01 23 27.8000 28.2900 28.1900      0.1032       0.0000    0.0000            0
1997 01 24 27.9200 28.3000 28.2400      0.0894       0.0000    0.0000            0
1997 01 25 27.8500 28.2900 28.2000      0.0587       0.0000    0.0000            0
1997 01 26 27.9200 28.2600 28.1200     -0.0274       0.0000    0.0000            0
1997 01 27 27.8400 28.2100 28.0800     -0.0897       0.0000    0.0000            0
1997 01 28 27.8100 28.3200 28.2900      0.2923       0.0000    0.0000            0
1997 01 29 27.7300 28.1600 28.0500     -0.0032       0.0000    0.0000            0
1997 01 30 27.6900 28.2400 28.1600      0.0339       0.0000    0.0000            0
1997 01 31 27.6100 28.3800 28.3000      0.1761       0.0000    0.0000            0
1997 02 01 27.5900 28.4000 28.3200      0.1703       0.0000    0.0000            0
1997 02 02 27.8100 28.3300 28.1600      0.0165       0.0000    0.0000            0
1997 02 03 27.7800 28.4000 28.2900      0.1097       0.0000    0.0000            0
1997 02 04 27.6600 28.3400 28.1900      0.0339       0.0000    0.0000            0
1997 02 05 27.5800 28.2300 28.2000      0.0084       0.0000    0.0000            0
1997 02 06 27.3800 28.2600 28.1200     -0.0894       0.0000    0.0000            0
1997 02 07 27.4800 28.3200 28.2000     -0.0113       0.0000    0.0000            0
1997 02 08 27.3800 28.3000 28.1200     -0.0961       0.0000    0.0000            0
1997 02 09 27.3200 27.8900 27.8000     -0.4316       0.0000    0.0000            0
1997 02 10 27.2400 27.9000 27.8400     -0.4013       0.0000    0.0000            0
1997 02 11 27.1700 27.8100 27.7700     -0.4606       0.0000    0.0000            0
1997 02 12 27.3800 27.8800 27.8400     -0.3887       0.0000    0.0000            0
1997 02 13 27.4100 28.0100 27.8900     -0.3645       0.0000    0.0000            0
1997 02 14 27.5500 28.1500 28.0900     -0.1626       0.0000    0.0000            0
1997 02 15 27.7300 28.3600 28.2900      0.0300       0.0000    0.0000            0
1997 02 16 27.7000 28.4800 28.3400      0.0968       0.0000    0.0000            0
1997 02 17 27.5100 28.1700 28.0800     -0.2293       0.0000    0.0000            0
1997 02 18 27.4500 28.2400 28.0800     -0.2496       0.0000    0.0000            0
1997 02 19 27.4000 27.9700 27.8000     -0.5543       0.0000    0.0000            0
1997 02 20 27.3600 28.0300 27.9000     -0.4107       0.0000    0.0000            0
1997 02 21 27.3500 28.0900 28.0400     -0.4021       0.0000    0.0000            0
1997 02 22 27.4300 28.1700 28.1100     -0.3450       0.0000    0.0000            0
1997 02 23 27.5000 28.1800 28.1000     -0.3771       0.0000    0.0000            0
1997 02 24 27.6300 28.4000 28.1800     -0.2525       0.0000    0.0000            0
1997 02 25 27.6500 28.4400 28.3500     -0.1764       0.0000    0.0000            0
1997 02 26 27.4400 28.5200 28.3100     -0.2511       0.0000    0.0000            0
1997 02 27 27.5300 28.0600 27.9400     -0.6500       0.0000    0.0000            0
1997 02 28 27.4900 28.2400 28.1200     -0.5000       0.0000    0.0000            0
1997 03 01 27.5900 28.3400 28.2700     -0.3950       0.0000    0.0000            0
1997 03 02 27.6500 28.7900 28.7300      0.0736       0.0000    0.0000            0
1997 03 03 27.8400 29.0200 28.9400      0.2671       0.0000    0.0000            0
1997 03 04 27.7800 29.1500 29.0400      0.3307       0.0000    0.0000            0
1997 03 05 27.8500 29.0300 28.9100      0.1971       0.0000    0.0000            0
1997 03 06 27.7500 29.1000 29.0200      0.2343       0.0000    0.0000            0
1997 03 07 27.9400 29.1900 29.1300      0.3343       0.0000    0.0000            0
1997 03 08 27.9300 29.1800 29.1500      0.3275       0.0000    0.0000            0
1997 03 09 28.1600 29.2100 29.1900      0.3286       0.0000    0.0000            0
1997 03 10 28.2100 29.1600 29.1300      0.2521       0.0000    0.0000            0
1997 03 11 28.3400 29.1800 29.1300      0.2271       0.0000    0.0000            0
1997 03 12 28.4900 29.3400 29.2800      0.3089       0.0000    0.0000            0
1997 03 13 28.5800 29.4000 29.3500      0.3386       0.0000    0.0000            0
1997 03 14 28.4800 29.3500 29.2100      0.2657       0.0000    0.0000            0
1997 03 15 28.4100 29.4000 29.3300      0.2900       0.0000    0.0000            0
1997 03 16 28.3800 29.5200 29.4800      0.4168       0.0000    0.0000            0
1997 03 17 28.4400 29.5100 29.4800      0.4123       0.0000    0.0000            0
1997 03 18 28.4900 29.4700 29.4000      0.3013       0.0000    0.0000            0
1997 03 19 28.5800 29.4700 29.4000      0.2958       0.0000    0.0000            0
1997 03 20 28.7900 29.5400 29.5000      0.3010       0.0000    0.0000            0
1997 03 21 28.8000 29.7600 29.5400      0.3687       0.0000    0.0000            0
1997 03 22 28.8500 29.5500 29.4800      0.2239       0.0000    0.0000            0
1997 03 23 28.8200 29.4800 29.4000      0.3045       0.0000    0.0000            0
1997 03 24 28.7700 29.5400 29.4700      0.3826       0.0000    0.0000            0
1997 03 25 29.1200 29.8400 29.7900      0.5681       0.0000    0.0000            0
1997 03 26 29.1600 29.9700 29.7900      0.4297       0.0000    0.0000            0
1997 03 27 29.0900 29.8700 29.5400      0.2835       0.0000    0.0000            0
1997 03 28 28.8700 29.4000 29.3500     -0.0455       0.0000    0.0000            0
1997 03 29 28.6700 29.6700 29.2300      0.1674       0.0000    0.0000            0
1997 03 30 28.9000 29.9400 29.7100      0.3671       0.0000    0.0000            0
1997 03 31 29.1400 29.5900 29.5800      0.4681       0.0000    0.0000            0
1997 04 01 29.0400 29.7700 29.6500      0.5487       0.0000    0.0000            0
1997 04 02 28.8700 29.8100 29.6400      0.5187       0.0000    0.0000            0
1997 04 03 29.0300 29.8400 29.8000      0.6365       0.0000    0.0000            0
1997 04 04 29.4400 30.1000 29.9200      0.4155       0.0000    0.0000            0
1997 04 05 29.6200 30.1400 29.9600      0.4223       0.0000    0.0000            0
1997 04 06 29.5900 30.0500 29.9200      0.3819       0.0000    0.0000            0
1997 04 07 29.5100 30.1600 30.0000      0.7106       0.0600    0.0000            1
1997 04 08 29.6100 30.0700 30.0400      0.6381       0.0600    0.0000            1
1997 04 09 29.5600 29.9600 29.9200      0.4555       0.0000    0.0000            1
1997 04 10 29.6700 30.0000 29.9500      0.6081       0.0100    0.0000            1
1997 04 11 29.8300 30.1000 30.0500      0.6665       0.0700    0.0000            1
1997 04 12 29.7400 30.1400 30.0600      0.2765       0.0200    0.0000            1
1997 04 13 29.6500 30.3300 30.1700      0.4565       0.1600    0.0000            1
1997 04 14 29.7000 30.2400 30.1800      0.3361       0.1500    0.0000            1
1997 04 15 29.8300 30.3200 30.2300      0.4700       0.2200    0.0000            1
1997 04 16 30.0700 30.5100 30.3900      0.6127       0.4000    0.0000            1
1997 04 17 29.9000 30.3600 30.2900      0.4100       0.2700    0.0000            1
1997 04 18 29.5700 30.4000 30.1300      0.3430       0.1000    0.0000            1
1997 04 19 29.1400 30.4300 29.7000     -0.0933       0.0000    0.0000            1
1997 04 20 28.7800 30.3600 29.4500     -0.3500       0.0000    0.0000            1
1997 04 21 28.9700 30.3700 29.6300     -0.1780       0.0000    0.0000            1
1997 04 22 29.0300 30.3800 29.7100     -0.1113       0.0000    0.0000            1
1997 04 23 28.9800 30.4200 29.8400      0.0453       0.0000    0.0000            1
1997 04 24 29.2400 30.6700 30.0900      0.2710       0.1100    0.0000            1
1997 04 25 29.5400 30.9100 30.4700      0.6267       0.4800    0.0000            1
1997 04 26 29.8100 30.9700 30.7400      0.8893       0.7500    0.0000            1
1997 04 27 29.6600 30.7700 30.5500      0.6980       0.5600    0.0000            1
1997 04 28 29.7800 30.6800 30.6200      0.6847       0.5600    0.0000            1
1997 04 29 30.1000 31.0000 30.6700      0.8247       0.6700    0.0000            1
1997 04 30 30.1600 31.0000 30.7100      0.8200       0.6900    0.0000            1
1997 05 01 29.9500 31.0000 30.7600      0.8507       0.7200    0.0000            1
1997 05 02 30.0300 31.1400 30.7000      0.7983       0.6900    0.0000            1
1997 05 03 30.2000 31.1300 30.6000      0.6960       0.6000    0.0000            1
1997 05 04 30.1900 31.1100 30.5100      0.7460       0.5700    0.0000            1
1997 05 05 30.3400 31.3300 30.9900      1.0800       0.9700    0.0000            1
1997 05 06 30.1200 31.3500 31.1100      1.1680       1.0900    0.1557            2
1997 05 07 29.9400 31.3900 31.2100      1.2667       1.2000    0.3271            2
1997 05 08 29.7200 31.2500 31.0000      1.0483       0.9900    0.3271            2
1997 05 09 29.6500 31.1700 30.9800      0.9960       0.9400    0.3271            2
1997 05 10 29.4800 31.2000 30.7900      0.8250       0.7700    0.3271            2
1997 05 11 29.3200 31.0100 30.7100      0.7073       0.6700    0.3271            2
1997 05 12 29.1100 30.8800 30.6100      0.6070       0.5700    0.3271            2
1997 05 13 28.9900 30.7300 30.5300      0.5013       0.4900    0.3271            2
1997 05 14 28.9800 30.7100 30.5000      0.4657       0.4600    0.3271            1
1997 05 15 29.2200 30.7800 30.5800      0.5400       0.5400    0.3271            1
1997 05 16 29.3300 30.7200 30.4600      0.4874       0.4500    0.3271            1
1997 05 17 29.3700 30.8200 30.5900      0.6387       0.5600    0.3271            1
1997 05 18 29.6800 30.3800 30.2000      0.3200       0.2000    0.3271            1
1997 05 19 29.4800 30.2900 30.1400      0.2674       0.1100    0.3271            1
1997 05 20 29.2300 29.9600 29.8500      0.0464       0.0000    0.3271            1
1997 05 21 29.7900 30.3800 30.2600      0.5000       0.2600    0.3271            1
1997 05 22 29.8400 30.3000 30.2200      0.4745       0.1900    0.3271            1
1997 05 23 29.9300 30.3800 30.3300      0.6374       0.3200    0.3271            1
1997 05 24 29.8500 30.5000 30.4000      0.7584       0.4100    0.3271            1
1997 05 25 29.8800 30.4800 30.4300      0.8168       0.4200    0.3271            1
1997 05 26 29.7800 30.4000 30.3300      0.7452       0.3300    0.3271            1
1997 05 27 29.7200 30.4500 30.3400      0.8158       0.3900    0.3271            1
1997 05 28 29.9600 30.9100 30.7300      1.2113       0.7500    0.3271            1
1997 05 29 29.9300 30.8700 30.7100      1.2603       0.7500    0.3271            1
1997 05 30 29.8500 30.9100 30.7400      1.3271       0.7900    0.3271            1
1997 05 31 29.8300 30.8300 30.7300      1.3135       0.7200    0.3271            1
1997 06 01 29.9300 30.6900 30.6300      1.2506       0.6200    0.3271            1
1997 06 02 30.0100 30.7200 30.6000      1.2961       0.6400    0.3271            1
1997 06 03 30.1400 30.8300 30.7600      1.4481       0.7800    0.3271            1
1997 06 04 30.1800 30.9300 30.8900      1.6161       0.9000    0.3271            1
1997 06 05 30.1400 30.8200 30.7800      1.5552       0.8100    0.3271            1
1997 06 06 29.9300 30.8700 30.7600      1.5665       0.8000    0.3271            1
1997 06 07 29.9200 31.0000 30.8900      1.7558       0.9100    0.3271            1
1997 06 08 29.6500 30.9200 30.8100      1.7181       0.8200    0.3271            1
1997 06 09 30.1300 30.8100 30.7300      1.6494       0.7300    0.3271            1
1997 06 10 30.0800 30.9100 30.8600      1.8448       0.8300    0.3271            1
1997 06 11 30.0500 30.8200 30.7300      1.7477       0.7200    0.3271            1
1997 06 12 29.5900 30.3100 30.2300      1.3068       0.2500    0.3271            1
1997 06 13 29.4300 30.2100 30.0700      1.1758       0.1000    0.3271            1
1997 06 14 29.2300 29.9700 29.8400      0.9826       0.0000    0.3271            1
1997 06 15 29.1900 29.9400 29.7800      0.9600       0.0000    0.3271            1
1997 06 16 28.7900 29.7600 29.5700      0.7717       0.0000    0.3271            1
1997 06 17 28.7400 29.6800 29.4800      0.6733       0.0000    0.3271            1
1997 06 18 28.7000 29.6000 29.4300      0.7940       0.0000    0.3271            1
1997 06 19 28.6700 29.8200 29.5500      0.9753       0.0000    0.3271            1
1997 06 20 28.5500 29.7300 29.5300      0.9200       0.0000    0.3271            0
1997 06 21 28.3400 29.4700 29.3100      0.6640       0.0000    0.3271            0
1997 06 22 28.6800 29.5100 29.4500      0.8210       0.0000    0.3271            0
1997 06 23 28.5100 29.4900 29.3300      0.7827       0.0000    0.3271            0
1997 06 24 28.5400 29.5800 29.3900      0.9640       0.0000    0.3271            0
1997 06 25 28.5600 29.5500 29.3700      0.9833       0.0000    0.3271            0
1997 06 26 28.6000 29.5400 29.3900      0.9213       0.0000    0.3271            0
1997 06 27 28.5800 29.5200 29.3300      0.8980       0.0000    0.3271            0
1997 06 28 28.4600 29.3000 29.1700      0.9027       0.0000    0.3271            0
1997 06 29 28.5400 29.2800 29.0900      0.7233       0.0000    0.3271            0
1997 06 30 28.5000 29.1700 29.0200      0.8250       0.0000    0.3271            0
1997 07 01 28.3500 29.0700 28.8400      0.6960       0.0000    0.3271            0
1997 07 02 28.2300 29.0100 28.7600      0.6370       0.0000    0.3271            0
1997 07 03 28.1700 28.9600 28.7600      0.5400       0.0000    0.3271            0
1997 07 04 28.2700 29.0100 28.9700      0.9110       0.0000    0.3271            0
1997 07 05 28.2300 28.9500 28.8500      0.6767       0.0000    0.3271            0
1997 07 06 28.0300 29.4100 28.8100      0.6740       0.0000    0.3271            0
1997 07 07 27.8500 29.5000 28.5000      0.3927       0.0000    0.3271            0
1997 07 08 27.4300 29.6700 27.9500     -0.1487       0.0000    0.3271            0
1997 07 09 27.4700 29.5100 28.0200     -0.0460       0.0000    0.3271            0
1997 07 10 27.4600 29.2600 27.9800     -0.0550       0.0000    0.3271            0
1997 07 11 27.4900 29.4400 28.1600      0.1580       0.0000    0.3271            0
1997 07 12 27.3800 29.3900 28.1200      0.1780       0.0000    0.3271            0
1997 07 13 27.3000 29.2700 27.8700     -0.0653       0.0000    0.3271            0
1997 07 14 26.7800 29.1700 27.9700      0.1253       0.0000    0.3271            0
1997 07 15 26.8400 28.9300 28.1100      0.2700       0.0000    0.3271            0
1997 07 16 26.9200 28.6700 28.0100      0.1658       0.0000    0.3271            0
1997 07 17 27.3600 28.4100 28.0600      0.2510       0.0000    0.3271            0
1997 07 18 27.3000 28.4500 28.1900      0.3184       0.0000    0.3271            0
1997 07 19 27.4500 28.5800 28.4700      0.5432       0.0000    0.3271            0
1997 07 20 27.2600 28.5100 27.9800      0.1439       0.0000    0.3271            0
1997 07 21 27.3600 28.4200 27.9300      0.1629       0.0000    0.3271            0
1997 07 22 27.1900 28.2500 27.8000     -0.0203       0.0000    0.3271            0
1997 07 23 26.8500 28.0500 27.6100     -0.1561       0.0000    0.3271            0
1997 07 24 26.5700 28.0800 27.4500     -0.3106       0.0000    0.3271            0
1997 07 25 26.6600 28.0300 27.2600     -0.2935       0.0000    0.3271            0
1997 07 26 26.9200 28.0500 27.8800     -0.0803       0.0000    0.3271            0
1997 07 27 27.6500 28.4000 28.1500      0.5223       0.0000    0.3271            0
1997 07 28 27.6800 28.5100 28.1700      0.5558       0.0000    0.3271            0
1997 07 29 27.6700 28.5100 28.2200      0.6635       0.0000    0.1714            0
1997 07 30 27.7300 28.5400 28.2900      0.8206       0.0000    0.0000            0
1997 07 31 27.6800 28.5300 28.3300      0.8694       0.0000    0.0000            0
1997 08 01 27.3800 28.9600 28.4100      0.9226       0.0000    0.0000            0
1997 08 02 27.7600 28.8500 28.6300      0.7503       0.0000    0.0000            0
1997 08 03 27.7200 28.7500 28.6900      0.8319       0.0000    0.0000            0
1997 08 04 27.8700 28.6500 28.6200      0.6939       0.0000    0.0000            0
1997 08 05 27.9800 28.8700 28.7500      1.0190       0.0000    0.0000            0
1997 08 06 27.8100 28.4900 28.3900      0.6761       0.0000    0.0000            0
1997 08 07 27.6100 28.3100 28.2600      0.5387       0.0000    0.0000            0
1997 08 08 27.4700 28.0800 27.9900      0.4258       0.0000    0.0000            0
1997 08 09 27.2100 28.0800 28.0400      0.2952       0.0000    0.0000            0
1997 08 10 27.2000 28.0500 27.9400      0.3797       0.0000    0.0000            0
1997 08 11 27.2600 28.0600 28.0000      0.2755       0.0000    0.0000            0
1997 08 12 27.8100 28.3800 28.2900      0.6535       0.0000    0.0000            0
1997 08 13 27.8000 28.5200 28.4100      0.7690       0.0000    0.0000            0
1997 08 14 27.7600 28.5400 28.4300      0.8042       0.0000    0.0000            0
1997 08 15 27.6900 28.5300 28.4200      0.8000       0.0000    0.0000            0
1997 08 16 27.5400 28.4600 28.4000      0.7194       0.0000    0.0000            0
1997 08 17 27.4000 28.5600 28.3400      0.7610       0.0000    0.0000            0
1997 08 18 27.0900 28.5900 28.3500      0.7732       0.0000    0.0000            0
1997 08 19 27.1600 28.6600 28.3300      0.7345       0.0000    0.0000            0
1997 08 20 27.0100 28.6500 28.2500      0.6571       0.0000    0.0000            0
1997 08 21 26.7000 28.1700 27.8200      0.1487       0.0000    0.0000            0
1997 08 22 26.5900 28.1100 27.7600      0.0542       0.0000    0.0000            0
1997 08 23 27.6300 28.6900 28.5200      0.6435       0.0000    0.0000            0
1997 08 24 27.3100 28.7800 28.4300      0.6742       0.0000    0.0000            0
1997 08 25 27.2600 28.8100 28.4100      0.6403       0.0000    0.0000            0
1997 08 26 27.1300 28.8400 28.2800      0.5094       0.0000    0.0000            0
1997 08 27 27.1800 28.2000 28.0500      0.1458       0.0000    0.0000            0
1997 08 28 27.2700 28.0600 28.0200      0.0987       0.0000    0.0000            0
1997 08 29 26.9600 27.9900 27.8400     -0.0558       0.0000    0.0000            0
1997 08 30 27.4700 28.3300 28.2200      0.5068       0.0000    0.0000            0
1997 08 31 27.8400 28.4000 28.3400      0.5990       0.0000    0.0000            0
1997 09 01 27.8300 28.3300 28.3100      0.3623       0.0000    0.0000            0
1997 09 02 27.9500 28.4400 28.3700      0.4455       0.0000    0.0000            0
1997 09 03 27.9200 28.4800 28.3100      0.3942       0.0000    0.0000            0
1997 09 04 27.9200 28.5000 28.2600      0.3742       0.0000    0.0000            0
1997 09 05 27.7900 28.4200 28.2700      0.3452       0.0000    0.0000            0
1997 09 06 27.7600 28.2800 28.2000      0.2552       0.0000    0.0000            0
1997 09 07 27.8200 28.3400 28.2000      0.2239       0.0000    0.0000            0
1997 09 08 27.8300 28.3500 28.1700      0.2616       0.0000    0.0000            0
1997 09 09 27.8900 28.5100 28.4300      0.4997       0.0000    0.0000            0
1997 09 10 27.9000 28.6100 28.5000      0.6416       0.0000    0.0000            0
1997 09 11 27.9900 28.7300 28.5800      0.7052       0.0000    0.0000            0
1997 09 12 27.9700 28.5100 28.4800      0.5100       0.0000    0.0000            0
1997 09 13 27.9000 29.0300 28.8400      0.9213       0.0000    0.0000            0
1997 09 14 27.6100 29.0200 28.8100      0.8703       0.0000    0.0000            0
1997 09 15 27.7700 29.0000 28.7700      1.0700       0.0000    0.0000            0
1997 09 16 28.1000 29.4400 29.2300      1.4857       0.0000    0.0000            0
1997 09 17 28.0800 29.3300 29.1900      1.2107       0.0000    0.0000            0
1997 09 18 28.1200 29.3100 29.1900      1.2010       0.0000    0.0000            0
1997 09 19 28.1100 29.1100 29.0100      1.0180       0.0000    0.0000            0
1997 09 20 28.0600 29.0500 28.9400      0.9400       0.0000    0.0000            0
1997 09 21 28.0500 28.9900 28.9300      0.9220       0.0000    0.0000            0
1997 09 22 28.3600 29.0800 28.9800      0.8820       0.0000    0.0000            0
1997 09 23 28.3200 29.2100 28.9900      0.9607       0.0000    0.0000            0
1997 09 24 28.3300 29.2800 29.0100      0.9710       0.0000    0.0000            0
1997 09 25 28.2100 29.0700 29.0500      0.9333       0.0000    0.0000            0
1997 09 26 27.9300 29.0900 28.9100      0.8647       0.0000    0.0000            0
1997 09 27 27.9300 29.1500 29.0500      0.8960       0.0000    0.0000            0
1997 09 28 28.0600 29.2700 28.9600      0.9003       0.0000    0.0000            0
1997 09 29 28.4800 29.2900 29.2100      1.0367       0.0000    0.0000            0
1997 09 30 28.5600 29.1900 29.1400      1.0150       0.0000    0.0000            0
1997 10 01 28.6000 29.2900 29.1800      0.9933       0.0000    0.0000            0
1997 10 02 28.6300 29.3700 29.3000      1.1857       0.0000    0.0000            0
1997 10 03 28.7300 29.3200 29.2900      1.1060       0.0000    0.0000            0
1997 10 04 28.8800 29.4200 29.3300      1.1347       0.0000    0.0000            0
1997 10 05 28.9800 29.6100 29.3800      1.1967       0.0000    0.0000            0
1997 10 06 29.0000 29.7200 29.5200      1.3250       0.0000    0.0000            0
1997 10 07 28.8900 29.7200 29.5300      1.3133       0.0000    0.0000            0
1997 10 08 29.1500 29.7000 29.5800      1.3970       0.0000    0.0000            0
1997 10 09 29.0700 29.7800 29.7200      1.4920       0.0000    0.0000            0
1997 10 10 29.2000 29.8400 29.8100      1.5750       0.0000    0.0000            0
1997 10 11 29.0100 29.9800 29.9500      1.6860       0.0000    0.0000            0
1997 10 12 28.8200 30.0300 30.0100      1.7410       0.0300    0.0000            1
1997 10 13 28.6900 29.9700 29.9500      1.6760       0.0000    0.0000            1
1997 10 14 28.6100 30.1100 30.0300      1.7617       0.0400    0.0000            1
1997 10 15 29.1600 30.2200 30.1500      1.8000       0.1600    0.0000            1
1997 10 16 29.1900 30.1600 30.0900      1.7316       0.1000    0.0000            1
1997 10 17 29.1700 30.0300 29.9200      1.5626       0.0000    0.0000            1
1997 10 18 28.8600 29.8900 29.7800      1.4129       0.0000    0.0000            1
1997 10 19 28.8600 29.9700 29.8500      1.4713       0.0000    0.0000            1
1997 10 20 28.7100 29.6400 29.5600      1.1229       0.0000    0.0000            1
1997 10 21 28.7700 29.5100 29.4600      1.0635       0.0000    0.0000            1
1997 10 22 28.7100 29.5000 29.3900      0.9558       0.0000    0.0000            1
1997 10 23 28.8300 29.5100 29.3400      0.8981       0.0000    0.0000            0
1997 10 24 29.5300 29.9600 29.8600      1.4832       0.0000    0.0000            0
1997 10 25 29.5700 29.9900 29.9500      1.5726       0.0000    0.0000            0
1997 10 26 29.5700 29.9500 29.9200      1.4729       0.0000    0.0000            0
1997 10 27 29.5400 30.0500 29.9400      1.6690       0.0200    0.0000            1
1997 10 28 29.5200 29.9800 29.9400      1.4435       0.0000    0.0000            1
1997 10 29 29.6700 30.0600 30.0000      1.5035       0.0300    0.0000            1
1997 10 30 29.6200 30.0300 29.9300      1.5139       0.0000    0.0000            1
1997 10 31 29.4900 29.8500 29.8100      1.2965       0.0000    0.0000            1
1997 11 01 29.5600 30.1700 30.0500      1.5345       0.0600    0.0000            1
1997 11 02 29.4500 30.1800 30.0100      1.4884       0.0600    0.0000            1
1997 11 03 29.4100 30.0800 29.9900      1.4529       0.0000    0.0000            1
1997 11 04 29.3900 30.0300 29.8800      1.3258       0.0000    0.0000            1
1997 11 05 29.2300 29.7400 29.5600      1.0474       0.0000    0.0000            1
1997 11 06 29.3800 29.8500 29.7100      1.2455       0.0000    0.0000            1
1997 11 07 29.3100 29.8400 29.6900      1.2171       0.0000    0.0000            1
1997 11 08 29.2600 29.8600 29.7200      1.2319       0.0000    0.0000            1
1997 11 09 29.1300 29.6500 29.5000      0.9039       0.0000    0.0000            0
1997 11 10 29.0300 29.5200 29.3900      0.7816       0.0000    0.0000            0
1997 11 11 28.9500 29.5000 29.4500      0.8645       0.0000    0.0000            0
1997 11 12 28.8100 29.4400 29.3100      0.6781       0.0000    0.0000            0
1997 11 13 28.9100 29.5100 29.3100      0.6706       0.0000    0.0000            0
1997 11 14 29.0200 30.3900 30.2300      1.5800       0.2700    0.0000            1
1997 11 15 29.3300 30.1500 30.0800      1.4300       0.0900    0.0000            1
1997 11 16 29.1900 29.9900 29.9200      1.2780       0.0000    0.0000            1
1997 11 17 29.0400 29.8200 29.7700      1.1787       0.0000    0.0000            1
1997 11 18 28.7600 29.8800 29.5600      0.9730       0.0000    0.0000            1
1997 11 19 28.6800 30.2700 29.4400      0.8407       0.0000    0.0000            1
1997 11 20 28.8800 30.1700 29.3400      0.7483       0.0000    0.0000            1
1997 11 21 29.1100 30.0600 29.6200      1.0460       0.0000    0.0000            1
1997 11 22 29.1900 29.9200 29.7300      1.2030       0.0000    0.0000            0
1997 11 23 29.2500 29.8200 29.7900      1.2140       0.0000    0.0000            0
1997 11 24 28.9900 29.7700 29.6600      1.0650       0.0000    0.0000            0
1997 11 25 29.1200 29.7600 29.7000      1.1000       0.0000    0.0000            0
1997 11 26 29.1100 29.7500 29.6600      1.0780       0.0000    0.0000            0
1997 11 27 29.1400 29.9500 29.9000      1.3000       0.0000    0.0000            0
1997 11 28 29.3800 30.1600 30.1200      1.5553       0.1600    0.0000            1
1997 11 29 29.2700 30.2100 30.1800      1.6400       0.2100    0.0000            1
1997 11 30 29.4400 30.1000 30.0500      1.5000       0.0800    0.0000            1
1997 12 01 29.3500 29.7700 29.7100      1.2340       0.0000    0.0000            1
1997 12 02 29.3800 29.7800 29.7400      1.2637       0.0000    0.0000            1
1997 12 03 29.3500 29.7600 29.7200      1.1760       0.0000    0.0000            1
1997 12 04 29.1800 30.3200 30.2600      1.6987       0.2900    0.0000            1
1997 12 05 29.2000 30.0700 30.0100      1.4767       0.0500    0.0000            1
1997 12 06 29.1800 29.8900 29.8400      1.2880       0.0000    0.0000            1
1997 12 07 28.9600 29.6400 29.5900      1.0427       0.0000    0.0000            1
1997 12 08 28.9900 29.4900 29.3800      0.9063       0.0000    0.0000            1
1997 12 09 28.9600 29.4800 29.3900      0.9440       0.0000    0.0000            1
1997 12 10 29.6100 30.0900 30.0100      1.5217       0.0600    0.0000            1
1997 12 11 29.3700 29.7600 29.7100      1.2740       0.0000    0.0000            1
1997 12 12 29.3800 29.8100 29.7500      1.3180       0.0000    0.0000            1
1997 12 13 29.0100 29.4700 29.3400      0.8300       0.0000    0.0000            1
1997 12 14 28.8600 29.4500 29.2600      0.8360       0.0000    0.0000            1
1997 12 15 28.8400 29.4800 29.2500      0.8300       0.0000    0.0000            1
1997 12 16 28.8200 29.4600 29.3500      1.0565       0.0000    0.0000            1
1997 12 17 28.4800 29.4500 29.3500      1.0629       0.0000    0.0000            0
1997 12 18 28.4600 29.5200 29.3600      0.9719       0.0000    0.0000            0
1997 12 19 28.3800 29.4300 29.3000      0.9239       0.0000    0.0000            0
1997 12 20 28.4600 29.3000 29.2000      0.9223       0.0000    0.0000            0
1997 12 21 28.5000 29.2300 29.1400      0.8768       0.0000    0.0000            0
1997 12 22 28.5400 29.2900 29.2100      0.9474       0.0000    0.0000            0
1997 12 23 28.4900 29.3900 29.0800      0.7452       0.0000    0.0000            0
1997 12 24 29.0500 29.6500 29.5900      1.2723       0.0000    0.0000            0
1997 12 25 28.8700 29.6300 29.5800      1.2781       0.0000    0.0000            0
1997 12 26 28.7800 29.5700 29.5200      1.2339       0.0000    0.0000            0
1997 12 27 28.7400 29.5400 29.4500      1.2274       0.0000    0.0000            0
1997 12 28 28.6300 29.5600 29.2500      0.9700       0.0000    0.0000            0
1997 12 29 28.7300 29.5900 29.3900      1.1190       0.0000    0.0000            0
1997 12 30 28.7300 29.4500 29.3700      1.1568       0.0000    0.0000            0
1997 12 31 28.8000 29.4200 29.3500      1.1435       0.0000    0.0000            0
1998 01 01 28.8100 29.4300 29.3000      1.0952       0.0000    0.0000            0
1998 01 02 29.0000 29.4500 29.3400      1.1710       0.0000    0.0000            0
1998 01 03 29.1300 29.4900 29.4000      1.2074       0.0000    0.0000            0
1998 01 04 29.0400 29.4400 29.2800      1.1010       0.0000    0.0000            0
1998 01 05 28.8800 29.2000 29.1600      0.9839       0.0000    0.0000            0
1998 01 06 28.6300 29.2000 29.1000      0.9203       0.0000    0.0000            0
1998 01 07 28.6700 29.2000 29.0200      0.8823       0.0000    0.0000            0
1998 01 08 28.6100 29.3000 29.0500      0.9165       0.0000    0.0000            0
1998 01 09 28.5300 29.4200 29.2600      1.1565       0.0000    0.0000            0
1998 01 10 28.2200 29.8400 29.6500      1.6003       0.0000    0.0000            0
1998 01 11 27.8800 29.6800 29.6200      1.5423       0.0000    0.0000            0
1998 01 12 27.8400 29.3900 29.2600      1.2497       0.0000    0.0000            0
1998 01 13 28.3900 29.5200 29.4100      1.4145       0.0000    0.0000            0
1998 01 14 28.2700 28.9500 28.9000      0.9319       0.0000    0.0000            0
1998 01 15 28.6300 29.2100 29.1600      1.1400       0.0000    0.0000            0
1998 01 16 28.5900 29.2100 29.1200      1.0839       0.0000    0.0000            0
1998 01 17 28.5000 29.3700 29.2500      1.2184       0.0000    0.0000            0
1998 01 18 28.7200 29.5100 29.3000      1.2506       0.0000    0.0000            0
1998 01 19 28.7500 29.5300 29.3100      1.2542       0.0000    0.0000            0
1998 01 20 28.5400 29.4100 29.1100      1.0529       0.0000    0.0000            0
1998 01 21 28.3700 29.0400 28.8500      0.7932       0.0000    0.0000            0
1998 01 22 28.2900 28.9300 28.7700      0.6406       0.0000    0.0000            0
1998 01 23 28.3400 28.9900 28.8200      0.6839       0.0000    0.0000            0
1998 01 24 28.2200 28.8500 28.7100      0.7484       0.0000    0.0000            0
1998 01 25 28.3200 28.9000 28.7800      0.6316       0.0000    0.0000            0
1998 01 26 28.5100 28.9600 28.8800      0.7168       0.0000    0.0000            0
1998 01 27 28.4500 29.0400 28.9200      0.7719       0.0000    0.0000            0
1998 01 28 28.5100 29.0900 29.0000      0.8371       0.0000    0.0000            0
1998 01 29 28.6000 29.1100 29.1000      0.9258       0.0000    0.0000            0
1998 01 30 28.7100 29.3700 29.3000      1.1174       0.0000    0.0000            0
1998 01 31 28.7900 29.3900 29.2600      1.1358       0.0000    0.0000            0
1998 02 01 28.6800 29.4400 29.3300      1.1429       0.0000    0.0000            0
1998 02 02 28.7700 29.3400 29.3000      1.1532       0.0000    0.0000            0
1998 02 03 28.6600 29.2300 29.2000      0.9990       0.0000    0.0000            0
1998 02 04 28.6200 29.2100 29.1100      0.9481       0.0000    0.0000            0
1998 02 05 28.5200 29.2100 29.0900      0.9313       0.0000    0.0000            0
1998 02 06 28.6400 29.2800 29.1100      0.8752       0.0000    0.0000            0
1998 02 07 28.5300 29.3900 29.2100      0.9990       0.0000    0.0000            0
1998 02 08 28.7000 29.8800 29.5900      1.3429       0.0000    0.0000            0
1998 02 09 28.6600 29.7100 29.5000      1.2748       0.0000    0.0000            0
1998 02 10 28.7100 29.5800 29.3800      1.1287       0.0000    0.0000            0
1998 02 11 28.5600 29.2400 29.2100      0.9694       0.0000    0.0000            0
1998 02 12 28.7100 29.4800 29.2900      1.0323       0.0000    0.0000            0
1998 02 13 28.6700 29.7500 29.2300      1.0997       0.0000    0.0000            0
1998 02 14 28.6700 29.6900 29.3200      1.1065       0.0000    0.0000            0
1998 02 15 28.5200 29.8800 29.3100      1.0900       0.0000    0.0000            0
1998 02 16 28.4700 29.6800 29.2500      1.0075       0.0000    0.0000            0
1998 02 17 28.5800 29.4000 29.2100      0.9107       0.0000    0.0000            0
1998 02 18 28.5600 29.1100 29.0400      0.7200       0.0000    0.0000            0
1998 02 19 28.6100 29.1500 29.1100      0.7229       0.0000    0.0000            0
1998 02 20 28.6700 29.3400 29.2900      0.8679       0.0000    0.0000            0
1998 02 21 28.6900 29.2900 29.2000      0.7721       0.0000    0.0000            0
1998 02 22 28.5600 29.1100 29.0900      0.6400       0.0000    0.0000            0
1998 02 23 28.5900 29.0500 29.0100      0.5200       0.0000    0.0000            0
1998 02 24 28.0400 29.0400 28.8300      0.3232       0.0000    0.0000            0
1998 02 25 28.0800 29.2700 29.2100      0.6700       0.0000    0.0000            0
1998 02 26 28.1000 29.3800 29.0700      0.4854       0.0000    0.0000            0
1998 02 27 28.4800 29.2400 29.1800      0.5700       0.0000    0.0000            0
1998 02 28 28.2400 29.2200 29.0400      0.4246       0.0000    0.0000            0
1998 03 01 28.4200 29.2500 29.1300      0.4800       0.0000    0.0000            0
1998 03 02 28.3500 29.2900 29.1300      0.4554       0.0000    0.0000            0
1998 03 03 28.7200 29.4700 29.3400      0.6300       0.0000    0.0000            0
1998 03 04 28.8700 29.5500 29.4300      0.6786       0.0000    0.0000            0
1998 03 05 28.8900 29.4100 29.3100      0.6607       0.0000    0.0000            0
1998 03 06 28.6400 29.1400 29.1000      0.2968       0.0000    0.0000            0
1998 03 07 28.7400 29.2800 29.1200      0.3071       0.0000    0.0000            0
1998 03 08 28.8100 29.2200 29.1400      0.2975       0.0000    0.0000            0
1998 03 09 28.7300 29.4800 29.2700      0.4007       0.0000    0.0000            0
1998 03 10 28.5900 29.5000 29.2500      0.3521       0.0000    0.0000            0
1998 03 11 28.4700 29.5800 29.2200      0.3429       0.0000    0.0000            0
1998 03 12 28.4200 29.4600 29.1300      0.2271       0.0000    0.0000            0
1998 03 13 28.3500 29.4400 29.1500      0.1936       0.0000    0.0000            0
1998 03 14 28.3700 29.3700 29.0900      0.0771       0.0000    0.0000            0
1998 03 15 28.4800 29.3000 29.1600      0.1300       0.0000    0.0000            0
1998 03 16 28.5700 29.6800 29.5800      0.5068       0.0000    0.0000            0
1998 03 17 28.6900 29.8900 29.7400      0.7616       0.0000    0.0000            0
1998 03 18 28.5900 29.6400 29.5100      0.4574       0.0000    0.0000            0
1998 03 19 28.5500 29.4600 29.4200      0.2394       0.0000    0.0000            0
1998 03 20 28.3600 29.5700 29.4900      0.2942       0.0000    0.0000            0
1998 03 21 28.3200 29.6800 29.5900      0.3690       0.0000    0.0000            0
1998 03 22 28.1800 29.4300 29.3800      0.1239       0.0000    0.0000            0
1998 03 23 28.1700 29.5600 29.4700      0.2765       0.0000    0.0000            0
1998 03 24 28.3900 29.6200 29.5300      0.2235       0.0000    0.0000            0
1998 03 25 28.5600 29.6900 29.4500      0.2381       0.0000    0.0000            0
1998 03 26 28.9500 30.0100 29.9400      0.5861       0.0000    0.0000            0
1998 03 27 29.0400 30.0900 29.9800      0.5942       0.0000    0.0000            0
1998 03 28 29.3100 30.3200 30.0900      0.8055       0.1000    0.0000            1
1998 03 29 29.4200 30.5100 30.1900      0.8768       0.2000    0.0000            1
1998 03 30 29.4200 30.5600 30.1600      0.8223       0.1700    0.0000            1
1998 03 31 29.4100 30.4100 30.1900      0.8229       0.2000    0.0000            1
1998 04 01 29.5000 30.1900 30.1600      0.6477       0.1300    0.0000            1
1998 04 02 29.5300 30.3000 30.2600      0.9536       0.2600    0.0000            1
1998 04 03 29.3100 30.4100 30.2200      1.0155       0.2800    0.0000            1
1998 04 04 29.7700 30.4900 30.4200      0.9155       0.4100    0.0000            1
1998 04 05 29.8000 30.5800 30.5400      1.0155       0.5000    0.0000            1
1998 04 06 30.0100 30.7300 30.6900      1.1448       0.6800    0.0000            1
1998 04 07 29.9800 30.8200 30.7600      1.1858       0.7700    0.0000            1
1998 04 08 30.1200 30.7400 30.6400      1.3668       0.7300    0.0000            1
1998 04 09 29.9500 30.4700 30.4200      0.8174       0.4600    0.0000            1
1998 04 10 29.8500 30.5900 30.4800      0.7558       0.4300    0.0000            1
1998 04 11 30.0200 30.7800 30.6900      0.9219       0.6700    0.0000            1
1998 04 12 29.9700 31.1800 31.0500      1.2674       1.0100    0.1443            2
1998 04 13 30.0300 31.0900 31.0000      1.1810       0.9700    0.1443            2
1998 04 14 30.2800 31.1800 31.1000      1.2658       1.0600    0.2957            2
1998 04 15 30.0800 31.1600 31.0300      1.3300       1.0200    0.4414            2
1998 04 16 30.1000 31.2000 31.0700      1.1947       1.0400    0.5900            2
1998 04 17 29.7800 30.9500 30.8000      1.0707       0.8000    0.5900            2
1998 04 18 29.8600 30.8900 30.7900      1.0920       0.7500    0.5900            2
1998 04 19 29.7700 30.8400 30.7600      1.0333       0.7300    0.5900            2
1998 04 20 30.1200 30.8400 30.7800      0.8833       0.7500    0.5900            2
1998 04 21 29.8900 30.8400 30.6600      0.8860       0.6700    0.5900            2
1998 04 22 29.7600 30.8400 30.3700      0.8003       0.4400    0.5900            2
1998 04 23 30.0500 31.0500 30.7800      1.2193       0.8600    0.5900            1
1998 04 24 30.1900 30.9400 30.9000      0.9890       0.8700    0.5900            1
1998 04 25 30.2700 31.0100 30.9600      1.2233       0.9500    0.5900            1
1998 04 26 30.2400 30.9800 30.8800      1.0283       0.8700    0.5900            1
1998 04 27 30.3500 31.1700 30.8900      1.0300       0.8800    0.5900            1
1998 04 28 30.5500 31.4200 31.0000      1.1573       1.0100    0.7343            2
1998 04 29 30.3100 31.5900 30.9000      1.1540       0.9300    0.7343            2
1998 04 30 30.2500 31.4200 31.0900      1.2300       1.0900    0.8900            2
1998 05 01 30.3600 31.4600 30.9200      1.0513       0.9300    0.8900            2
1998 05 02 30.3100 31.3500 30.9000      0.9983       0.8900    0.8900            2
1998 05 03 30.6800 31.4700 31.3800      1.4080       1.3200    1.0786            2
1998 05 04 30.7500 31.5500 31.5400      1.5660       1.5000    1.2929            2
1998 05 05 30.8200 31.6500 31.6100      1.6233       1.5600    1.5157            2
1998 05 06 30.9200 31.8500 31.7700      1.7950       1.7500    1.7657            2
1998 05 07 30.9300 31.6700 31.5500      1.6187       1.5600    1.9886            2
1998 05 08 31.0400 31.8100 31.7500      1.8017       1.7200    2.2343            2
1998 05 09 30.8700 31.6000 31.5500      1.5600       1.5300    2.4529            2
1998 05 10 30.8700 31.6100 31.5200      1.5017       1.4700    2.6629            2
1998 05 11 30.8000 31.4800 31.4500      1.4427       1.4200    2.8657            2
1998 05 12 30.4900 31.3400 31.1700      1.1760       1.1400    3.0286            2
1998 05 13 30.2400 31.3000 31.1500      1.1287       1.1100    3.1871            2
1998 05 14 30.1800 31.2700 31.1200      1.1183       1.1100    3.3457            2
1998 05 15 30.1400 31.2500 31.1100      1.0700       1.0700    3.4986            2
1998 05 16 30.2000 31.0000 30.9300      0.9394       0.9000    3.4986            2
1998 05 17 30.1600 31.0000 30.9300      0.9706       0.8900    3.4986            2
1998 05 18 29.7700 30.6500 30.4600      0.5439       0.4200    3.4986            2
1998 05 19 30.4600 30.9000 30.8700      1.0074       0.8500    3.4986            2
1998 05 20 30.5100 30.9700 30.9000      1.0684       0.8700    3.4986            2
1998 05 21 30.5800 31.0400 30.8700      1.1229       0.9100    3.4986            2
1998 05 22 30.7000 31.0800 30.9800      1.2506       1.0000    3.6414            2
1998 05 23 30.4800 31.0500 30.9500      1.2552       0.9300    3.6414            2
1998 05 24 30.2600 31.0300 30.9300      1.2871       0.9300    3.6414            2
1998 05 25 30.5700 31.0900 31.0400      1.4368       1.0400    3.7900            2
1998 05 26 30.6300 31.2200 31.1500      1.5545       1.1500    3.9543            2
1998 05 27 30.7100 31.2400 31.2100      1.6452       1.2000    4.1257            3
1998 05 28 30.6100 31.5000 31.1500      1.7139       1.2400    4.3029            3
1998 05 29 30.4700 31.4700 31.1800      1.7177       1.2300    4.4786            3
1998 05 30 30.3000 31.2200 31.0500      1.6365       1.0800    4.6329            3
1998 05 31 30.0800 31.1800 31.0400      1.6532       1.0700    4.7857            3
1998 06 01 30.0000 31.2600 31.1800      1.8306       1.2000    4.9571            3
1998 06 02 30.0400 31.5500 31.4800      2.1645       1.5200    5.1743            3
1998 06 03 29.9400 31.1800 31.0700      1.7865       1.1000    5.3314            3
1998 06 04 29.7200 30.9300 30.8000      1.5590       0.8300    5.3314            3
1998 06 05 29.5400 30.6700 30.5700      1.3455       0.5800    5.3314            3
1998 06 06 29.4100 30.5900 30.3900      1.2577       0.4700    5.3314            3
1998 06 07 29.2800 30.1800 29.8800      0.8081       0.0000    5.3314            3
1998 06 08 29.2300 30.2500 30.0500      1.0068       0.0700    5.3314            3
1998 06 09 29.0000 30.1800 30.0700      1.0381       0.0300    5.3314            3
1998 06 10 28.9600 30.2100 30.0500      1.0987       0.0000    5.3314            1
1998 06 11 28.4400 30.2100 29.5100      0.5752       0.0000    5.3314            1
1998 06 12 28.7200 29.8100 29.5800      0.6087       0.0000    5.3314            1
1998 06 13 28.6600 29.7600 29.5400      0.7348       0.0000    5.3314            1
1998 06 14 28.1300 29.4200 29.0700      0.1826       0.0000    5.3314            1
1998 06 15 28.2000 29.4000 29.1200      0.2600       0.0000    5.3314            1
1998 06 16 28.1600 29.3200 29.0100      0.1933       0.0000    5.3314            0
1998 06 17 28.2800 29.2600 29.1100      0.4593       0.0000    5.3314            0
1998 06 18 28.3100 29.2800 29.0300      0.3070       0.0000    5.3314            0
1998 06 19 28.2000 29.0600 28.8800      0.1827       0.0000    5.3314            0
1998 06 20 28.3100 29.1700 29.0000      0.3183       0.0000    5.3314            0
1998 06 21 28.2200 29.1600 28.9600      0.3240       0.0000    5.3314            0
1998 06 22 28.1000 29.2100 28.9500      0.3273       0.0000    5.3314            0
1998 06 23 27.9900 29.1800 28.9200      0.4667       0.0000    5.3314            0
1998 06 24 27.9800 29.2700 29.0200      0.5920       0.0000    5.3314            0
1998 06 25 28.0000 29.3300 29.0300      0.4700       0.0000    5.3314            0
1998 06 26 27.9300 29.3400 28.9700      0.4687       0.0000    5.3314            0
1998 06 27 27.9300 29.2700 28.9000      0.4340       0.0000    5.3314            0
1998 06 28 27.8700 29.1900 28.7900      0.3537       0.0000    5.3314            0
1998 06 29 28.0100 29.0700 28.8000      0.4353       0.0000    5.3314            0
1998 06 30 28.0000 29.0000 28.7100      0.3700       0.0000    5.3314            0
1998 07 01 28.0400 28.9900 28.6500      0.3393       0.0