Name:
Phoenix Islands, Kiribati
 
Polygon Middle Longitude:
-172.8250
 
Polygon Middle Latitude:
-3.1500 
 
Averaged Maximum Monthly Mean:
29.0338
 
Averaged Monthly Mean (Jan-Dec):
28.6695 28.6312 28.4744 28.7282 29.0338 28.9977 28.8083 28.7516 28.9766 28.9142 28.9027 28.9680
 
First Valid DHW Date:
1985 25 03
 
First Valid BAA Date:
1985 31 03
 
YYYY MM DD SST_MIN SST_MAX SST@90th_HS SSTA@90th_HS 90th_HS>0 DHW_from_90th_HS>1 BAA_7day_max
1985 01 01 27.4100 28.6000 28.4900     -0.4858       0.0000    0.0000            0
1985 01 02 27.4400 28.6700 28.5600     -0.4006       0.0000    0.0000            0
1985 01 03 27.3000 28.7500 28.6800     -0.4052       0.0000    0.0000            0
1985 01 04 27.1600 28.8400 28.7500     -0.3316       0.0000    0.0000            0
1985 01 05 26.9000 28.7300 28.5100     -0.4965       0.0000    0.0000            0
1985 01 06 27.0800 28.8200 28.5900     -0.4058       0.0000    0.0000            0
1985 01 07 26.7000 28.6900 28.4700     -0.5619       0.0000    0.0000            0
1985 01 08 26.5700 28.7100 28.4700     -0.5410       0.0000    0.0000            0
1985 01 09 26.7000 28.7300 28.4900     -0.5203       0.0000    0.0000            0
1985 01 10 26.7900 29.1300 28.8000     -0.2087       0.0000    0.0000            0
1985 01 11 26.8400 29.2400 29.1200      0.1190       0.0000    0.0000            0
1985 01 12 26.8000 29.0700 28.9300     -0.0461       0.0000    0.0000            0
1985 01 13 27.2900 28.9500 28.8400     -0.1642       0.0000    0.0000            0
1985 01 14 27.6200 28.7500 28.7500     -0.2477       0.0000    0.0000            0
1985 01 15 27.9900 28.9100 28.8200      0.1700       0.0000    0.0000            0
1985 01 16 27.5300 28.7500 28.6800      0.0287       0.0000    0.0000            0
1985 01 17 27.6100 28.8200 28.6800     -0.2887       0.0000    0.0000            0
1985 01 18 26.8100 28.6100 28.5900     -0.4290       0.0000    0.0000            0
1985 01 19 26.7500 29.1100 28.9700      0.1065       0.0000    0.0000            0
1985 01 20 27.2700 29.1300 29.0700      0.2077       0.0000    0.0000            0
1985 01 21 27.3000 29.0100 28.9500      0.0913       0.0000    0.0000            0
1985 01 22 27.3900 28.9100 28.7700      0.0977       0.0000    0.0000            0
1985 01 23 27.2600 29.1700 28.9800      0.0055       0.0000    0.0000            0
1985 01 24 27.7600 29.5600 29.3000      0.3558       0.0000    0.0000            0
1985 01 25 27.9400 29.9000 29.5600      0.6165       0.2400    0.0000            0
1985 01 26 27.9600 29.8500 29.5200      0.5771       0.2000    0.0000            0
1985 01 27 28.0000 29.7900 29.4600      0.5177       0.1400    0.0000            0
1985 01 28 28.3400 29.9700 29.5200      1.2077       0.6000    0.0000            0
1985 01 29 28.3300 29.8200 29.4400      1.1516       0.5300    0.0000            0
1985 01 30 28.5400 29.5200 29.3400      1.0387       0.4200    0.0000            0
1985 01 31 28.6100 29.3800 29.3000      0.9813       0.3700    0.0000            0
1985 02 01 28.5600 29.4900 29.2200      0.8703       0.2800    0.0000            0
1985 02 02 28.6400 29.4900 29.2000      0.8455       0.2600    0.0000            0
1985 02 03 28.3100 29.3400 29.2800      0.4371       0.0700    0.0000            0
1985 02 04 28.0100 29.1300 29.0400      0.1848       0.0000    0.0000            0
1985 02 05 27.7100 29.0100 28.8800      0.0465       0.0000    0.0000            0
1985 02 06 27.8000 29.2900 29.1000      0.1629       0.0000    0.0000            0
1985 02 07 27.8800 29.4700 29.2700      0.3326       0.0000    0.0000            0
1985 02 08 27.9400 29.5600 29.3600      0.4223       0.0500    0.0000            0
1985 02 09 27.9700 29.5600 29.4000      0.4539       0.0900    0.0000            0
1985 02 10 27.9800 29.5200 29.3800      0.3965       0.0800    0.0000            0
1985 02 11 27.9100 29.2900 29.2800      0.2961       0.0000    0.0000            0
1985 02 12 28.3300 29.7600 29.6000      0.6690       0.2800    0.0000            0
1985 02 13 28.4500 29.9400 29.7300      0.7519       0.4200    0.0000            0
1985 02 14 27.3700 29.3000 29.1000      0.1597       0.0000    0.0000            0
1985 02 15 27.3400 29.0800 28.8400     -0.0900       0.0000    0.0000            0
1985 02 16 27.6000 28.9900 28.9200     -0.0907       0.0000    0.0000            0
1985 02 17 27.6400 29.1700 29.0900      0.0786       0.0000    0.0000            0
1985 02 18 27.8900 29.2800 29.1700      0.1521       0.0000    0.0000            0
1985 02 19 27.8700 29.3200 29.2500      0.2529       0.0000    0.0000            0
1985 02 20 27.8800 29.7500 29.5600      0.5693       0.2200    0.0000            0
1985 02 21 27.9200 29.8600 29.6400      0.6493       0.3000    0.0000            0
1985 02 22 27.6000 29.6400 29.3400      0.4250       0.0300    0.0000            0
1985 02 23 27.4500 29.5500 29.2500      0.2914       0.0000    0.0000            0
1985 02 24 27.4900 29.3200 29.0800      0.0907       0.0000    0.0000            0
1985 02 25 27.4200 28.8800 28.5900     -0.3879       0.0000    0.0000            0
1985 02 26 27.3600 28.8700 28.8100      0.0257       0.0000    0.0000            0
1985 02 27 27.2300 29.0800 28.9700      0.1871       0.0000    0.0000            0
1985 02 28 27.3800 29.2700 29.1700      0.4293       0.0000    0.0000            0
1985 03 01 27.3300 29.3700 29.3600      0.5600       0.1200    0.0000            0
1985 03 02 27.6300 29.5600 29.5600      0.7661       0.3200    0.0000            0
1985 03 03 28.0400 29.5600 29.5600      0.7771       0.3300    0.0000            0
1985 03 04 28.0500 29.4600 29.4400      0.6543       0.2000    0.0000            0
1985 03 05 27.7300 28.9600 28.9000      0.1357       0.0000    0.0000            0
1985 03 06 27.5600 28.9600 28.9000      0.1571       0.0000    0.0000            0
1985 03 07 27.5400 29.0000 28.9400      0.1686       0.0000    0.0000            0
1985 03 08 27.5200 29.0300 29.0200      0.1975       0.0000    0.0000            0
1985 03 09 27.4200 28.8700 28.8300      0.0214       0.0000    0.0000            0
1985 03 10 27.3500 28.9000 28.7400     -0.0461       0.0000    0.0000            0
1985 03 11 27.2600 28.8600 28.6900     -0.2814       0.0000    0.0000            0
1985 03 12 27.0900 28.8700 28.6900     -0.2400       0.0000    0.0000            0
1985 03 13 26.9500 28.9000 28.6600     -0.2914       0.0000    0.0000            0
1985 03 14 27.0700 28.9300 28.6800     -0.2607       0.0000    0.0000            0
1985 03 15 27.2000 29.0700 28.8100     -0.1400       0.0000    0.0000            0
1985 03 16 27.1000 28.8900 28.6500     -0.2968       0.0000    0.0000            0
1985 03 17 27.0100 28.6700 28.4700     -0.4935       0.0000    0.0000            0
1985 03 18 26.8600 29.2800 29.1400      0.1326       0.0000    0.0000            0
1985 03 19 27.1300 29.1000 28.9500     -0.0258       0.0000    0.0000            0
1985 03 20 27.6800 29.2000 29.0800      0.0977       0.0000    0.0000            0
1985 03 21 27.4000 28.9600 28.8800     -0.1506       0.0000    0.0000            0
1985 03 22 27.0700 28.2700 28.2200     -0.8552       0.0000    0.0000            0
1985 03 23 27.1600 28.2100 28.1800     -0.9016       0.0000    0.0000            0
1985 03 24 27.3600 28.3400 28.2600     -0.8181       0.0000    0.0000            0
1985 03 25 26.6100 28.1600 28.1000     -0.7116       0.0000    0.0000            0
1985 03 26 26.3700 27.7100 27.4900     -1.5910       0.0000    0.0000            0
1985 03 27 26.3300 27.7500 27.5100     -1.5474       0.0000    0.0000            0
1985 03 28 26.4100 27.9400 27.8400     -1.2881       0.0000    0.0000            0
1985 03 29 26.6700 27.8900 27.8700     -1.2703       0.0000    0.0000            0
1985 03 30 26.6500 27.9700 27.8600     -1.2468       0.0000    0.0000            0
1985 03 31 26.1500 27.9100 27.8800     -1.0335       0.0000    0.0000            0
1985 04 01 26.2300 28.0100 27.9800     -0.9261       0.0000    0.0000            0
1985 04 02 26.3300 28.4100 28.3700     -0.3577       0.0000    0.0000            0
1985 04 03 26.5600 28.2600 28.2400     -0.6548       0.0000    0.0000            0
1985 04 04 26.9900 28.2600 28.2500     -0.6519       0.0000    0.0000            0
1985 04 05 26.8700 28.6700 28.4900     -0.6687       0.0000    0.0000            0
1985 04 06 26.3800 28.5200 28.3700     -0.7348       0.0000    0.0000            0
1985 04 07 26.0400 28.3100 28.1700     -0.9410       0.0000    0.0000            0
1985 04 08 25.8100 28.2400 28.1300     -1.0226       0.0000    0.0000            0
1985 04 09 25.9300 28.1700 28.0100     -1.1113       0.0000    0.0000            0
1985 04 10 25.6900 27.9100 27.7600     -1.4061       0.0000    0.0000            0
1985 04 11 25.8200 28.1600 27.9300     -1.2029       0.0000    0.0000            0
1985 04 12 25.8600 28.1800 27.9600     -1.1797       0.0000    0.0000            0
1985 04 13 26.2500 28.4900 28.2600     -0.8871       0.0000    0.0000            0
1985 04 14 27.1100 29.2600 28.9700     -0.1835       0.0000    0.0000            0
1985 04 15 26.9400 29.1900 28.9000     -0.3000       0.0000    0.0000            0
1985 04 16 26.6700 29.2300 28.9300     -0.2747       0.0000    0.0000            0
1985 04 17 26.6600 29.2200 28.8900     -0.3000       0.0000    0.0000            0
1985 04 18 26.8000 29.1100 28.7500     -0.4260       0.0000    0.0000            0
1985 04 19 26.8700 29.0200 28.7500     -0.4287       0.0000    0.0000            0
1985 04 20 26.9200 28.9100 28.5100     -0.3717       0.0000    0.0000            0
1985 04 21 27.0600 29.0800 28.9800     -0.2620       0.0000    0.0000            0
1985 04 22 27.5700 29.1200 28.8800     -0.1300       0.0000    0.0000            0
1985 04 23 27.3300 28.5800 28.4600     -0.6367       0.0000    0.0000            0
1985 04 24 27.2500 28.2400 28.0400     -0.9970       0.0000    0.0000            0
1985 04 25 27.2800 28.2700 28.0900     -0.9733       0.0000    0.0000            0
1985 04 26 27.0300 28.1900 27.9800     -1.0863       0.0000    0.0000            0
1985 04 27 26.7600 27.9300 27.8200     -1.3080       0.0000    0.0000            0
1985 04 28 26.5300 27.8200 27.6200     -1.4500       0.0000    0.0000            0
1985 04 29 27.0100 28.8800 28.6200     -0.4233       0.0000    0.0000            0
1985 04 30 27.2000 29.3900 29.1200      0.0550       0.0000    0.0000            0
1985 05 01 27.6100 29.5700 29.2900      0.2333       0.0700    0.0000            1
1985 05 02 27.7200 29.8300 29.4000      0.3043       0.1700    0.0000            1
1985 05 03 28.0500 29.6100 29.3400      0.2740       0.1300    0.0000            1
1985 05 04 27.8500 29.2500 29.0700     -0.2197       0.0000    0.0000            1
1985 05 05 27.7200 29.1000 29.0000     -0.2867       0.0000    0.0000            1
1985 05 06 27.3500 29.0200 28.7500     -0.5410       0.0000    0.0000            1
1985 05 07 27.3300 29.0400 28.9300     -0.3707       0.0000    0.0000            1
1985 05 08 27.2800 28.9900 28.5100     -0.5477       0.0000    0.0000            1
1985 05 09 27.2800 28.7400 28.7300     -0.5920       0.0000    0.0000            1
1985 05 10 27.3500 28.7500 28.4900     -0.5583       0.0000    0.0000            0
1985 05 11 27.7500 28.8200 28.5600     -0.5173       0.0000    0.0000            0
1985 05 12 27.4900 28.7500 28.7500     -0.4870       0.0000    0.0000            0
1985 05 13 27.3900 28.7100 28.5800     -0.5287       0.0000    0.0000            0
1985 05 14 27.0300 28.5600 28.4600     -0.8770       0.0000    0.0000            0
1985 05 15 27.0100 28.5900 28.2800     -1.0300       0.0000    0.0000            0
1985 05 16 26.9400 28.3100 28.2500     -0.9971       0.0000    0.0000            0
1985 05 17 26.9600 28.6100 28.5500     -0.6855       0.0000    0.0000            0
1985 05 18 26.9600 28.6400 28.5900     -0.6432       0.0000    0.0000            0
1985 05 19 26.6200 28.4200 28.3700     -0.8994       0.0000    0.0000            0
1985 05 20 26.8900 28.7300 28.7200     -0.6087       0.0000    0.0000            0
1985 05 21 27.4800 29.2600 29.1300     -0.1310       0.0000    0.0000            0
1985 05 22 27.5900 29.7500 29.5600      0.2513       0.2400    0.0000            1
1985 05 23 27.4700 29.9700 29.8200      0.4981       0.4800    0.0000            1
1985 05 24 27.3300 29.8200 29.6400      0.3345       0.3200    0.0000            1
1985 05 25 27.4200 29.7700 29.6400      0.4084       0.3600    0.0000            1
1985 05 26 27.5100 29.5000 29.1900      0.1900       0.1900    0.0000            1
1985 05 27 27.5400 29.5600 29.3500      0.3777       0.3700    0.0000            1
1985 05 28 27.6300 29.4800 29.0900      0.1435       0.1100    0.0000            1
1985 05 29 27.6600 29.4000 29.1700      0.0990       0.0900    0.0000            1
1985 05 30 27.0200 29.1800 29.1700      0.1284       0.0800    0.0000            1
1985 05 31 26.8300 29.1000 28.9800     -0.0584       0.0000    0.0000            1
1985 06 01 27.0300 29.1700 29.1300     -0.0671       0.0000    0.0000            1
1985 06 02 26.1200 28.6900 28.6600     -0.5335       0.0000    0.0000            1
1985 06 03 25.8900 28.6000 28.5400     -0.6571       0.0000    0.0000            1
1985 06 04 26.3000 28.9100 28.8700     -0.1861       0.0000    0.0000            1
1985 06 05 26.7000 29.1400 29.0100     -0.0155       0.0000    0.0000            1
1985 06 06 26.8300 29.2600 29.1100      0.0710       0.0000    0.0000            0
1985 06 07 26.9100 28.9700 28.6900     -0.3358       0.0000    0.0000            0
1985 06 08 27.5900 28.9500 28.7800     -0.3897       0.0000    0.0000            0
1985 06 09 27.5600 28.7500 28.7400     -0.5497       0.0000    0.0000            0
1985 06 10 27.3900 29.1900 29.1600     -0.0029       0.0000    0.0000            0
1985 06 11 27.3300 29.3900 29.3500      0.1797       0.1100    0.0000            1
1985 06 12 27.6500 29.8800 29.7900      0.6132       0.5500    0.0000            1
1985 06 13 27.6200 30.1200 30.0400      0.8748       0.8000    0.0000            1
1985 06 14 27.3300 30.0500 29.9800      0.8174       0.7400    0.0000            1
1985 06 15 27.3000 29.1600 29.1400     -0.0200       0.0000    0.0000            1
1985 06 16 27.2800 28.9000 28.6700     -0.3323       0.0000    0.0000            1
1985 06 17 27.1300 28.8500 28.8100     -0.3293       0.0000    0.0000            1
1985 06 18 27.0900 29.0700 29.0300     -0.2310       0.0000    0.0000            1
1985 06 19 27.0900 29.3900 29.2400      0.0060       0.0000    0.0000            1
1985 06 20 27.2900 29.4600 29.3000      0.0667       0.0000    0.0000            1
1985 06 21 26.7800 29.1000 28.9800     -0.2520       0.0000    0.0000            0
1985 06 22 26.5300 29.1200 28.9600     -0.2547       0.0000    0.0000            0
1985 06 23 26.8300 29.2400 29.0900     -0.1080       0.0000    0.0000            0
1985 06 24 27.4500 29.7300 29.5300      0.4690       0.2600    0.0000            1
1985 06 25 27.7500 29.9100 29.6700      0.6100       0.4200    0.0000            1
1985 06 26 27.9600 29.5100 29.4600      0.4080       0.1700    0.0000            1
1985 06 27 28.1700 29.4400 29.3900      0.3460       0.1000    0.0000            1
1985 06 28 28.3000 29.7100 29.7100      0.6973       0.5000    0.0000            1
1985 06 29 28.5900 29.8000 29.7900      0.6460       0.4700    0.0000            1
1985 06 30 28.6000 29.9900 29.7600      0.7000       0.5600    0.0000            1
1985 07 01 28.4000 29.9100 29.7900      0.6640       0.4500    0.0000            1
1985 07 02 28.2200 29.4700 29.4400      0.3287       0.1200    0.0000            1
1985 07 03 27.8800 29.2700 29.2600      0.1620       0.0000    0.0000            1
1985 07 04 27.2500 28.9300 28.8400     -0.2690       0.0000    0.0000            1
1985 07 05 27.0700 28.7500 28.6600     -0.4333       0.0000    0.0000            1
1985 07 06 27.1600 28.7600 28.6200     -0.4670       0.0000    0.0000            1
1985 07 07 27.0700 28.1800 28.1100     -0.9693       0.0000    0.0000            1
1985 07 08 27.2400 28.6200 28.6000     -0.4553       0.0000    0.0000            1
1985 07 09 27.4600 28.8600 28.7900     -0.2640       0.0000    0.0000            0
1985 07 10 26.9900 28.9600 28.8400     -0.2050       0.0000    0.0000            0
1985 07 11 27.0200 28.7700 28.7000     -0.3373       0.0000    0.0000            0
1985 07 12 26.7700 28.4700 28.3800     -0.6470       0.0000    0.0000            0
1985 07 13 26.8300 28.3700 28.1500     -0.6947       0.0000    0.0000            0
1985 07 14 26.7400 28.3000 28.0200     -0.6963       0.0000    0.0000            0
1985 07 15 26.7600 28.5300 28.3400     -0.3700       0.0000    0.0000            0
1985 07 16 26.9000 28.2100 28.1800     -0.5013       0.0000    0.0000            0
1985 07 17 27.5400 28.2900 28.2100     -0.5368       0.0000    0.0000            0
1985 07 18 28.2000 28.7900 28.5800     -0.1219       0.0000    0.0000            0
1985 07 19 28.1300 28.9400 28.7600     -0.1510       0.0000    0.0000            0
1985 07 20 28.5300 29.2000 28.9700      0.2113       0.0000    0.0000            0
1985 07 21 28.1100 28.9500 28.7200     -0.0284       0.0000    0.0000            0
1985 07 22 27.5800 28.3800 28.0400     -0.6423       0.0000    0.0000            0
1985 07 23 27.3500 28.3100 27.9000     -0.7900       0.0000    0.0000            0
1985 07 24 27.6900 28.3600 28.2500     -0.4500       0.0000    0.0000            0
1985 07 25 27.8000 28.5200 28.3100     -0.3900       0.0000    0.0000            0
1985 07 26 27.9000 28.6200 28.4800     -0.2200       0.0000    0.0000            0
1985 07 27 28.0700 28.8100 28.4000     -0.3000       0.0000    0.0000            0
1985 07 28 28.3300 29.3100 29.2400      0.4161       0.0000    0.0000            0
1985 07 29 27.8300 28.7700 28.7400     -0.2229       0.0000    0.0000            0
1985 07 30 27.8300 28.7800 28.7600     -0.2110       0.0000    0.0000            0
1985 07 31 27.9400 28.7900 28.7100     -0.2590       0.0000    0.0000            0
1985 08 01 27.6100 28.8800 28.7600     -0.2071       0.0000    0.0000            0
1985 08 02 27.3500 28.5900 28.5200     -0.2819       0.0000    0.0000            0
1985 08 03 27.4300 28.4000 28.3600     -0.5910       0.0000    0.0000            0
1985 08 04 27.3900 28.5300 28.3200     -0.5026       0.0000    0.0000            0
1985 08 05 26.8200 28.2600 27.9700     -0.8223       0.0000    0.0000            0
1985 08 06 27.0000 28.2600 28.0700     -0.7848       0.0000    0.0000            0
1985 08 07 27.4500 28.5800 28.3900     -0.4135       0.0000    0.0000            0
1985 08 08 27.9200 28.6800 28.5400     -0.2403       0.0000    0.0000            0
1985 08 09 28.1800 28.8100 28.7800     -0.0655       0.0000    0.0000            0
1985 08 10 28.0100 28.6000 28.5000     -0.1913       0.0000    0.0000            0
1985 08 11 28.0400 28.7000 28.6300     -0.1126       0.0000    0.0000            0
1985 08 12 28.0600 28.9800 28.8400      0.1013       0.0000    0.0000            0
1985 08 13 27.7700 28.9100 28.8100      0.0223       0.0000    0.0000            0
1985 08 14 27.9700 29.0700 29.0300      0.3261       0.0000    0.0000            0
1985 08 15 27.9800 29.4300 29.4000      0.6400       0.1600    0.0000            1
1985 08 16 28.1600 29.3100 29.2900      0.4726       0.0500    0.0000            1
1985 08 17 28.2100 29.2900 29.2100      0.4045       0.0000    0.0000            1
1985 08 18 27.8700 28.8700 28.8700      0.0268       0.0000    0.0000            1
1985 08 19 27.5800 28.6200 28.5800     -0.3884       0.0000    0.0000            1
1985 08 20 27.4900 28.5000 28.3900     -0.4287       0.0000    0.0000            1
1985 08 21 26.7100 28.1500 27.9400     -1.0326       0.0000    0.0000            1
1985 08 22 26.3500 28.0000 27.7600     -1.2197       0.0000    0.0000            1
1985 08 23 26.6000 28.1800 27.9900     -1.0042       0.0000    0.0000            0
1985 08 24 27.1600 28.3700 28.2300     -0.7710       0.0000    0.0000            0
1985 08 25 27.4300 28.7000 28.6000     -0.4010       0.0000    0.0000            0
1985 08 26 27.5800 28.7100 28.6700     -0.3516       0.0000    0.0000            0
1985 08 27 27.8000 28.7400 28.7400     -0.2874       0.0000    0.0000            0
1985 08 28 28.0000 28.7100 28.5200     -0.2848       0.0000    0.0000            0
1985 08 29 28.2000 28.9000 28.7800     -0.0058       0.0000    0.0000            0
1985 08 30 28.2600 29.2100 29.1100      0.3181       0.0200    0.0000            1
1985 08 31 27.9700 29.0700 29.0100      0.2068       0.0000    0.0000            1
1985 09 01 27.8100 29.1400 28.9200      0.1048       0.0000    0.0000            1
1985 09 02 27.3300 28.7600 28.5500     -0.5177       0.0000    0.0000            1
1985 09 03 29.0000 29.9900 29.9200      1.0790       0.8700    0.0000            1
1985 09 04 29.0100 29.8600 29.7900      0.9416       0.7400    0.0000            1
1985 09 05 28.9800 29.6900 29.6100      0.7542       0.5800    0.0000            1
1985 09 06 28.4900 29.1200 29.0400      0.1697       0.0400    0.0000            1
1985 09 07 27.9900 28.6000 28.3200     -0.5506       0.0000    0.0000            1
1985 09 08 27.7600 28.5500 28.4700     -0.5381       0.0000    0.0000            1
1985 09 09 27.5300 28.5900 28.5200     -0.4955       0.0000    0.0000            1
1985 09 10 27.9600 28.6900 28.6200     -0.5045       0.0000    0.0000            1
1985 09 11 27.9300 28.6900 28.6100     -0.2865       0.0000    0.0000            1
1985 09 12 28.4200 29.2000 29.1900      0.1623       0.0000    0.0000            1
1985 09 13 28.3000 29.1500 29.1000      0.0648       0.0000    0.0000            0
1985 09 14 28.0100 29.1400 29.0700      0.0274       0.0000    0.0000            0
1985 09 15 27.9200 28.7200 28.6400     -0.5200       0.0000    0.0000            0
1985 09 16 27.8500 28.7100 28.5800     -0.4303       0.0000    0.0000            0
1985 09 17 27.7800 28.7000 28.6200     -0.4000       0.0000    0.0000            0
1985 09 18 27.5200 28.4300 28.0800     -0.8320       0.0000    0.0000            0
1985 09 19 27.5900 28.4800 28.4800     -0.6913       0.0000    0.0000            0
1985 09 20 27.7100 28.9600 28.8400     -0.3100       0.0000    0.0000            0
1985 09 21 27.8100 29.0300 28.9300     -0.2280       0.0000    0.0000            0
1985 09 22 27.9400 28.9000 28.8200     -0.3400       0.0000    0.0000            0
1985 09 23 27.8900 28.6900 28.6700     -0.5027       0.0000    0.0000            0
1985 09 24 27.7700 28.3600 28.0400     -0.8330       0.0000    0.0000            0
1985 09 25 27.3300 28.1600 28.1300     -0.8367       0.0000    0.0000            0
1985 09 26 27.4700 28.2000 28.0800     -0.8737       0.0000    0.0000            0
1985 09 27 27.4000 28.2900 28.1300     -0.8540       0.0000    0.0000            0
1985 09 28 26.9500 28.0600 27.9200     -1.0643       0.0000    0.0000            0
1985 09 29 27.4400 28.0200 27.9800     -1.0007       0.0000    0.0000            0
1985 09 30 27.2900 28.1700 28.1000     -0.8650       0.0000    0.0000            0
1985 10 01 26.8400 27.9900 27.9800     -0.9940       0.0000    0.0000            0
1985 10 02 26.9800 28.0500 28.0400     -0.9917       0.0000    0.0000            0
1985 10 03 26.9400 28.1400 28.0800     -0.9620       0.0000    0.0000            0
1985 10 04 27.0100 28.2700 28.2500     -0.9037       0.0000    0.0000            0
1985 10 05 27.2700 28.4300 28.4300     -0.5400       0.0000    0.0000            0
1985 10 06 27.0200 28.2800 28.1600     -0.7680       0.0000    0.0000            0
1985 10 07 27.1200 28.2500 28.2300     -0.6720       0.0000    0.0000            0
1985 10 08 27.4000 28.5500 28.5000     -0.6600       0.0000    0.0000            0
1985 10 09 27.7300 28.5800 28.5500     -0.2640       0.0000    0.0000            0
1985 10 10 27.2800 28.2200 28.0600     -1.0917       0.0000    0.0000            0
1985 10 11 27.4800 28.8000 28.5900     -0.3760       0.0000    0.0000            0
1985 10 12 27.0500 28.8800 28.6900     -0.4420       0.0000    0.0000            0
1985 10 13 26.8100 28.6900 28.5000     -0.6600       0.0000    0.0000            0
1985 10 14 26.8800 28.4800 28.3000     -0.8700       0.0000    0.0000            0
1985 10 15 26.6600 28.1300 27.9300     -1.0400       0.0000    0.0000            0
1985 10 16 26.5600 28.0700 28.0300     -0.9432       0.0000    0.0000            0
1985 10 17 26.7200 28.3200 28.2500     -0.7265       0.0000    0.0000            0
1985 10 18 27.4300 29.2500 28.9600     -0.1681       0.0000    0.0000            0
1985 10 19 27.9900 29.4100 29.0800     -0.0474       0.0000    0.0000            0
1985 10 20 28.1900 29.4800 29.1600      0.0332       0.0000    0.0000            0
1985 10 21 28.1400 29.1800 29.0400     -0.1039       0.0000    0.0000            0
1985 10 22 27.8100 28.7200 28.5800     -0.3600       0.0000    0.0000            0
1985 10 23 27.4200 28.3600 28.3000     -0.6426       0.0000    0.0000            0
1985 10 24 27.4000 28.3500 28.3400     -0.8400       0.0000    0.0000            0
1985 10 25 27.5000 28.3400 28.3300     -0.8529       0.0000    0.0000            0
1985 10 26 27.4300 28.3200 28.2900     -0.8906       0.0000    0.0000            0
1985 10 27 27.6000 28.2300 28.2200     -0.9239       0.0000    0.0000            0
1985 10 28 27.0400 28.7300 28.6400     -0.3968       0.0000    0.0000            0
1985 10 29 27.9800 29.3200 29.2800      0.2410       0.0000    0.0000            0
1985 10 30 28.1100 29.2900 29.1500      0.3106       0.1900    0.0000            1
1985 10 31 28.2600 29.4000 29.2800      0.4445       0.3400    0.0000            1
1985 11 01 28.3200 29.3300 29.2500      0.3045       0.1900    0.0000            1
1985 11 02 28.6200 29.4200 29.3800      0.3352       0.1200    0.0000            1
1985 11 03 28.5700 29.4100 29.3700      0.3132       0.0900    0.0000            1
1985 11 04 28.1500 29.0800 29.0800      0.0342       0.0000    0.0000            1
1985 11 05 27.9800 29.0500 29.0100     -0.0997       0.0000    0.0000            1
1985 11 06 27.9500 29.1600 29.1100     -0.0358       0.0000    0.0000            1
1985 11 07 27.8800 28.9600 28.9200     -0.1242       0.0000    0.0000            1
1985 11 08 27.3300 28.5900 28.4800     -0.5358       0.0000    0.0000            1
1985 11 09 27.3000 28.5100 28.1800     -0.7861       0.0000    0.0000            1
1985 11 10 27.1800 28.6400 28.3900     -0.7232       0.0000    0.0000            0
1985 11 11 27.7800 29.0500 29.0300     -0.1187       0.0000    0.0000            0
1985 11 12 27.6800 29.1600 29.1000     -0.0981       0.0000    0.0000            0
1985 11 13 27.7800 29.4000 29.2400      0.0694       0.0000    0.0000            0
1985 11 14 28.0000 29.3700 29.2200      0.0994       0.0000    0.0000            0
1985 11 15 27.8700 28.9800 28.7900     -0.3300       0.0000    0.0000            0
1985 11 16 27.7400 28.8000 28.6900     -0.4723       0.0000    0.0000            0
1985 11 17 27.6300 28.6400 28.5300     -0.6253       0.0000    0.0000            0
1985 11 18 27.6000 28.8900 28.7300     -0.4740       0.0000    0.0000            0
1985 11 19 27.9100 28.6000 28.2400     -0.6040       0.0000    0.0000            0
1985 11 20 27.8100 28.5000 28.0400     -0.7483       0.0000    0.0000            0
1985 11 21 27.7900 28.4300 28.0400     -0.7060       0.0000    0.0000            0
1985 11 22 28.1700 29.2000 29.0200     -0.1563       0.0000    0.0000            0
1985 11 23 28.3100 29.0900 28.6700     -0.0940       0.0000    0.0000            0
1985 11 24 28.3000 29.3400 29.2400      0.5800       0.3000    0.0000            1
1985 11 25 28.3300 29.1000 29.0300      0.3500       0.0800    0.0000            1
1985 11 26 28.5000 29.0800 29.0500      0.3460       0.1000    0.0000            1
1985 11 27 28.5900 29.1200 28.7400     -0.1260       0.0000    0.0000            1
1985 11 28 28.3300 28.9700 28.6000     -0.0460       0.0000    0.0000            1
1985 11 29 27.7900 29.4400 29.0800     -0.0913       0.0000    0.0000            1
1985 11 30 28.4800 29.5900 29.5000      0.3100       0.1900    0.0000            1
1985 12 01 28.5900 29.6400 29.5800      0.3540       0.2400    0.0000            1
1985 12 02 28.3500 29.4600 29.4600      0.2603       0.1600    0.0000            1
1985 12 03 28.4200 29.1200 28.9600      0.0020       0.0000    0.0000            1
1985 12 04 28.5300 29.4200 28.9400      0.0810       0.0100    0.0000            1
1985 12 05 28.7300 29.8300 29.8300      0.6100       0.4900    0.0000            1
1985 12 06 28.7100 29.8400 29.5500      0.8770       0.6200    0.0000            1
1985 12 07 28.8700 29.9200 29.5500      0.8193       0.6100    0.0000            1
1985 12 08 29.3700 30.9200 30.8100      1.5940       1.4900    0.2129            2
1985 12 09 29.3400 30.7600 30.7100      1.5040       1.4100    0.4143            2
1985 12 10 29.6100 30.9400 30.9300      1.7150       1.6300    0.6471            2
1985 12 11 29.5100 30.7200 30.3300      1.3220       1.3000    0.8329            2
1985 12 12 29.5000 30.5700 30.5200      1.3120       1.1900    1.0029            2
1985 12 13 29.2400 30.4700 30.3300      1.1173       1.0100    1.1471            2
1985 12 14 29.2600 30.3700 30.2900      1.0643       0.9900    1.1471            2
1985 12 15 28.9300 30.1800 30.0700      0.8400       0.7500    1.1471            2
1985 12 16 28.8200 30.1900 30.1600      0.9271       0.8400    1.1471            2
1985 12 17 28.7200 29.8900 29.8200      0.6235       0.4800    1.1471            2
1985 12 18 28.7300 29.9400 29.8600      0.6552       0.5500    1.1471            2
1985 12 19 28.6600 29.9100 29.8400      0.6484       0.5100    1.1471            2
1985 12 20 28.3200 30.0400 29.9000      0.6939       0.5600    1.1471            1
1985 12 21 28.3600 29.9700 29.8300      0.6542       0.5200    1.1471            1
1985 12 22 28.2200 30.1700 30.0000      0.8442       0.6700    1.1471            1
1985 12 23 28.1000 30.0100 29.8400      0.6897       0.5200    1.1471            1
1985 12 24 28.6400 30.0400 29.8700      0.7268       0.5400    1.1471            1
1985 12 25 28.1200 29.3700 29.1700      0.0403       0.0000    1.1471            1
1985 12 26 27.8900 28.9500 28.8000     -0.3319       0.0000    1.1471            1
1985 12 27 28.2000 29.0100 28.8500     -0.1368       0.0000    1.1471            1
1985 12 28 28.4500 29.3200 29.2300      0.2342       0.0100    1.1471            1
1985 12 29 28.6000 29.5900 29.2700      0.6845       0.3300    1.1471            1
1985 12 30 28.5500 29.8700 29.6500      0.5316       0.3100    1.1471            1
1985 12 31 28.2800 29.9000 29.5800      0.4835       0.2500    1.1471            1
1986 01 01 28.3800 29.8400 29.5900      0.5061       0.2600    1.1471            1
1986 01 02 28.4100 30.0500 29.8200      0.7700       0.5100    1.1471            1
1986 01 03 28.2200 29.6100 29.4700      0.3948       0.1400    1.1471            1
1986 01 04 28.0700 29.3500 29.3500      0.2713       0.0400    1.1471            1
1986 01 05 28.0300 29.3600 29.2600      0.3255       0.0300    1.1471            1
1986 01 06 27.9200 29.1600 29.1200      0.0432       0.0000    1.1471            1
1986 01 07 27.7800 29.5000 29.2600      0.4848       0.2200    1.1471            1
1986 01 08 27.8700 29.6700 29.6400      0.7171       0.4100    1.1471            1
1986 01 09 27.8400 29.8400 29.8300      0.9213       0.6200    1.1471            1
1986 01 10 27.5200 29.7800 29.7300      0.8361       0.4800    1.1471            1
1986 01 11 27.3100 29.6800 29.6100      0.5616       0.2900    1.1471            1
1986 01 12 27.3400 29.6000 29.5700      0.5197       0.2300    1.1471            1
1986 01 13 27.6200 29.4600 29.2900      0.3045       0.0000    1.1471            1
1986 01 14 28.0600 29.3400 29.1600      0.1629       0.0000    1.1471            1
1986 01 15 27.9800 29.2500 28.9200      0.1300       0.0000    1.1471            1
1986 01 16 27.9800 29.5200 29.3800      0.3713       0.0400    1.1471            1
1986 01 17 27.9600 29.3800 29.1700      0.2394       0.0000    1.1471            1
1986 01 18 27.9600 29.3200 29.1000      0.1310       0.0000    1.1471            1
1986 01 19 27.5100 29.0100 28.8400     -0.1448       0.0000    1.1471            1
1986 01 20 27.2000 28.9900 28.8400     -0.1248       0.0000    1.1471            1
1986 01 21 27.2000 28.9100 28.7400     -0.1981       0.0000    1.1471            1
1986 01 22 27.1400 28.7400 28.6500     -0.3323       0.0000    1.1471            1
1986 01 23 27.3000 28.7200 28.5200     -0.4403       0.0000    1.1471            0
1986 01 24 27.5100 28.6000 28.5300     -0.3255       0.0000    1.1471            0
1986 01 25 27.6100 28.5200 28.3800     -0.6332       0.0000    1.1471            0
1986 01 26 27.9100 28.6400 28.5800     -0.2723       0.0000    1.1471            0
1986 01 27 27.0200 28.1900 28.0400     -0.9616       0.0000    1.1471            0
1986 01 28 27.0600 28.2000 28.0100     -0.9484       0.0000    1.1471            0
1986 01 29 27.1200 28.1000 28.0400     -0.9710       0.0000    1.1471            0
1986 01 30 26.7400 28.4600 28.3700     -0.4900       0.0000    1.1471            0
1986 01 31 26.9400 29.0100 28.7700     -0.0845       0.0000    1.1471            0
1986 02 01 26.8600 29.0200 28.8000     -0.1865       0.0000    1.1471            0
1986 02 02 27.5300 29.5200 29.3900      0.4084       0.0800    1.1471            1
1986 02 03 27.5600 29.3700 29.2500      0.2555       0.0000    1.1471            1
1986 02 04 27.6600 29.2000 29.1100      0.1006       0.0000    1.1471            1
1986 02 05 27.2300 28.7800 28.7300     -0.2194       0.0000    1.1471            1
1986 02 06 27.1800 28.7200 28.6700     -0.3216       0.0000    1.1471            1
1986 02 07 27.3800 29.1000 29.0500      0.0474       0.0000    1.1471            1
1986 02 08 27.9800 30.0100 29.8000      0.8068       0.4900    1.1471            1
1986 02 09 28.0000 30.1100 29.9700      0.9861       0.6400    1.1471            1
1986 02 10 27.9300 29.6300 29.5100      0.5065       0.2100    1.1471            1
1986 02 11 27.7600 29.3500 29.3000      0.3087       0.0000    1.1471            1
1986 02 12 27.9400 29.5200 29.4900      0.4790       0.1700    1.1471            1
1986 02 13 27.7800 29.5200 29.4900      0.4794       0.1600    1.1471            1
1986 02 14 27.9500 29.7800 29.7300      0.9006       0.5000    1.1471            1
1986 02 15 28.0700 30.0000 29.7700      1.1600       0.7600    1.1471            1
1986 02 16 27.4300 29.2800 29.1700      0.3639       0.0000    1.1471            1
1986 02 17 26.8000 29.0500 28.7800      0.0886       0.0000    1.1471            1
1986 02 18 27.3600 29.2000 29.0600      0.2743       0.0000    1.1471            1
1986 02 19 27.7200 29.1900 29.0700      0.2757       0.0000    1.1471            1
1986 02 20 28.0000 29.0300 28.9500      0.1471       0.0000    1.1471            1
1986 02 21 27.4400 28.5100 28.4900     -0.3571       0.0000    1.1471            1
1986 02 22 27.0500 28.2900 28.1600     -0.6525       0.0000    1.1471            0
1986 02 23 26.6600 28.4200 28.2700     -0.5400       0.0000    1.1471            0
1986 02 24 26.6300 28.3400 28.1700     -0.7729       0.0000    1.1471            0
1986 02 25 26.8100 28.3400 28.1500     -0.6921       0.0000    1.1471            0
1986 02 26 26.8500 28.3500 28.1700     -0.7757       0.0000    1.1471            0
1986 02 27 27.2000 29.2700 29.1800      0.2129       0.0000    1.1471            0
1986 02 28 27.0300 29.2300 29.1100      0.1514       0.0000    1.1471            0
1986 03 01 26.9900 29.2300 29.0900      0.1250       0.0000    1.1471            0
1986 03 02 26.6800 28.9900 28.8900     -0.0814       0.0000    0.9343            0
1986 03 03 26.4800 28.8300 28.7400     -0.2371       0.0000    0.7329            0
1986 03 04 26.3900 28.2800 28.2400     -0.7604       0.0000    0.5000            0
1986 03 05 26.1100 28.2600 28.2300     -0.7786       0.0000    0.3143            0
1986 03 06 26.3300 28.4000 28.3200     -0.7139       0.0000    0.1443            0
1986 03 07 26.1500 28.4800 28.3400     -0.6671       0.0000    0.0000            0
1986 03 08 26.4300 28.8800 28.6700     -0.3375       0.0000    0.0000            0
1986 03 09 26.7300 29.1500 28.9300     -0.0779       0.0000    0.0000            0
1986 03 10 27.1000 29.8000 29.5100      0.7157       0.2200    0.0000            1
1986 03 11 27.3200 29.9900 29.7300      0.7386       0.4200    0.0000            1
1986 03 12 27.3900 29.9000 29.7000      0.7089       0.3900    0.0000            1
1986 03 13 27.3000 29.6400 29.4900      0.5186       0.1900    0.0000            1
1986 03 14 27.1900 29.6500 29.5400      0.5896       0.2400    0.0000            1
1986 03 15 27.1500 29.6200 29.4900      0.5500       0.1800    0.0000            1
1986 03 16 27.3400 29.6600 29.5300      0.5732       0.2100    0.0000            1
1986 03 17 27.5700 29.4000 29.3000      0.2790       0.0000    0.0000            1
1986 03 18 27.4900 29.2600 29.1500      0.1126       0.0000    0.0000            1
1986 03 19 27.1100 28.9900 28.8100     -0.2219       0.0000    0.0000            1
1986 03 20 26.7800 28.5500 28.3200     -0.6806       0.0000    0.0000            1
1986 03 21 26.9400 28.7700 28.5200     -0.4606       0.0000    0.0000            1
1986 03 22 26.6700 28.7000 28.4400     -0.5552       0.0000    0.0000            1
1986 03 23 26.8700 28.9200 28.6900     -0.3042       0.0000    0.0000            0
1986 03 24 27.0400 29.2300 29.0900      0.0790       0.0000    0.0000            0
1986 03 25 27.3500 29.1900 29.0700      0.0255       0.0000    0.0000            0
1986 03 26 27.2500 29.1300 29.0200     -0.0310       0.0000    0.0000            0
1986 03 27 27.3200 28.7600 28.4800     -0.1458       0.0000    0.0000            0
1986 03 28 27.6200 29.2200 29.0900     -0.0197       0.0000    0.0000            0
1986 03 29 27.4800 29.4300 29.1600      0.0742       0.0000    0.0000            0
1986 03 30 27.2100 29.1900 28.7700     -0.1355       0.0000    0.0000            0
1986 03 31 27.2500 29.1800 28.8200     -0.2284       0.0000    0.0000            0
1986 04 01 27.5100 29.3300 29.0800      0.1329       0.0000    0.0000            0
1986 04 02 27.6200 29.4300 29.3100      0.1539       0.0000    0.0000            0
1986 04 03 27.7700 29.9300 29.6900      0.5374       0.3500    0.0000            1
1986 04 04 27.8100 30.5700 30.3900      1.2974       1.0900    0.1557            2
1986 04 05 28.2600 30.1100 29.9700      0.8377       0.6300    0.1557            2
1986 04 06 28.0400 30.0000 29.8700      0.7310       0.5300    0.1557            2
1986 04 07 28.1200 29.9600 29.8400      0.6942       0.5000    0.1557            2
1986 04 08 27.9200 29.7000 29.6100      0.4574       0.2700    0.1557            2
1986 04 09 27.7000 29.0400 28.9300     -0.2113       0.0000    0.1557            2
1986 04 10 27.5300 28.7700 28.6800     -0.4677       0.0000    0.1557            2
1986 04 11 27.2900 28.6200 28.5500     -0.6229       0.0000    0.1557            1
1986 04 12 27.2800 28.6500 28.5900     -0.5706       0.0000    0.1557            1
1986 04 13 27.2100 28.6900 28.6200     -0.5471       0.0000    0.1557            1
1986 04 14 27.0900 28.7400 28.6400     -0.5335       0.0000    0.1557            1
1986 04 15 26.7000 28.5900 28.4700     -0.7100       0.0000    0.1557            0
1986 04 16 27.2600 28.7000 28.5300     -0.4003       0.0000    0.1557            0
1986 04 17 27.3100 29.1100 29.0000     -0.1887       0.0000    0.1557            0
1986 04 18 27.9500 30.0700 29.8600      0.8070       0.6000    0.1557            1
1986 04 19 28.1100 30.2500 30.1300      1.0840       0.8500    0.1557            1
1986 04 20 28.1200 30.2200 30.0300      0.9283       0.7200    0.1557            1
1986 04 21 28.2200 30.3500 30.1800      0.9740       0.8700    0.1557            1
1986 04 22 27.8700 29.9500 29.8200      0.6097       0.5100    0.1557            1
1986 04 23 27.5100 29.7500 29.6100      0.3953       0.3000    0.1557            1
1986 04 24 27.6200 30.4200 30.3900      1.1270       1.0500    0.3057            2
1986 04 25 27.6300 30.4100 30.3600      1.0933       1.0200    0.4514            2
1986 04 26 27.9600 30.6700 30.5600      1.3060       1.2300    0.6271            2
1986 04 27 27.9500 30.1300 30.0200      0.7620       0.6900    0.6271            2
1986 04 28 28.0600 30.1500 30.1200      0.8310       0.7800    0.6271            2
1986 04 29 27.8300 30.0700 30.0400      0.8153       0.7300    0.6271            2
1986 04 30 28.2700 30.2000 30.0300      0.8000       0.7200    0.6271            2
1986 05 01 28.0600 30.0100 29.9500      0.7200       0.6500    0.6271            2
1986 05 02 28.2000 29.9400 29.8900      0.6550       0.5900    0.6271            2
1986 05 03 27.8500 29.9100 29.8200      0.5420       0.4900    0.6271            1
1986 05 04 27.8100 29.6700 29.5900      0.3077       0.2600    0.6271            1
1986 05 05 27.7600 29.6500 29.5500      0.2700       0.2200    0.6271            1
1986 05 06 27.6000 29.4600 29.3200      0.0350       0.0000    0.6271            1
1986 05 07 27.4000 29.2000 29.0300     -0.2727       0.0000    0.6271            1
1986 05 08 27.2900 28.7200 28.6400     -0.6743       0.0000    0.6271            1
1986 05 09 27.2500 28.8500 28.7400     -0.4280       0.0000    0.6271            1
1986 05 10 27.5800 29.2100 29.1400     -0.0517       0.0000    0.6271            1
1986 05 11 27.8100 29.1000 29.0100     -0.1873       0.0000    0.6271            1
1986 05 12 27.9700 29.5300 29.3500      0.0740       0.0500    0.6271            1
1986 05 13 27.6800 29.7800 29.6700      0.3860       0.3700    0.6271            1
1986 05 14 27.5700 29.8200 29.6900      0.3843       0.3800    0.6271            1
1986 05 15 27.5700 29.3700 29.2500      0.0000       0.0000    0.6271            1
1986 05 16 26.9800 28.6500 28.5700     -0.7052       0.0000    0.6271            1
1986 05 17 27.5000 28.8600 28.7600     -0.4748       0.0000    0.6271            1
1986 05 18 27.4700 29.0000 28.9200     -0.3023       0.0000    0.6271            1
1986 05 19 27.5100 28.7800 28.7100     -0.5097       0.0000    0.6271            1
1986 05 20 27.6600 29.3700 29.1300     -0.0971       0.0000    0.6271            1
1986 05 21 27.7300 29.3600 29.1100     -0.1226       0.0000    0.6271            0
1986 05 22 28.5800 29.4900 29.3400      0.2074       0.1300    0.6271            1
1986 05 23 29.1700 29.7500 29.7500      0.4526       0.4500    0.6271            1
1986 05 24 29.2800 29.9800 29.9200      0.6216       0.6100    0.6271            1
1986 05 25 28.9000 29.9000 29.8300      0.5329       0.5200    0.6271            1
1986 05 26 28.6800 29.6200 29.5400      0.2542       0.2400    0.6271            1
1986 05 27 28.1800 29.1300 29.0400     -0.2445       0.0000    0.6271            1
1986 05 28 27.4400 28.6900 28.6500     -0.6606       0.0000    0.6271            1
1986 05 29 27.3100 28.9100 28.8300     -0.4619       0.0000    0.6271            1
1986 05 30 27.7900 29.3100 29.2100     -0.0955       0.0000    0.6271            1
1986 05 31 27.3800 28.2800 28.1900     -1.1045       0.0000    0.6271            1
1986 06 01 27.2600 28.4000 28.3300     -0.9581       0.0000    0.6271            1
1986 06 02 27.9300 28.9700 28.8900     -0.3984       0.0000    0.6271            0
1986 06 03 27.8400 28.9600 28.8300     -0.2929       0.0000    0.6271            0
1986 06 04 27.7400 29.0700 28.7700      0.0242       0.0000    0.6271            0
1986 06 05 28.3300 29.4100 29.3200      0.1306       0.0900    0.6271            1
1986 06 06 28.7500 30.2700 30.1700      0.9826       0.9400    0.6271            1
1986 06 07 28.7500 30.3400 30.2500      1.0619       1.0100    0.7714            2
1986 06 08 28.9300 30.2000 30.1300      0.9442       0.8900    0.7714            2
1986 06 09 29.4100 30.4900 30.4200      1.1365       1.0800    0.9257            2
1986 06 10 28.3400 30.1500 29.9500      0.6668       0.6500    0.9257            2
1986 06 11 28.6300 30.0600 29.9100      0.6248       0.5900    0.9257            2
1986 06 12 28.4600 29.6200 29.5200      0.2452       0.2000    0.9257            2
1986 06 13 28.8300 29.2300 29.0300      0.3026       0.1000    0.9257            2
1986 06 14 28.5600 29.1200 29.0300      0.3013       0.1000    0.9257            2
1986 06 15 28.5600 29.2200 29.1000      0.3500       0.1700    0.9257            2
1986 06 16 28.3500 29.0500 28.9100      0.1600       0.0000    0.9257            1
1986 06 17 28.5200 29.2600 29.2300      0.1053       0.0000    0.9257            1
1986 06 18 28.4000 29.2400 29.0900     -0.0390       0.0000    0.9257            1
1986 06 19 28.6700 29.6800 29.6000      0.5007       0.3300    0.9257            1
1986 06 20 28.2900 29.7100 29.6100      0.3933       0.3100    0.9257            1
1986 06 21 28.2600 29.6000 29.4900      0.2740       0.1800    0.9257            1
1986 06 22 28.4500 29.2000 28.9500     -0.0110       0.0000    0.9257            1
1986 06 23 28.7400 29.2800 29.2700      0.2373       0.0500    0.9257            1
1986 06 24 28.6700 29.4500 29.2800      0.3230       0.2500    0.9257            1
1986 06 25 28.6600 29.8000 29.7000      0.9800       0.7700    0.9257            1
1986 06 26 28.5900 29.7700 29.7000      0.9500       0.7600    0.9257            1
1986 06 27 28.6900 29.7800 29.7000      0.9400       0.7500    0.7700            1
1986 06 28 28.5200 29.3800 29.2700      0.5357       0.3400    0.7700            1
1986 06 29 28.6700 29.1400 28.9600      0.2253       0.0300    0.7700            1
1986 06 30 28.4200 28.9800 28.8600     -0.1850       0.0000    0.7700            1
1986 07 01 28.3600 29.0400 29.0000     -0.1313       0.0000    0.7700            1
1986 07 02 28.2000 28.9300 28.5300     -0.2100       0.0000    0.7700            1
1986 07 03 28.4200 29.0200 28.7400     -0.0480       0.0000    0.7700            1
1986 07 04 27.9600 28.8400 28.8000      0.0400       0.0000    0.7700            1
1986 07 05 27.8500 29.0200 28.6600     -0.0900       0.0000    0.7700            1
1986 07 06 27.4700 28.9800 28.9200      0.1760       0.0000    0.7700            0
1986 07 07 27.6600 29.7600 29.6700      0.5953       0.3500    0.7700            1
1986 07 08 28.6500 29.3300 29.2900      0.3193       0.1200    0.7700            1
1986 07 09 28.7100 29.1500 29.1500      0.1920       0.0000    0.7700            1
1986 07 10 28.6100 29.1100 29.0800      0.1300       0.0000    0.7700            1
1986 07 11 28.5200 29.2100 28.8700      0.0860       0.0000    0.7700            1
1986 07 12 28.6500 29.4800 29.4200      0.3830       0.0900    0.7700            1
1986 07 13 28.5900 29.2200 28.8800      0.1887       0.0000    0.7700            1
1986 07 14 28.6200 29.0900 28.9200      0.2247       0.0100    0.7700            1
1986 07 15 28.3400 28.9500 28.7900      0.1400       0.0000    0.7700            1
1986 07 16 28.3100 29.1400 29.0800      0.0823       0.0000    0.7700            1
1986 07 17 27.9200 28.7300 28.2800     -0.4213       0.0000    0.6200            1
1986 07 18 28.1400 28.7900 28.5300     -0.2123       0.0000    0.4743            1
1986 07 19 28.0400 28.4600 28.2700     -0.4413       0.0000    0.2986            1
1986 07 20 28.0400 28.6300 28.5800     -0.3471       0.0000    0.2986            1
1986 07 21 27.9700 28.8100 28.8100     -0.1745       0.0000    0.2986            0
1986 07 22 27.9400 28.7700 28.6800     -0.0013       0.0000    0.2986            0
1986 07 23 27.8800 29.1500 29.1000      0.3406       0.0900    0.2986            1
1986 07 24 28.1100 29.1500 28.9900      0.2842       0.0700    0.2986            1
1986 07 25 28.3300 29.4200 29.4000      0.6119       0.3400    0.2986            1
1986 07 26 28.6100 29.7500 29.3100      0.6194       0.4300    0.2986            1
1986 07 27 28.2900 29.4800 29.0700      0.3710       0.1500    0.2986            1
1986 07 28 28.0700 29.0700 29.0000      0.1529       0.0000    0.2986            1
1986 07 29 27.7900 28.5700 28.3700     -0.3494       0.0000    0.2986            1
1986 07 30 27.4000 28.4200 28.2400     -0.4665       0.0000    0.2986            1
1986 07 31 27.4600 28.4100 28.2300     -0.4990       0.0000    0.2986            1
1986 08 01 27.6900 28.5000 28.3200     -0.3706       0.0000    0.2986            1
1986 08 02 28.2000 28.6600 28.5900     -0.1132       0.0000    0.2986            1
1986 08 03 27.6500 28.5200 28.4400     -0.2748       0.0000    0.2986            0
1986 08 04 27.8200 28.4700 28.1900     -0.5248       0.0000    0.2986            0
1986 08 05 27.9300 28.5200 28.1800     -0.5068       0.0000    0.2986            0
1986 08 06 27.8400 28.8100 28.7200      0.0200       0.0000    0.2986            0
1986 08 07 27.5400 28.3900 28.3200     -0.5455       0.0000    0.2986            0
1986 08 08 26.9600 27.8200 27.7700     -0.9335       0.0000    0.2986            0
1986 08 09 26.6300 27.8100 27.7100     -0.9655       0.0000    0.2986            0
1986 08 10 26.6400 27.7600 27.6400     -1.0229       0.0000    0.2986            0
1986 08 11 26.7000 27.5300 27.4200     -1.2616       0.0000    0.2986            0
1986 08 12 26.6500 27.3600 27.2700     -1.4300       0.0000    0.2986            0
1986 08 13 27.2200 28.0200 27.9700     -0.8839       0.0000    0.2986            0
1986 08 14 27.4500 28.2600 28.1000     -0.6003       0.0000    0.2986            0
1986 08 15 27.7100 28.5400 28.5100     -0.1800       0.0000    0.2986            0
1986 08 16 28.2200 28.7000 28.6700     -0.0368       0.0000    0.2986            0
1986 08 17 28.1300 28.6400 28.6200     -0.0935       0.0000    0.2986            0
1986 08 18 28.0000 28.3700 28.3100     -0.4274       0.0000    0.2986            0
1986 08 19 27.9300 28.9500 28.9200      0.1868       0.0300    0.2986            1
1986 08 20 27.9400 28.9900 28.8400      0.1477       0.0000    0.2986            1
1986 08 21 28.2000 29.0600 28.8900      0.1371       0.0000    0.2986            1
1986 08 22 27.8300 28.7000 28.5100     -0.2229       0.0000    0.2986            1
1986 08 23 27.7900 28.4800 28.3800     -0.3742       0.0000    0.2986            1
1986 08 24 27.9800 28.9400 28.8900      0.0977       0.0000    0.2986            1
1986 08 25 28.1200 28.8100 28.7900      0.0219       0.0000    0.2986            1
1986 08 26 28.2600 29.0000 29.0000      0.2026       0.0000    0.2986            0
1986 08 27 28.4200 29.0300 29.0200      0.2416       0.0700    0.2986            1
1986 08 28 27.8500 29.2100 29.0800      0.3026       0.1400    0.2986            1
1986 08 29 27.9100 28.9500 28.8100      0.0126       0.0000    0.2986            1
1986 08 30 28.0100 28.6500 28.5600     -0.2458       0.0000    0.1543            1
1986 08 31 28.0700 29.0100 28.8300      0.0306       0.0000    0.1543            1
1986 09 01 28.4300 29.0700 28.8500      0.0374       0.0000    0.0000            1
1986 09 02 28.3900 29.3300 28.9600      0.1348       0.0300    0.0000            1
1986 09 03 28.5000 29.2600 29.1700      0.1116       0.0000    0.0000            1
1986 09 04 28.5600 29.2600 29.2100      0.1665       0.0400    0.0000            1
1986 09 05 28.6300 29.2300 29.1100      0.2535       0.1600    0.0000            1
1986 09 06 28.9100 29.3800 29.2500      0.4165       0.3300    0.0000            1
1986 09 07 28.2600 29.2700 28.9800      0.1516       0.1000    0.0000            1
1986 09 08 28.4400 29.2500 29.1700      0.3329       0.2900    0.0000            1
1986 09 09 28.6000 29.2000 29.1600      0.2906       0.2500    0.0000            1
1986 09 10 28.6200 29.2100 29.1100      0.2623       0.2300    0.0000            1
1986 09 11 28.3800 29.6600 29.6000      0.4597       0.2600    0.0000            1
1986 09 12 29.1500 29.6800 29.4400      0.5584       0.5300    0.0000            1
1986 09 13 29.8800 30.4200 30.0900      1.2129       1.2000    0.1714            2
1986 09 14 29.4800 30.0300 29.9400      1.0465       1.0400    0.3200            2
1986 09 15 29.0100 30.1800 29.9100      0.9800       0.9800    0.3200            2
1986 09 16 28.8400 29.8900 29.5500      0.6430       0.6400    0.3200            2
1986 09 17 29.0900 29.9100 29.6700      0.7860       0.7700    0.3200            2
1986 09 18 29.1300 29.8400 29.6700      0.7900       0.7600    0.3200            2
1986 09 19 29.1600 30.3600 30.1600      1.2527       1.2300    0.4957            2
1986 09 20 29.0000 29.9100 29.8600      0.6883       0.5200    0.4957            2
1986 09 21 28.7600 29.2900 29.1800      0.3160       0.2300    0.4957            2
1986 09 22 28.8200 29.3500 29.2300      0.3510       0.3000    0.4957            2
1986 09 23 28.8100 29.6500 29.4000      0.5360       0.4800    0.4957            2
1986 09 24 28.3900 30.0100 29.7300      0.8540       0.8000    0.4957            2
1986 09 25 28.5800 30.1000 29.9600      1.0933       1.0300    0.6429            2
1986 09 26 28.9400 30.2300 30.1200      1.2597       1.1900    0.8129            2
1986 09 27 29.1700 30.2800 30.2100      1.3560       1.2800    0.9957            2
1986 09 28 29.3200 30.1500 30.0600      1.2123       1.1300    1.1571            2
1986 09 29 29.2000 29.8300 29.6200      0.7787       0.6900    1.1571            2
1986 09 30 28.8900 29.7700 29.4400      0.6150       0.5100    1.1571            2
1986 10 01 29.2500 30.5900 30.3300      1.1753       1.0200    1.3029            2
1986 10 02 29.5200 30.5900 30.3900      1.5407       1.4500    1.5100            2
1986 10 03 29.9600 30.7100 30.3300      1.5320       1.4600    1.7186            2
1986 10 04 29.8500 30.4700 30.4700      1.3660       1.2600    1.8986            2
1986 10 05 29.4600 30.2500 30.2200      1.0433       0.9000    1.8986            2
1986 10 06 29.6100 30.4700 30.4700      1.2930       1.1700    2.0657            2
1986 10 07 29.5300 30.3500 29.9900      1.1633       1.0900    2.2214            2
1986 10 08 29.2400 30.1200 29.7600      0.9367       0.8600    2.2214            2
1986 10 09 29.1700 29.7900 29.7700      0.8500       0.7400    2.2214            2
1986 10 10 29.0900 29.8100 29.7600      0.8133       0.6800    2.2214            2
1986 10 11 28.8200 29.6100 29.1700      0.4733       0.3000    2.2214            2
1986 10 12 28.6500 29.4800 29.4500      0.4920       0.3600    2.2214            2
1986 10 13 28.6600 29.4600 29.4500      0.4913       0.3600    2.2214            2
1986 10 14 28.7300 29.5200 29.4000      0.4790       0.3700    2.2214            1
1986 10 15 28.6000 29.6900 29.3400      0.5200       0.4300    2.2214            1
1986 10 16 28.8200 30.0600 29.7400      0.9800       0.8700    2.2214            1
1986 10 17 29.0100 30.2600 30.0700      0.9306       0.7600    2.2214            1
1986 10 18 28.4300 29.8600 29.6500      0.4871       0.3100    2.2214            1
1986 10 19 29.4900 30.2600 30.2300      1.1790       1.0500    2.3714            2
1986 10 20 29.7200 30.3600 30.1800      1.2384       1.1300    2.5329            2
1986 10 21 29.7000 30.3800 30.3200      1.2635       1.1400    2.6957            2
1986 10 22 29.5700 30.2800 30.1000      1.3639       1.1600    2.8614            2
1986 10 23 29.3600 30.1500 30.0200      1.3087       1.0900    3.0171            2
1986 10 24 29.2900 30.1200 29.9400      1.2006       1.0000    3.1600            2
1986 10 25 29.1100 30.0300 29.8000      1.0784       0.8600    3.1600            2
1986 10 26 28.9700 29.3200 29.2500      0.3700       0.2800    3.1600            2
1986 10 27 29.3700 30.4200 30.4000      1.2461       1.0800    3.3143            2
1986 10 28 29.0200 30.2500 30.1900      1.1635       1.0100    3.4586            2
1986 10 29 29.3900 30.1600 30.0000      1.2832       1.0600    3.6100            2
1986 10 30 29.1100 29.8400 29.7000      1.0374       0.7700    3.6100            2
1986 10 31 29.1800 30.0300 30.0100      0.9642       0.7700    3.6100            2
1986 11 01 29.1800 29.9000 29.7200      0.8000       0.7000    3.6100            2
1986 11 02 29.2000 29.8500 29.6200      0.9571       0.6900    3.6100            2
1986 11 03 28.5400 29.2600 29.0800      0.3858       0.1400    3.6100            2
1986 11 04 28.6400 29.8700 29.6500      0.9968       0.7200    3.6100            2
1986 11 05 28.7500 30.7800 30.5000      1.4639       1.2800    3.7929            2
1986 11 06 29.2900 30.7200 30.6600      1.4829       1.3400    3.9843            2
1986 11 07 29.1000 30.4900 30.4400      1.2552       1.1100    4.1429            3
1986 11 08 28.7100 30.2700 30.1700      1.0710       0.8600    4.1429            3
1986 11 09 28.8600 30.2900 30.2400      1.0558       0.9000    4.1429            3
1986 11 10 28.8900 30.0700 29.9500      0.8016       0.6200    4.1429            3
1986 11 11 29.2600 30.4300 30.3800      1.2126       1.0500    4.2929            3
1986 11 12 29.2600 30.5700 30.5100      1.3300       1.1900    4.4629            3
1986 11 13 29.0600 30.4300 30.3400      1.2187       1.0300    4.6100            3
1986 11 14 28.8400 30.2600 30.1900      1.0306       0.8500    4.6100            3
1986 11 15 28.0700 29.6000 29.5500      0.3500       0.2100    4.6100            3
1986 11 16 29.2400 30.2300 29.9600      1.0877       0.9800    4.6100            3
1986 11 17 29.4500 30.3000 30.0900      1.1473       1.0500    4.7600            3
1986 11 18 29.4900 30.3700 30.3200      1.1440       0.9900    4.7600            3
1986 11 19 29.4300 30.3200 30.2600      1.1900       1.0200    4.9057            3
1986 11 20 29.3100 30.2000 29.9500      1.0150       0.9400    4.9057            3
1986 11 21 29.7100 30.6300 30.5100      1.5360       1.4500    5.1129            3
1986 11 22 30.1100 30.8800 30.8800      1.8177       1.6500    5.3486            3
1986 11 23 30.1000 31.1800 31.1200      2.0500       1.8800    5.6171            3
1986 11 24 30.0700 30.7900 30.5900      1.7130       1.6200    5.8486            3
1986 11 25 29.7100 30.4200 30.2500      1.2833       1.1200    6.0086            3
1986 11 26 29.6000 30.0200 29.9200      1.0480       0.9700    6.0086            3
1986 11 27 29.3100 29.7100 29.6700      0.7760       0.6900    6.0086            3
1986 11 28 29.4000 30.0000 30.0000      1.0353       0.9000    6.0086            3
1986 11 29 29.6100 30.7900 30.6100      1.5507       1.3500    6.2014            3
1986 11 30 29.6100 30.6900 30.6400      1.5600       1.4100    6.4029            3
1986 12 01 29.2500 30.3200 30.0400      1.2540       1.1600    6.5686            3
1986 12 02 29.1100 30.1700 30.0200      1.2573       1.1400    6.7314            3
1986 12 03 29.0800 29.9300 29.8700      1.0020       0.9400    6.7314            3
1986 12 04 29.0800 29.8700 29.7600      0.9010       0.8400    6.7314            3
1986 12 05 28.6800 29.9500 29.8000      0.6067       0.4700    6.7314            3
1986 12 06 29.0300 29.9700 29.9000      0.6590       0.5600    6.5600            3
1986 12 07 28.7900 29.8200 29.8000      0.7107       0.5800    6.4114            3
1986 12 08 28.6400 29.7900 29.6900      0.7010       0.6000    6.4114            3
1986 12 09 28.5800 29.7000 29.7000      0.6200       0.5000    6.4114            1
1986 12 10 28.6200 29.5900 29.4300      0.4767       0.4000    6.4114            1
1986 12 11 28.6200 29.4600 29.3500      0.3827       0.2900    6.4114            1
1986 12 12 28.6900 29.3500 29.3300      0.3150       0.2500    6.2357            1
1986 12 13 28.4000 29.3500 29.2100      0.5060       0.2700    6.2357            1
1986 12 14 28.7700 29.4800 29.4300      0.6933       0.4900    6.2357            1
1986 12 15 28.8200 29.5600 29.5100      0.7700       0.5700    6.2357            1
1986 12 16 28.9600 29.9000 29.6600      1.0103       0.7400    6.2357            1
1986 12 17 29.0700 30.1300 30.0800      0.8535       0.7400    6.2357            1
1986 12 18 29.0200 30.1500 30.0900      0.8613       0.7500    6.0886            1
1986 12 19 28.8700 30.0900 29.9900      0.7897       0.6600    5.9186            1
1986 12 20 28.9600 30.0000 29.9600      0.7719       0.6500    5.7357            1
1986 12 21 28.7500 29.7600 29.4500      0.8081       0.5200    5.5743            1
1986 12 22 28.6800 29.6300 29.2700      0.6200       0.3300    5.5743            1
1986 12 23 29.1900 29.8300 29.5500      0.9277       0.6000    5.5743            1
1986 12 24 29.1300 29.9000 29.4900      0.8945       0.5600    5.4286            1
1986 12 25 28.7300 29.9000 29.5100      0.9097       0.5600    5.2214            1
1986 12 26 28.4600 29.7500 29.6100      0.6006       0.4300    5.0129            1
1986 12 27 28.4000 29.6300 29.5600      0.5639       0.3600    4.8329            1
1986 12 28 28.5600 29.6300 29.5600      0.5742       0.3500    4.8329            1
1986 12 29 28.6400 29.5500 29.2200      0.6645       0.2900    4.6657            1
1986 12 30 28.5700 29.4700 29.4200      0.4497       0.2100    4.5100            1
1986 12 31 28.5100 29.4300 29.0700      0.5700       0.1400    4.5100            1
1987 01 01 28.4800 29.4300 29.3000      0.3674       0.1500    4.5100            1
1987 01 02 28.4800 29.4800 29.4700      0.3635       0.1500    4.5100            1
1987 01 03 28.5000 29.3800 29.0900      0.3252       0.0000    4.5100            1
1987 01 04 28.4600 30.2600 29.8500      1.0823       0.7500    4.5100            1
1987 01 05 28.3700 30.1900 29.9600      1.0219       0.7200    4.5100            1
1987 01 06 28.3600 30.2800 30.1100      1.1777       0.8900    4.5100            1
1987 01 07 28.3300 30.0000 29.8000      0.8884       0.6000    4.5100            1
1987 01 08 28.2000 29.6800 29.6500      0.7326       0.4100    4.5100            1
1987 01 09 28.1500 29.6900 29.4100      0.8058       0.5200    4.5100            1
1987 01 10 27.8700 29.6600 29.4500      0.8548       0.5600    4.5100            1
1987 01 11 27.7200 29.1800 29.1400      0.2442       0.0000    4.3600            1
1987 01 12 27.7700 28.8500 28.8100      0.1810       0.0000    4.1986            1
1987 01 13 27.8400 28.9100 28.8600      0.2413       0.0000    4.0357            1
1987 01 14 27.7300 28.7900 28.5000     -0.0694       0.0000    3.8700            1
1987 01 15 27.9500 29.0700 28.9600      0.0900       0.0000    3.7143            1
1987 01 16 28.0200 29.1700 29.0500      0.1803       0.0000    3.5714            1
1987 01 17 28.0900 29.2200 28.8200      0.1319       0.0000    3.5714            0
1987 01 18 28.1700 29.2900 29.2800      0.4681       0.0500    3.5714            1
1987 01 19 28.1100 29.1500 29.0300      0.6729       0.0800    3.4171            1
1987 01 20 28.5800 29.2000 29.0400      0.6961       0.1100    3.2729            1
1987 01 21 28.2500 28.8900 28.7400      0.3894       0.0000    3.1214            1
1987 01 22 28.1000 29.3600 29.3200      0.7548       0.4000    3.1214            1
1987 01 23 28.2700 29.7300 29.6600      1.1084       0.7300    3.1214            1
1987 01 24 28.7000 30.1300 30.0100      1.4990       1.1200    3.2814            2
1987 01 25 28.6200 30.1000 29.9600      1.4755       1.0800    3.4357            2
1987 01 26 28.7700 29.9000 29.7300      1.1790       0.8100    3.4357            2
1987 01 27 29.1700 29.8600 29.7300      1.2187       0.8400    3.4357            2
1987 01 28 29.1600 30.2300 30.0000      1.5019       1.1100    3.4114            2
1987 01 29 28.9600 30.2500 30.0000      1.5052       1.1100    3.3786            2
1987 01 30 28.7000 30.2300 30.1900      1.3503       1.0000    3.3629            2
1987 01 31 28.5500 29.8700 29.5100      1.1110       0.6500    3.3629            2
1987 02 01 28.4400 29.6700 29.6400      0.8181       0.4800    3.3629            2
1987 02 02 28.4000 29.5700 29.2600      0.8590       0.4000    3.3629            2
1987 02 03 28.3400 29.6400 29.4900      1.0013       0.5600    3.2129            2
1987 02 04 28.4600 29.7900 29.7500      1.1300       0.6600    3.0429            2
1987 02 05 29.0800 29.8400 29.7400      1.1026       0.6500    2.8957            2
1987 02 06 28.7600 29.7500 29.6600      0.9887       0.5400    2.8957            1
1987 02 07 28.5300 30.2200 29.7600      1.2071       0.7700    2.8957            1
1987 02 08 28.6600 30.3200 29.7700      1.2719       0.8000    2.8957            1
1987 02 09 28.5900 30.2700 29.8000      1.3045       0.8300    2.7457            1
1987 02 10 28.4900 29.8800 29.4700      0.9387       0.4900    2.7457            1
1987 02 11 28.5500 29.8000 29.4200      0.7665       0.3100    2.6000            1
1987 02 12 28.7200 29.9900 29.7200      0.7661       0.3900    2.6000            1
1987 02 13 28.8000 30.0600 29.8000      0.8381       0.4700    2.3929            1
1987 02 14 28.6600 29.9500 29.7000      0.7390       0.3700    2.1571            1
1987 02 15 28.5500 29.8300 29.5100      0.5200       0.2000    1.8886            1
1987 02 16 28.3500 29.5500 29.1500      0.4732       0.0300    1.6571            1
1987 02 17 28.3700 29.2600 29.0000      0.3157       0.0000    1.4971            1
1987 02 18 28.3900 29.2100 29.0300      0.3407       0.0000    1.4971            1
1987 02 19 28.3100 29.0500 28.9400      0.2586       0.0000    1.4971            1
1987 02 20 28.0000 28.9400 28.8900      0.2504       0.0000    1.4971            1
1987 02 21 27.8500 29.1800 29.1400      0.5000       0.0500    1.3043            1
1987 02 22 27.8100 29.2700 29.2000      0.5650       0.1100    1.1029            1
1987 02 23 27.7500 29.2500 29.2100      0.5800       0.1200    0.9371            1
1987 02 24 27.7200 29.2800 29.2700      0.6318       0.1600    0.7743            1
1987 02 25 27.8700 29.1000 29.0600      0.4693       0.0000    0.7743            1
1987 02 26 27.9400 28.9100 28.8800      0.2671       0.0000    0.7743            1
1987 02 27 27.9500 28.9100 28.8700      0.2757       0.0000    0.7743            1
1987 02 28 27.9600 28.7900 28.7700      0.1786       0.0000    0.7743            1
1987 03 01 27.7500 28.8200 28.7900      0.1900       0.0000    0.7743            1
1987 03 02 27.5100 28.6900 28.6500      0.0421       0.0000    0.7743            1
1987 03 03 27.6200 28.6300 28.6000     -0.0057       0.0000    0.7743            0
1987 03 04 28.0200 29.1900 28.9600      0.4068       0.0000    0.7743            0
1987 03 05 27.9500 29.2600 29.0600      0.4314       0.0000    0.7743            0
1987 03 06 28.6300 30.1500 29.7700      1.7339       0.8300    0.7743            1
1987 03 07 28.7300 29.7800 29.6700      1.0886       0.5800    0.7743            1
1987 03 08 28.8700 29.7300 29.6400      1.0650       0.5500    0.7743            1
1987 03 09 28.7400 29.4200 29.3800      0.7750       0.2600    0.7743            1
1987 03 10 28.6100 29.3000 29.2600      0.5064       0.0400    0.7743            1
1987 03 11 28.4100 29.2700 29.1500      0.4371       0.0000    0.7743            1
1987 03 12 28.2000 29.2400 29.1500      0.3757       0.0000    0.7743            1
1987 03 13 28.1700 29.4500 29.3900      0.6171       0.1500    0.7743            1
1987 03 14 28.1000 29.5400 29.3800      0.9957       0.4100    0.7743            1
1987 03 15 27.9900 29.4300 29.3500      0.8900       0.3300    0.7743            1
1987 03 16 28.0300 29.6400 29.6100      1.2545       0.6600    0.7743            1
1987 03 17 28.1500 29.3700 29.3400      0.9790       0.3900    0.7743            1
1987 03 18 28.3700 29.3900 29.3300      1.0739       0.4400    0.7743            1
1987 03 19 28.6200 29.4400 29.2100      0.9000       0.3000    0.7743            1
1987 03 20 28.6800 29.6700 29.5800      0.5377       0.2500    0.7743            1
1987 03 21 28.7300 29.7900 29.6400      0.6094       0.3100    0.7743            1
1987 03 22 28.5000 29.3700 29.2600      0.2726       0.0000    0.7743            1
1987 03 23 28.4700 29.4400 29.2600      0.2658       0.0000    0.7743            1
1987 03 24 28.6000 29.7500 29.4800      1.4484       0.5500    0.7743            1
1987 03 25 28.7800 29.7400 29.3700      1.3403       0.4400    0.7743            1
1987 03 26 29.1300 29.9900 29.9800      1.3526       0.8900    0.7743            1
1987 03 27 29.0800 29.9700 29.9500      1.3365       0.8700    0.7743            1
1987 03 28 29.3600 30.3900 30.3400      1.7203       1.2600    0.9543            2
1987 03 29 29.4000 30.2600 29.9800      1.6126       1.0900    1.1100            2
1987 03 30 29.2500 30.3300 30.1400      1.7642       1.2500    1.2886            2
1987 03 31 28.9100 30.1200 29.9600      0.8968       0.6500    1.2886            2
1987 04 01 28.6600 30.0500 29.9000      0.8303       0.5900    1.2886            2
1987 04 02 28.6200 29.9300 29.7800      0.7139       0.4800    1.2886            2
1987 04 03 28.8200 29.6100 29.4900      0.3374       0.1500    1.2886            2
1987 04 04 28.7000 29.6300 29.2200      0.8300       0.3400    1.2886            2
1987 04 05 28.8400 29.7800 29.6600      1.2132       0.7600    1.2886            2
1987 04 06 28.6000 29.6000 29.4300      0.9800       0.5400    1.2886            1
1987 04 07 28.4600 29.7700 29.5500      1.0900       0.6600    1.2886            1
1987 04 08 28.3900 29.4800 29.3200      0.8500       0.4300    1.2886            1
1987 04 09 28.4200 29.3800 29.2400      0.7681       0.3500    1.2886            1
1987 04 10 28.4500 29.3300 29.1800      0.6900       0.2900    1.2886            1
1987 04 11 28.7000 29.2800 29.1600      0.6858       0.2500    1.2886            1
1987 04 12 28.7000 29.2800 29.2100      0.6855       0.2400    1.2886            1
1987 04 13 28.9100 29.4400 29.3500      0.6516       0.2800    1.2886            1
1987 04 14 28.9200 29.4400 29.3400      0.8761       0.4400    1.2886            1
1987 04 15 28.9000 29.4700 29.3900      0.9200       0.4700    1.2886            1
1987 04 16 28.8000 29.4500 29.3700      0.8747       0.4300    1.2886            1
1987 04 17 28.8500 29.3800 29.2600      0.7807       0.3700    1.2886            1
1987 04 18 28.9200 29.4500 29.3800      0.8540       0.4400    1.1286            1
1987 04 19 28.7700 29.3500 29.1500      0.6687       0.2700    0.9743            1
1987 04 20 28.7300 29.3100 29.0900      0.4833       0.1900    0.9743            1
1987 04 21 28.7700 29.2400 29.0600      0.4440       0.1600    0.9743            1
1987 04 22 28.8500 29.2700 29.0300      0.4200       0.1400    0.8157            1
1987 04 23 28.7600 29.2500 28.9500      0.3653       0.0500    0.6571            1
1987 04 24 28.7800 29.5300 29.0000      0.4370       0.1300    0.5143            1
1987 04 25 28.4700 29.2400 29.1700     -0.0433       0.0000    0.5143            1
1987 04 26 28.4200 29.3000 29.0500      0.5770       0.1000    0.5143            1
1987 04 27 29.0400 29.4600 29.3000      0.8720       0.3700    0.5143            1
1987 04 28 29.4000 29.7100 29.6200      0.9343       0.7200    0.5143            1
1987 04 29 29.4000 29.7200 29.5900      0.8900       0.6900    0.5143            1
1987 04 30 29.1200 29.7600 29.4900      0.7650       0.5800    0.5143            1
1987 05 01 29.5000 30.3400 30.0200      1.5413       1.0700    0.6671            2
1987 05 02 29.5200 30.5400 30.3300      1.2170       1.1000    0.8243            2
1987 05 03 29.4800 30.3900 30.2500      1.1120       1.0000    0.9671            2
1987 05 04 29.3600 30.3000 30.1400      0.9963       0.8900    0.9671            2
1987 05 05 29.5800 30.2600 30.1300      0.9533       0.8600    0.9671            2
1987 05 06 29.6600 30.3200 30.2400      1.0480       0.9700    0.9671            2
1987 05 07 29.5900 30.4700 30.3000      1.0220       0.9900    0.9671            2
1987 05 08 29.6400 30.5200 30.4200      1.1180       1.0900    1.1229            2
1987 05 09 29.5800 30.5600 30.4100      1.1140       1.0900    1.2786            2
1987 05 10 29.5300 30.2600 29.7600      0.9700       0.8700    1.2786            2
1987 05 11 29.6100 30.2600 29.8400      1.0400       0.9500    1.2786            2
1987 05 12 29.5700 30.3100 30.3100      0.9790       0.9700    1.2786            2
1987 05 13 29.3000 29.8200 29.6800      0.9107       0.8000    1.2786            2
1987 05 14 29.4500 29.8500 29.6900      0.8150       0.8000    1.2786            2
1987 05 15 29.3200 29.9600 29.7500      0.8600       0.8600    1.2786            2
1987 05 16 29.3400 30.0200 29.9700      0.8671       0.7800    1.2786            1
1987 05 17 29.3800 30.0000 29.6800      0.8026       0.8000    1.2786            1
1987 05 18 29.2800 29.8900 29.5100      0.6239       0.6200    1.2786            1
1987 05 19 28.9300 29.8500 29.7800      0.5094       0.4900    1.2786            1
1987 05 20 29.2400 30.1300 30.1300      0.8558       0.8300    1.2786            1
1987 05 21 29.3000 30.4400 30.3400      1.3935       1.3800    1.4757            2
1987 05 22 29.3100 30.4600 30.4000      1.4458       1.4300    1.6800            2
1987 05 23 29.2700 30.5300 30.4500      1.4981       1.4800    1.8914            2
1987 05 24 29.0500 29.9200 29.8900      0.9574       0.9400    1.8914            2
1987 05 25 29.0000 29.8000 29.7000      0.7526       0.7300    1.8914            2
1987 05 26 29.0800 29.8000 29.5900      0.7635       0.7100    1.8914            2
1987 05 27 29.3700 29.8100 29.5700      0.6832       0.6600    1.8914            2
1987 05 28 29.4300 29.8100 29.6900      0.7894       0.7600    1.8914            2
1987 05 29 29.3500 30.0400 29.9800      0.8945       0.8900    1.8914            2
1987 05 30 28.9700 29.9300 29.8900      0.8048       0.8000    1.8914            1
1987 05 31 28.7900 29.8600 29.8400      0.7603       0.7500    1.8914            1
1987 06 01 28.9700 29.8100 29.6700      0.6155       0.6100    1.8914            1
1987 06 02 28.8800 29.9800 29.9600      0.7790       0.7500    1.8914            1
1987 06 03 28.8300 29.8900 29.8700      0.6829       0.6400    1.8914            1
1987 06 04 28.9000 30.0000 30.0000      0.8216       0.7700    1.8914            1
1987 06 05 28.7400 30.1100 30.0900      0.9174       0.8700    1.8914            1
1987 06 06 28.5200 30.0600 30.0400      0.8668       0.8100    1.8914            1
1987 06 07 28.3700 29.9200 29.8800      0.7119       0.6600    1.8914            1
1987 06 08 28.1600 29.8200 29.5100      0.5965       0.5500    1.8914            1
1987 06 09 29.6100 30.1600 29.9300      1.1635       0.9900    1.8914            1
1987 06 10 29.2300 30.0400 29.9100      1.1565       0.9600    1.8914            1
1987 06 11 29.6600 30.3200 30.1000      1.3452       1.1500    2.0557            2
1987 06 12 29.9800 30.5200 30.3700      1.3703       1.2800    2.2386            2
1987 06 13 29.9700 30.9100 30.8800      1.7161       1.6600    2.4757            2
1987 06 14 29.9000 30.8900 30.8600      1.8097       1.8000    2.7329            2
1987 06 15 29.7600 30.9400 30.8800      1.8100       1.7900    2.9886            2
1987 06 16 29.4900 30.5700 30.5600      1.4213       1.3500    3.1814            2
1987 06 17 29.6700 30.4000 30.2900      1.2360       1.2000    3.3529            2
1987 06 18 29.7700 30.4000 30.3600      1.1260       1.0500    3.5029            2
1987 06 19 29.8300 30.5700 30.5400      1.3160       1.2200    3.6771            2
1987 06 20 29.7600 30.7000 30.6500      1.4350       1.3100    3.6843            2
1987 06 21 29.7100 30.4300 30.3300      1.4900       1.4000    3.7286            2
1987 06 22 29.7500 30.4100 30.3900      1.3123       1.1600    3.7157            2
1987 06 23 29.6300 30.1900 29.8800      1.1473       0.9500    3.7157            2
1987 06 24 29.6000 30.3600 30.2100      1.1560       0.9800    3.7157            2
1987 06 25 29.7700 30.4900 30.4900      1.5933       1.3900    3.9143            2
1987 06 26 30.0200 30.7600 30.7500      1.7037       1.5100    4.1300            3
1987 06 27 30.3200 30.8300 30.7000      1.8360       1.6200    4.3614            3
1987 06 28 29.8000 30.4100 30.3900      1.5253       1.3100    4.5486            3
1987 06 29 29.9600 30.5800 30.3900      1.6247       1.4900    4.7614            3
1987 06 30 29.8900 30.4900 30.3400      1.5850       1.4400    4.9671            3
1987 07 01 29.4500 30.4600 30.3800      1.6053       1.4300    5.1714            3
1987 07 02 29.1000 30.2400 30.1700      1.3870       1.2200    5.3457            3
1987 07 03 29.0000 29.9700 29.8000      1.0560       0.9000    5.3457            3
1987 07 04 28.9500 29.7400 29.6900      0.9710       0.7800    5.3457            3
1987 07 05 28.6000 29.7000 29.5400      0.7900       0.6100    5.3457            3
1987 07 06 29.2300 29.8900 29.7800      1.0200       0.8300    5.3457            3
1987 07 07 29.5900 30.1800 30.1700      1.2860       1.0900    5.5014            3
1987 07 08 29.7500 30.4000 30.3800      1.4993       1.2900    5.6857            3
1987 07 09 29.6000 30.3400 30.2900      1.5560       1.3500    5.8786            3
1987 07 10 29.5400 30.3800 30.2700      1.5433       1.3500    6.0714            3
1987 07 11 29.3300 30.2300 30.0900      1.3687       1.1700    6.2386            3
1987 07 12 29.3300 30.2200 30.0800      1.3640       1.1600    6.4043            3
1987 07 13 29.3100 30.1300 30.0200      1.3093       1.1000    6.5614            3
1987 07 14 29.7200 30.7700 30.3000      1.5300       1.3500    6.7543            3
1987 07 15 29.9900 31.1000 31.0100      2.0200       1.7100    6.9986            3
1987 07 16 30.1400 31.1400 31.0700      2.0523       1.7400    7.2471            3
1987 07 17 30.0100 31.1300 30.9900      2.0039       1.6800    7.4871            3
1987 07 18 29.8800 30.6900 30.5700      1.7526       1.4900    7.7000            3
1987 07 19 29.7900 30.5300 30.4800      1.5603       1.2700    7.8814            3
1987 07 20 29.6300 30.4600 30.4500      1.4513       1.1100    8.0400            4
1987 07 21 29.5600 30.4500 30.4200      1.4316       1.0900    8.1957            4
1987 07 22 29.0400 30.2100 30.1800      1.1935       0.8500    8.1957            4
1987 07 23 29.2900 30.0300 30.0100      1.0155       0.6800    8.1957            4
1987 07 24 29.2300 29.8600 29.8200      0.9132       0.6100    8.0429            4
1987 07 25 29.1800 30.0800 30.0400      1.2587       1.0000    8.0286            4
1987 07 26 28.7500 29.7900 29.7600      0.9826       0.7200    7.8857            4
1987 07 27 28.4900 29.4600 29.4000      0.6448       0.3800    7.8857            4
1987 07 28 28.5900 29.4400 29.4100      0.6810       0.4400    7.8857            4
1987 07 29 28.8800 29.7000 29.6700      0.9665       0.7200    7.8857            4
1987 07 30 29.0600 29.8400 29.8300      1.1203       0.9000    7.8857            4
1987 07 31 29.1900 29.7100 29.7000      0.9897       0.7800    7.7300            4
1987 08 01 29.2000 29.6700 29.5900      0.8890       0.6800    7.5743            1
1987 08 02 29.1400 29.8300 29.6600      0.9348       0.7100    7.5743            1
1987 08 03 29.1700 30.0900 29.9300      1.2439       1.0400    7.7229            3
1987 08 04 29.2000 30.3700 30.1900      1.5035       1.2900    7.9071            3
1987 08 05 29.3700 30.3400 30.1000      1.4132       1.2000    8.0786            4
1987 08 06 29.1200 30.1800 29.9200      1.2116       1.0200    8.2243            4
1987 08 07 29.0400 30.3000 30.2400      1.4542       1.0000    8.3671            4
1987 08 08 29.0500 30.5000 30.3100      1.5452       1.0800    8.5214            4
1987 08 09 29.0200 30.3500 30.2300      1.4587       0.9900    8.5214            4
1987 08 10 28.8300 30.1500 30.0300      1.2623       0.7900    8.5214            4
1987 08 11 28.6500 29.7500 29.5400      0.8239       0.5900    8.5214            4
1987 08 12 28.9500 30.2100 30.1600      1.2142       0.8200    8.5214            4
1987 08 13 28.9400 30.2800 30.2700      1.3261       0.9300    8.3243            4
1987 08 14 29.3800 30.4600 30.4100      1.4874       1.1100    8.2786            4
1987 08 15 29.2800 30.2300 29.9600      1.2600       1.0700    8.2200            4
1987 08 16 29.1600 30.0400 29.9300      1.2332       1.0300    8.3671            4
1987 08 17 29.0400 29.8400 29.7800      0.9026       0.6300    8.3671            4
1987 08 18 28.6200 29.6000 29.4600      0.5729       0.3000    8.3671            4
1987 08 19 28.5900 29.5200 29.4900      0.5939       0.3300    8.3671            4
1987 08 20 28.3700 29.3400 29.3000      0.4032       0.1500    8.3671            4
1987 08 21 28.6700 29.4500 29.3600      0.6113       0.2300    8.3671            4
1987 08 22 29.1900 30.0900 30.0100      1.1658       0.7600    8.3671            4
1987 08 23 29.1400 30.1900 30.1100      1.2132       0.8000    8.3671            1
1987 08 24 28.5800 29.9000 29.8800      0.9761       0.5700    8.3671            1
1987 08 25 28.4700 29.7900 29.4700      0.7229       0.5400    8.3671            1
1987 08 26 28.6300 29.7900 29.4700      0.7142       0.5400    8.3671            1
1987 08 27 28.7700 29.7000 29.5300      0.7719       0.4500    8.3671            1
1987 08 28 28.8200 29.7600 29.7600      0.7261       0.4300    8.3671            1
1987 08 29 29.3100 29.8200 29.6700      0.8726       0.7300    8.3671            1
1987 08 30 29.5900 30.0500 29.8600      1.0577       0.9100    8.3671            1
1987 08 31 29.4400 30.1000 30.1000      1.1513       0.8300    8.3671            1
1987 09 01 29.3300 30.1000 30.0600      1.1184       0.8000    8.3671            1
1987 09 02 29.1300 30.1100 29.9000      1.0839       0.8500    8.3671            1
1987 09 03 28.8400 30.2000 30.1700      1.2852       0.9400    8.2029            1
1987 09 04 28.7300 30.2500 30.1700      1.2945       0.9500    8.0200            1
1987 09 05 28.7400 30.2100 30.1500      1.2442       0.9100    7.7829            1
1987 09 06 28.8400 30.2100 30.1300      1.2281       0.9000    7.5257            1
1987 09 07 29.3100 30.1800 30.1400      1.1694       0.8600    7.2700            1
1987 09 08 29.2900 30.3100 30.2500      1.3197       1.0100    7.2214            3
1987 09 09 29.0300 29.9200 29.8300      0.9026       0.6000    7.0500            3
1987 09 10 28.9400 29.9000 29.7800      0.9290       0.6900    6.9000            3
1987 09 11 29.1600 30.0600 29.8800      1.0206       0.9100    6.7257            3
1987 09 12 29.2700 30.0700 29.8500      0.9603       0.9400    6.5386            3
1987 09 13 29.3800 30.1700 30.0000      1.1035       1.0900    6.4943            3
1987 09 14 29.3700 30.2600 30.2300      1.0610       1.0300    6.4757            3
1987 09 15 29.4000 30.2000 30.2000      1.2900       1.2900    6.6600            3
1987 09 16 29.2700 30.0900 30.0700      1.1630       1.1600    6.8257            3
1987 09 17 29.3200 29.9900 29.9200      1.0240       0.9300    6.6271            3
1987 09 18 29.0700 29.9100 29.7200      0.8130       0.7500    6.4114            3
1987 09 19 29.5500 30.2000 29.9200      0.9827       0.8900    6.1800            3
1987 09 20 29.5000 30.1700 29.9200      1.0333       0.9700    5.9929            3
1987 09 21 29.5100 30.3600 30.3300      1.3020       1.1000    5.9371            3
1987 09 22 29.5800 30.4500 30.4400      1.3187       1.2800    5.9143            3
1987 09 23 29.6500 30.7700 30.0000      1.1493       1.1200    5.8700            3
1987 09 24 29.6100 30.5600 30.1700      1.0260       0.8700    5.6957            3
1987 09 25 29.5400 30.7300 30.6400      1.4667       1.3200    5.8843            3
1987 09 26 29.5600 31.0000 30.9500      1.9083       1.6600    6.1214            3
1987 09 27 29.6900 31.0500 30.9100      1.8960       1.6800    6.3614            3
1987 09 28 29.8000 30.9400 30.7600      1.7500       1.5400    6.5814            3
1987 09 29 29.6800 30.3400 29.9800      1.1340       1.0500    6.5757            3
1987 09 30 29.6000 30.0900 30.0600      1.2150       1.1300    6.5529            3
1987 10 01 29.6900 30.2700 30.2600      1.4060       1.3100    6.5471            3
1987 10 02 29.6800 30.1800 30.1700      1.3220       1.2200    6.5286            3
1987 10 03 29.5400 30.0300 30.0100      0.9860       0.7800    6.3614            3
1987 10 04 29.4100 30.0200 29.9400      1.0913       0.9900    6.1957            3
1987 10 05 29.4900 30.6400 30.5500      1.7400       1.6200    6.2700            3
1987 10 06 29.4300 30.4700 30.3500      1.5460       1.4200    6.2800            3
1987 10 07 29.5300 30.4900 30.3200      1.5120       1.3800    6.2329            3
1987 10 08 29.5600 30.4500 30.3500      1.5457       1.4000    6.1843            3
1987 10 09 29.5000 30.4200 30.3200      1.4960       1.3500    6.1371            3
1987 10 10 29.3900 30.5100 30.3800      1.5583       1.4100    6.1257            3
1987 10 11 29.3700 30.8600 30.7900      1.8753       1.7000    6.1871            3
1987 10 12 29.5300 31.2400 31.1500      2.2340       2.0600    6.3229            3
1987 10 13 29.7900 31.1900 31.1200      2.2120       2.0200    6.4557            3
1987 10 14 29.6800 30.9400 30.8600      1.9510       1.7500    6.7057            3
1987 10 15 29.6300 30.6800 30.6600      1.7700       1.5800    6.9314            3
1987 10 16 29.8400 30.5900 30.5100      1.6787       1.5300    7.1500            3
1987 10 17 29.5200 30.3100 30.2400      1.4897       1.3000    7.1929            3
1987 10 18 29.4000 30.1200 30.1000      1.3226       1.1500    7.3571            3
1987 10 19 29.1900 29.9900 29.9500      1.1981       1.0100    7.5014            3
1987 10 20 29.0700 29.9800 29.9000      0.9700       0.7900    7.5014            3
1987 10 21 28.7400 29.9700 29.9300      0.9526       0.6900    7.5014            3
1987 10 22 28.7900 29.9900 29.9000      0.9174       0.6600    7.5014            3
1987 10 23 29.4100 30.3600 30.2200      1.4832       1.2700    7.6829            3
1987 10 24 30.0700 30.9000 30.8200      1.7926       1.5600    7.9057            3
1987 10 25 30.0400 30.9600 30.8500      1.8106       1.5700    8.1300            4
1987 10 26 29.7900 30.6600 30.5500      1.8668       1.6200    8.2129            4
1987 10 27 29.7600 30.5700 30.5400      1.8481       1.6100    8.2586            4
1987 10 28 29.7900 30.6900 30.6600      1.9503       1.7200    8.3329            4
1987 10 29 29.7700 30.4800 30.4300      1.7377       1.4900    8.4000            4
1987 10 30 29.9800 30.3100 30.2900      1.4558       1.3200    8.4457            4
1987 10 31 29.9500 30.4500 30.3700      1.6823       1.4300    8.4957            4
1987 11 01 29.7500 30.2600 30.1900      1.5023       1.2500    8.6743            4
1987 11 02 29.3900 29.9500 29.8900      1.1997       0.9500    8.6743            4
1987 11 03 29.1200 29.5800 29.4500      0.7819       0.5200    8.6743            4
1987 11 04 29.1700 29.7100 29.6100      0.9468       0.6800    8.6743            4
1987 11 05 29.2400 29.8600 29.7700      0.8500       0.7600    8.6743            4
1987 11 06 29.1500 29.8200 29.5800      0.9265       0.6500    8.5157            4
1987 11 07 29.2600 30.1100 29.9700      0.7977       0.6300    8.3629            4
1987 11 08 29.3000 30.1400 29.7600      0.8345       0.7300    8.2157            1
1987 11 09 29.1900 30.0400 29.9200      0.7761       0.6200    8.2157            1
1987 11 10 29.0600 30.3500 30.0700      0.9400       0.7400    8.2157            1
1987 11 11 29.3300 30.8300 30.5500      1.4287       1.2300    8.3914            4
1987 11 12 29.3900 30.1600 29.9000      0.9510       0.8500    8.3914            4
1987 11 13 29.3800 30.3700 30.1300      1.2626       1.1400    8.5543            4
1987 11 14 29.2700 30.4700 30.4200      1.4706       1.2800    8.7371            4
1987 11 15 28.8400 30.0400 29.8900      0.9600       0.7900    8.7371            4
1987 11 16 28.8000 29.9600 29.7000      0.8277       0.7100    8.7371            4
1987 11 17 28.6700 30.0600 29.9500      1.0340       0.8800    8.7371            4
1987 11 18 28.5600 30.0000 29.8700      0.9510       0.7900    8.7371            4
1987 11 19 28.4500 29.7500 29.6800      0.7320       0.5800    8.7371            4
1987 11 20 28.5000 29.6100 29.4300      0.5733       0.4900    8.7371            4
1987 11 21 28.4500 29.7800 29.4300      0.5800       0.5000    8.7371            1
1987 11 22 29.1700 30.9600 30.7100      1.6453       1.4600    8.9457            4
1987 11 23 28.9200 30.6300 30.3800      1.3073       1.1300    9.1071            4
1987 11 24 28.7000 30.4100 30.2400      1.0860       0.9100    9.1071            4
1987 11 25 28.8900 31.0500 30.5900      1.7800       1.7100    9.3514            4
1987 11 26 29.1900 31.2600 31.0300      2.1380       2.0500    9.6443            4
1987 11 27 29.2000 31.3900 31.3000      2.4240       2.3400    9.9786            4
1987 11 28 29.8900 31.2000 30.9700      2.1453       2.0600   10.2729            4
1987 11 29 30.0700 31.1200 30.9200      2.1080       2.0100   10.5600            4
1987 11 30 29.4800 30.3600 30.2600      1.0400       0.9400   10.5600            4
1987 12 01 29.2000 30.1500 30.0800      0.8633       0.7500   10.4157            4
1987 12 02 28.9800 30.1500 30.0100      0.8393       0.7100   10.4157            4
1987 12 03 29.4600 30.9500 30.8400      1.7420       1.6000   10.6443            4
1987 12 04 30.1000 31.5300 31.4700      2.2410       2.1300   10.9486            4
1987 12 05 30.1100 31.4300 31.3700      2.1600       2.0500   11.2414            4
1987 12 06 30.0900 31.4400 31.3400      2.1280       2.0200   11.3743            4
1987 12 07 30.0800 31.4600 31.3200      2.1007       1.9800   11.5100            4
1987 12 08 29.9500 30.4800 30.3100      1.6533       1.3800   11.5229            4
1987 12 09 29.5300 29.9900 29.8100      1.1500       0.8800   11.3571            4
1987 12 10 28.9800 30.1100 30.0200      0.9517       0.7800   11.3571            4
1987 12 11 29.2900 30.2800 30.1100      1.0400       0.8700   11.3571            4
1987 12 12 29.1900 30.1000 30.0300      0.8050       0.7200   11.3571            4
1987 12 13 29.4000 30.1900 30.1400      0.9100       0.8400   11.3571            4
1987 12 14 29.1300 30.0400 29.9200      0.8500       0.6900   11.2000            4
1987 12 15 28.9300 29.8300 29.7200      0.6500       0.4900   11.0171            1
1987 12 16 28.8500 29.8000 29.7000      0.6268       0.4600   10.8571            1
1987 12 17 28.9600 29.8400 29.7900      0.7235       0.5500   10.8571            1
1987 12 18 29.0100 29.9600 29.9100      0.8674       0.6700   10.6686            1
1987 12 19 28.7600 30.0800 29.9800      0.9358       0.7600   10.4314            1
1987 12 20 28.4800 30.6600 30.6000      1.5623       1.3600   10.3857            4
1987 12 21 28.7900 30.3400 30.2500      1.2168       1.0300   10.3129            4
1987 12 22 28.6900 30.3800 30.2300      1.2052       1.0200   10.3086            4
1987 12 23 28.7700 30.4900 30.2900      1.2716       1.0800   10.3014            4
1987 12 24 28.8800 30.8300 30.6400      1.6281       1.4300   10.3186            4
1987 12 25 28.6700 30.5500 30.4200      1.4113       1.1900   10.3143            4
1987 12 26 28.3600 30.3900 30.3800      1.3810       1.1500   10.4786            4
1987 12 27 28.1900 30.1700 30.1500      1.1513       0.9100   10.4786            4
1987 12 28 28.0900 30.0700 30.0200      1.0339       0.7800   10.2471            4
1987 12 29 28.1900 29.4800 29.3200      0.4761       0.2100   10.0443            4
1987 12 30 28.3400 29.5300 29.4000      0.5397       0.3600    9.8471            4
1987 12 31 28.7100 29.5400 29.2600      0.6697       0.4000    9.6471            4
1988 01 01 28.9600 29.5800 29.4400      0.6010       0.4000    9.4543            4
1988 01 02 29.0500 29.7500 29.7500      0.8061       0.5400    9.2529            1
1988 01 03 28.9500 29.8500 29.8100      0.8603       0.5800    9.0100            1
1988 01 04 28.5700 29.7100 29.5100      0.6994       0.4500    8.7157            1
1988 01 05 28.5700 29.5600 29.4500      0.7932       0.5400    8.4271            1
1988 01 06 29.0300 29.5200 29.4600      0.8258       0.5600    8.1771            1
1988 01 07 28.7100 29.2000 29.1000      0.5926       0.2400    7.9514            1
1988 01 08 28.8400 29.8700 29.8700      0.9635       0.6000    7.7329            1
1988 01 09 28.5900 29.5600 29.2500      0.6139       0.3400    7.5471            1
1988 01 10 28.4300 29.3700 29.0900      0.5432       0.2100    7.3829            1
1988 01 11 28.4200 29.3900 29.2400      0.6139       0.3200    7.2386            1
1988 01 12 28.6000 29.7200 29.3900      0.7900       0.4500    7.2386            1
1988 01 13 28.8000 30.1700 30.1000      1.4368       1.0000    7.3814            3
1988 01 14 28.8600 30.0600 29.9900      1.1039       0.7700    7.3814            3
1988 01 15 28.7900 30.0400 29.6800      1.0900       0.7600    7.2000            3
1988 01 16 29.3900 30.1600 30.1200      1.2439       0.8900    6.9771            3
1988 01 17 29.6000 30.2400 30.1500      1.5300       1.0600    6.9043            3
1988 01 18 29.0800 29.8700 29.7900      0.9177       0.5500    6.6729            3
1988 01 19 28.5200 29.6400 29.5200      0.6565       0.2800    6.4429            3
1988 01 20 28.4500 29.8100 29.7000      0.8381       0.4600    6.1971            3
1988 01 21 28.3800 29.7500 29.7100      0.8594       0.4800    5.9843            3
1988 01 22 28.5700 29.8600 29.7500      0.9003       0.5200    5.7957            3
1988 01 23 28.6100 29.7600 29.5200      0.9245       0.4300    5.5914            3
1988 01 24 28.3900 29.5800 29.4300      0.5948       0.2100    5.4129            1
1988 01 25 28.6600 29.5800 29.5100      0.4932       0.1900    5.4129            1
1988 01 26 28.7900 29.4900 29.4300      0.6316       0.2600    5.4129            1
1988 01 27 29.2300 29.7500 29.7300      1.0523       0.5900    5.4129            1
1988 01 28 29.3900 30.0700 29.8600      1.2377       0.8900    5.4129            1
1988 01 29 29.3600 30.2200 29.8400      1.3442       0.9400    5.4129            1
1988 01 30 29.3500 30.4800 30.3600      1.5335       1.1300    5.5743            3
1988 01 31 29.3900 30.2900 30.1400      1.2800       0.8600    5.5743            3
1988 02 01 29.2000 30.7400 30.5300      1.5890       1.2200    5.7486            3
1988 02 02 28.9500 30.2300 29.6300      1.2855       0.6900    5.7486            3
1988 02 03 29.4300 30.0700 29.9100      1.6113       0.9800    5.5729            3
1988 02 04 29.5300 30.2600 30.1200      1.6874       1.2400    5.7500            3
1988 02 05 29.4300 30.4900 30.3200      1.9506       1.4700    5.7971            3
1988 02 06 29.1800 30.1700 29.9600      1.5223       1.0700    5.7671            3
1988 02 07 29.3100 29.9300 29.8200      1.3745       0.9400    5.7671            3
1988 02 08 28.9300 29.7700 29.6400      1.3419       0.7100    5.7671            3
1988 02 09 28.7800 29.5300 29.2500      0.8603       0.3900    5.7671            3
1988 02 10 28.5100 29.3400 29.3200      0.4568       0.0200    5.7671            3
1988 02 11 28.2000 29.0800 29.0100      0.0261       0.0000    5.7671            3
1988 02 12 28.0700 29.5400 29.4300      0.4571       0.1000    5.7671            3
1988 02 13 28.1000 29.4900 29.3300      0.3581       0.0000    5.7671            1
1988 02 14 27.9300 29.3300 29.0500      0.0397       0.0000    5.5586            1
1988 02 15 27.9100 29.4200 28.9800      0.1600       0.0000    5.3971            1
1988 02 16 28.0100 29.6000 29.4000      0.5434       0.1300    5.3971            1
1988 02 17 28.7000 30.0900 30.0500      1.1934       0.7400    5.1529            1
1988 02 18 28.7400 29.8300 29.7300      0.8941       0.4400    4.8600            1
1988 02 19 28.7800 29.8200 29.6800      0.8455       0.3900    4.5257            1
1988 02 20 28.7900 29.7200 29.6300      0.7969       0.3400    4.2314            1
1988 02 21 28.4100 29.5600 29.4400      0.6124       0.1600    3.9443            1
1988 02 22 28.2300 29.3300 29.0900      0.2917       0.0000    3.9443            1
1988 02 23 28.1400 29.5300 29.3000      0.4983       0.0600    3.9443            1
1988 02 24 28.2800 29.6300 29.4100      0.6024       0.1700    3.9443            1
1988 02 25 28.3100 29.7900 29.6400      0.8603       0.4100    3.7157            1
1988 02 26 28.0100 29.4900 29.4000      0.5728       0.1100    3.4114            1
1988 02 27 27.9300 29.4300 29.3600      0.5307       0.0600    3.1186            1
1988 02 28 27.9000 29.2600 29.1900      0.3769       0.0000    2.8300            1
1988 02 29 27.7700 29.1900 29.1700      0.3441       0.0000    2.5471            1
1988 03 01 27.7100 29.2400 29.2300      0.2100       0.0000    2.3500            1
1988 03 02 27.7300 29.3100 29.2400      0.2679       0.0000    2.3500            1
1988 03 03 27.6000 28.7400 28.6700     -0.3517       0.0000    2.3500            1
1988 03 04 27.3700 28.4700 28.4100     -0.6100       0.0000    2.3500            1
1988 03 05 27.5300 28.6100 28.3700     -0.2083       0.0000    2.3500            0
1988 03 06 27.5500 29.1900 28.6200      0.2817       0.0000    2.3500            0
1988 03 07 27.5500 29.3200 28.7200      0.3821       0.0000    2.3500            0
1988 03 08 27.5700 29.2800 28.7400      0.4269       0.0000    2.3500            0
1988 03 09 27.7600 29.2500 28.7700      0.4466       0.0000    2.3500            0
1988 03 10 27.9900 29.2700 29.2400      0.1986       0.0000    2.3500            0
1988 03 11 28.1000 29.4000 29.3100      0.2928       0.0000    2.3500            0
1988 03 12 27.8800 29.4400 29.2300      0.2779       0.0000    2.3500            0
1988 03 13 27.7200 29.4300 29.2300      0.2814       0.0000    2.1557            0
1988 03 14 27.6000 29.4600 29.3200      0.3121       0.0000    2.0086            0
1988 03 15 27.7900 29.4000 29.3300      0.3100       0.0000    1.8629            0
1988 03 16 27.9800 29.4600 29.3400      0.3535       0.0200    1.7086            1
1988 03 17 28.3000 29.4400 29.2700      0.2971       0.0000    1.5043            1
1988 03 18 28.3600 30.0700 29.7700      0.7597       0.4400    1.3343            1
1988 03 19 28.3300 30.0600 29.8300      0.8629       0.5200    1.1700            1
1988 03 20 28.2700 30.0100 29.7900      0.7661       0.4600    1.1700            1
1988 03 21 28.3700 29.6000 29.4100      0.3494       0.0700    1.1700            1
1988 03 22 28.2100 29.6600 29.4200      0.3526       0.0800    1.1700            1
1988 03 23 28.1200 29.3400 29.1600      0.0984       0.0000    1.1700            1
1988 03 24 27.8200 29.0900 28.9600     -0.0910       0.0000    1.1700            1
1988 03 25 27.4300 29.0900 29.0700     -0.0377       0.0000    1.1700            1
1988 03 26 27.4300 29.1600 29.1300      0.0155       0.0000    1.1700            1
1988 03 27 26.9800 29.5200 29.3500      0.5342       0.1100    1.1700            1
1988 03 28 26.6700 29.8900 29.7900      0.9787       0.5600    1.1700            1
1988 03 29 26.8400 29.9200 29.8400      1.0132       0.6000    1.1700            1
1988 03 30 27.3200 30.0600 29.9600      1.0835       0.6900    1.1700            1
1988 03 31 27.8000 29.5200 29.5000      0.6374       0.2600    1.1700            1
1988 04 01 27.8400 29.8600 29.5600      0.4403       0.2300    1.1700            1
1988 04 02 27.8000 29.9700 29.5900      0.4481       0.2500    1.1700            1
1988 04 03 27.5100 29.9200 29.5700      0.4513       0.2400    1.1700            1
1988 04 04 27.7400 29.5000 29.3400      0.2010       0.0100    1.1700            1
1988 04 05 27.7800 29.4400 29.3100      0.5258       0.0900    1.1700            1
1988 04 06 28.1100 30.2500 30.1100      0.9910       0.7800    1.0271            1
1988 04 07 27.9800 29.5800 29.4700      0.3290       0.1500    1.0271            1
1988 04 08 28.0200 29.4900 29.4500      0.2652       0.1100    1.0271            1
1988 04 09 28.1500 29.5600 29.4800      0.5426       0.2300    1.0271            1
1988 04 10 28.2900 29.4500 29.4000      0.4319       0.1500    0.8757            1
1988 04 11 28.0200 29.4900 29.3500      0.2145       0.0500    0.8757            1
1988 04 12 27.6400 29.4600 29.3000      0.1584       0.0000    0.8757            1
1988 04 13 27.7200 29.4800 29.3000      0.1635       0.0000    0.8757            1
1988 04 14 27.9700 29.6900 29.5800      0.4268       0.2500    0.8757            1
1988 04 15 28.2500 29.9500 29.7800      0.6000       0.4700    0.8757            1
1988 04 16 28.0900 30.0900 29.9500      1.1017       0.8600    0.8757            1
1988 04 17 28.0600 30.1000 30.0500      1.2093       0.9200    0.8757            1
1988 04 18 27.9200 29.9900 29.9800      1.1590       0.8800    0.8757            1
1988 04 19 27.7500 29.3100 29.0600      0.4787       0.1600    0.8757            1
1988 04 20 27.9400 29.4000 29.3700      0.1217       0.0300    0.8757            1
1988 04 21 28.0500 29.6200 29.5100      0.2580       0.1700    0.8757            1
1988 04 22 27.8400 29.8200 29.5700      0.3320       0.2400    0.8757            1
1988 04 23 27.8000 29.6300 29.2600      0.0547       0.0000    0.7143            1
1988 04 24 28.2000 29.7200 29.3700      0.1750       0.0700    0.7143            1
1988 04 25 28.6500 29.7800 29.7500      0.4700       0.4100    0.5400            1
1988 04 26 28.8000 30.1300 29.9300      0.6987       0.6100    0.5400            1
1988 04 27 28.6300 29.7800 29.5700      0.3300       0.2400    0.5400            1
1988 04 28 28.8600 29.6300 29.5800      0.3023       0.2400    0.3629            1
1988 04 29 28.8500 29.4700 29.4100      0.2533       0.1200    0.1529            1
1988 04 30 28.5900 29.5500 29.4200      0.3250       0.1800    0.0000            1
1988 05 01 28.6400 29.7600 29.6400      0.4773       0.3700    0.0000            1
1988 05 02 28.3300 29.3200 29.2300     -0.0523       0.0000    0.0000            1
1988 05 03 27.4000 29.0900 28.9000     -0.2320       0.0000    0.0000            1
1988 05 04 27.7700 29.0700 28.9100     -0.3623       0.0000    0.0000            1
1988 05 05 27.9400 29.2300 28.9800     -0.2300       0.0000    0.0000            1
1988 05 06 28.0600 29.2400 29.1800      0.2140       0.1000    0.0000            1
1988 05 07 28.1600 29.4200 29.3300      0.3560       0.2600    0.0000            1
1988 05 08 28.0400 29.2000 29.0900      0.2080       0.1100    0.0000            1
1988 05 09 28.1700 29.5000 29.2100      0.1720       0.0400    0.0000            1
1988 05 10 28.2100 29.4900 29.0200      0.3883       0.0800    0.0000            1
1988 05 11 28.5000 29.6400 29.4600      0.3740       0.3300    0.0000            1
1988 05 12 27.5600 29.8200 29.5700      0.4920       0.4600    0.0000            1
1988 05 13 27.8000 29.8900 29.7700      0.7153       0.6900    0.0000            1
1988 05 14 27.5100 29.4500 29.1500      0.2253       0.2100    0.0000            1
1988 05 15 27.5000 29.3200 29.1900     -0.0400       0.0000    0.0000            1
1988 05 16 27.6900 29.1600 29.0400     -0.2648       0.0000    0.0000            1
1988 05 17 28.0600 29.1100 29.0200     -0.2155       0.0000    0.0000            1
1988 05 18 28.4500 29.2800 29.2500      0.0168       0.0100    0.0000            1
1988 05 19 28.7800 29.5300 29.1700      0.2987       0.2600    0.0000            1
1988 05 20 28.8900 29.5800 29.4000      0.3294       0.3100    0.0000            1
1988 05 21 29.1200 29.6700 29.6000      0.5132       0.4900    0.0000            1
1988 05 22 28.7400 29.6300 29.5600      0.8887       0.6300    0.0000            1
1988 05 23 28.7300 29.6700 29.5300      0.8397       0.6000    0.0000            1
1988 05 24 28.1200 29.3600 29.2200      0.5313       0.2900    0.0000            1
1988 05 25 28.4800 29.4100 29.3200      0.1126       0.0900    0.0000            1
1988 05 26 28.4800 29.6000 29.4300      0.2313       0.2100    0.0000            1
1988 05 27 28.8300 30.0900 29.9200      0.7232       0.7000    0.0000            1
1988 05 28 28.9800 30.3600 30.2600      1.0652       1.0400    0.1486            2
1988 05 29 29.1900 30.3300 30.3300      1.1216       1.0900    0.3043            2
1988 05 30 29.4600 30.2200 30.2200      1.0187       0.9800    0.3043            2
1988 05 31 29.0000 30.3600 30.2800      1.0813       1.0400    0.4529            2
1988 06 01 28.6100 29.9600 29.9500      0.7484       0.7100    0.4529            2
1988 06 02 28.4000 29.6300 29.5300      0.4516       0.4400    0.4529            2
1988 06 03 28.0900 29.3900 29.3000      0.2323       0.2200    0.4529            2
1988 06 04 27.8100 29.4100 29.2400      0.2300       0.2300    0.4529            2
1988 06 05 27.6000 29.2600 29.1500      0.1400       0.1400    0.4529            2
1988 06 06 27.2300 29.6100 29.4800      0.2997       0.2500    0.4529            2
1988 06 07 27.2500 29.6300 29.5200      0.3319       0.2800    0.4529            1
1988 06 08 27.1800 29.6000 29.5700      0.3897       0.3200    0.4529            1
1988 06 09 27.5000 29.6300 29.5900      0.4126       0.3400    0.4529            1
1988 06 10 27.5800 28.9400 28.8000     -0.4813       0.0000    0.4529            1
1988 06 11 27.8200 29.3900 29.3300      0.0523       0.0000    0.4529            1
1988 06 12 27.7500 29.5100 29.4400      0.1723       0.1000    0.4529            1
1988 06 13 28.1400 29.7400 29.6500      0.3768       0.3300    0.4529            1
1988 06 14 28.1900 29.7100 29.6200      0.3484       0.3000    0.4529            1
1988 06 15 28.0800 29.4800 29.3900      0.1200       0.0700    0.4529            1
1988 06 16 27.8900 29.3100 28.8400      0.0900       0.0000    0.4529            1
1988 06 17 27.6700 29.2600 29.1400     -0.1120       0.0000    0.4529            1
1988 06 18 27.7500 29.1000 29.0200     -0.2140       0.0000    0.4529            1
1988 06 19 27.7600 28.9700 28.8800     -0.3540       0.0000    0.4529            1
1988 06 20 27.2100 28.8700 28.7600     -0.4667       0.0000    0.4529            1
1988 06 21 27.7700 29.4300 29.2600      0.0360       0.0000    0.4529            1
1988 06 22 28.1800 29.6400 29.5000      0.2777       0.1800    0.4529            1
1988 06 23 27.9000 29.3600 29.3100      0.1093       0.0000    0.4529            1
1988 06 24 27.7300 29.1900 29.1700     -0.0190       0.0000    0.4529            1
1988 06 25 27.7500 29.0800 28.9800     -0.2000       0.0000    0.4529            1
1988 06 26 27.7700 28.8300 28.8300     -0.3373       0.0000    0.4529            1
1988 06 27 27.8400 28.9900 28.9700     -0.1920       0.0000    0.4529            1
1988 06 28 27.1900 29.0300 28.9200     -0.2387       0.0000    0.4529            1
1988 06 29 26.9300 28.6500 28.5500     -0.4873       0.0000    0.4529            0
1988 06 30 26.8400 28.7300 28.7100     -0.4350       0.0000    0.4529            0
1988 07 01 27.1900 29.2300 29.1000      0.1053       0.0000    0.4529            0
1988 07 02 27.5400 29.3800 29.3400      0.3303       0.0600    0.4529            1
1988 07 03 27.7000 29.3700 29.3400      0.3460       0.0700    0.4529            1
1988 07 04 27.4100 29.1100 28.9800     -0.1090       0.0000    0.4529            1
1988 07 05 26.9600 28.8500 28.7600     -0.3267       0.0000    0.4529            1
1988 07 06 27.1000 28.6900 28.5900     -0.4880       0.0000    0.4529            1
1988 07 07 27.6400 28.9900 28.8100     -0.2620       0.0000    0.4529            1
1988 07 08 27.9700 29.4100 29.2300      0.1693       0.0000    0.4529            1
1988 07 09 27.7200 29.2300 29.0700      0.0180       0.0000    0.4529            1
1988 07 10 27.6200 29.1500 29.0000     -0.0433       0.0000    0.4529            0
1988 07 11 27.1700 28.9300 28.8100     -0.2173       0.0000    0.4529            0
1988 07 12 27.1000 29.1000 28.9100     -0.0120       0.0000    0.4529            0
1988 07 13 26.8200 29.1300 28.9000     -0.0147       0.0000    0.4529            0
1988 07 14 26.9700 28.7700 28.6400     -0.3787       0.0000    0.4529            0
1988 07 15 26.9900 28.9100 28.8100     -0.1900       0.0000    0.4529            0
1988 07 16 27.1000 28.6100 28.4400     -0.5777       0.0000    0.4529            0
1988 07 17 27.1200 28.6400 28.3400     -0.6461       0.0000    0.4529            0
1988 07 18 26.5900 28.0300 27.9700     -0.8803       0.0000    0.4529            0
1988 07 19 26.3200 28.1600 28.1500     -0.6710       0.0000    0.4529            0
1988 07 20 26.5900 28.1900 28.1900     -0.6219       0.0000    0.4529            0
1988 07 21 26.7600 28.5200 28.5200     -0.2903       0.0000    0.4529            0
1988 07 22 26.7900 28.6600 28.5900     -0.2119       0.0000    0.4529            0
1988 07 23 27.1600 28.9900 28.8700      0.0584       0.0000    0.4529            0
1988 07 24 26.8400 28.4400 28.3400     -0.4139       0.0000    0.4529            0
1988 07 25 28.0100 28.4500 28.3900     -0.3710       0.0000    0.4529            0
1988 07 26 27.9500 28.9200 28.9000      0.0690       0.0000    0.4529            0
1988 07 27 27.6200 28.3800 28.3800     -0.4835       0.0000    0.4529            0
1988 07 28 27.5100 28.3200 28.3100     -0.5581       0.0000    0.4529            0
1988 07 29 27.3100 28.1200 28.0900     -0.7668       0.0000    0.4529            0
1988 07 30 27.2400 27.6900 27.6100     -1.1416       0.0000    0.4529            0
1988 07 31 27.1800 27.6500 27.5400     -1.2084       0.0000    0.4529            0
1988 08 01 26.9900 27.6300 27.5700     -1.1481       0.0000    0.4529            0
1988 08 02 27.1200 27.6800 27.5400     -1.3352       0.0000    0.4529            0
1988 08 03 27.0700 29.2000 29.0800      0.1068       0.0000    0.4529            0
1988 08 04 27.4100 29.1700 29.0900      0.1387       0.0000    0.4529            0
1988 08 05 27.1300 28.7000 28.6600     -0.3094       0.0000    0.4529            0
1988 08 06 27.6300 28.8200 28.7700     -0.1803       0.0000    0.4529            0
1988 08 07 27.5500 28.5100 28.4600     -0.4881       0.0000    0.4529            0
1988 08 08 27.4100 28.5100 28.4300     -0.2813       0.0000    0.4529            0
1988 08 09 27.5000 28.5000 28.4700     -0.2558       0.0000    0.4529            0
1988 08 10 27.5000 28.5600 28.5100     -0.3513       0.0000    0.4529            0
1988 08 11 27.9100 28.7500 28.7100     -0.2277       0.0000    0.4529            0
1988 08 12 27.8400 28.7700 28.7600     -0.1858       0.0000    0.4529            0
1988 08 13 28.2500 28.8500 28.8400      0.1181       0.0000    0.4529            0
1988 08 14 28.0300 28.6500 28.4000     -0.3187       0.0000    0.4529            0
1988 08 15 27.5600 28.1200 27.8400     -0.8300       0.0000    0.4529            0
1988 08 16 27.3300 27.9400 27.6100     -1.0965       0.0000    0.4529            0
1988 08 17 27.2800 27.7800 27.5600     -1.1535       0.0000    0.4529            0
1988 08 18 27.4800 28.1800 27.8400     -0.8784       0.0000    0.4529            0
1988 08 19 27.5600 28.4500 28.4500     -0.5184       0.0000    0.4529            0
1988 08 20 27.5400 28.4700 28.4300     -0.5371       0.0000    0.3043            0
1988 08 21 27.2700 27.9600 27.9000     -0.9645       0.0000    0.1486            0
1988 08 22 27.1100 28.2000 28.1500     -0.8397       0.0000    0.1486            0
1988 08 23 27.1600 28.1200 27.8900     -0.8694       0.0000    0.0000            0
1988 08 24 27.4700 28.5600 28.5000     -0.2752       0.0000    0.0000            0
1988 08 25 27.8600 29.1500 29.1300      0.2990       0.0000    0.0000            0
1988 08 26 28.4400 29.8100 29.7900      0.9484       0.5400    0.0000            1
1988 08 27 28.4000 29.8300 29.7600      0.9387       0.5400    0.0000            1
1988 08 28 28.5300 29.6200 29.5800      0.6058       0.4100    0.0000            1
1988 08 29 29.0600 29.7900 29.5900      0.7771       0.5000    0.0000            1
1988 08 30 29.1300 29.8200 29.8000      0.8097       0.6500    0.0000            1
1988 08 31 28.5200 29.3200 29.1200      0.3158       0.1900    0.0000            1
1988 09 01 27.9600 29.0000 28.9300      0.0794       0.0000    0.0000            1
1988 09 02 27.7500 28.9400 28.8900      0.0023       0.0000    0.0000            1
1988 09 03 27.2900 28.4500 28.4300     -0.4548       0.0000    0.0000            1
1988 09 04 27.4600 28.4700 28.4600     -0.4384       0.0000    0.0000            1
1988 09 05 27.6200 28.6100 28.5300     -0.3055       0.0000    0.0000            1
1988 09 06 27.5200 28.6500 28.6200     -0.2574       0.0000    0.0000            1
1988 09 07 27.7800 28.5600 28.5400     -0.3010       0.0000    0.0000            0
1988 09 08 27.7200 28.6400 28.3400     -0.4971       0.0000    0.0000            0
1988 09 09 27.4900 28.9500 28.9400     -0.0216       0.0000    0.0000            0
1988 09 10 28.1000 29.3900 29.3600      0.3687       0.0900    0.0000            1
1988 09 11 28.4900 29.5300 29.2600      0.3919       0.3500    0.0000            1
1988 09 12 28.5700 29.4900 29.3700      0.4874       0.4300    0.0000            1
1988 09 13 28.6300 29.4200 29.3300      0.4416       0.4100    0.0000            1
1988 09 14 28.8800 29.5600 29.4100      0.5261       0.5200    0.0000            1
1988 09 15 28.9300 29.6900 29.4200      0.5400       0.5400    0.0000            1
1988 09 16 28.7800 29.5400 29.5100      0.3240       0.2800    0.0000            1
1988 09 17 28.4400 29.2200 29.0100      0.1173       0.1100    0.0000            1
1988 09 18 28.2700 28.7700 28.6000     -0.3390       0.0000    0.0000            1
1988 09 19 27.8900 28.5000 28.3300     -0.6187       0.0000    0.0000            1
1988 09 20 28.4700 29.1000 28.8400     -0.0550       0.0000    0.0000            1
1988 09 21 29.1600 29.7700 29.7200      0.5500       0.3800    0.0000            1
1988 09 22 29.1000 29.9900 29.5900      0.7467       0.7000    0.0000            1
1988 09 23 28.9800 29.8700 29.7000      0.8080       0.7600    0.0000            1
1988 09 24 28.6200 29.2900 29.1000      0.2140       0.1600    0.0000            1
1988 09 25 28.5200 29.2200 29.0400      0.1600       0.1000    0.0000            1
1988 09 26 28.2900 29.0900 29.0300     -0.1007       0.0000    0.0000            1
1988 09 27 28.2200 29.0800 28.7000     -0.1540       0.0000    0.0000            1
1988 09 28 27.5500 28.9100 28.9000     -0.2600       0.0000    0.0000            1
1988 09 29 27.3200 28.5900 28.4300     -0.6940       0.0000    0.0000            1
1988 09 30 27.1200 28.3400 28.3300     -0.8450       0.0000    0.0000            1
1988 10 01 27.2000 28.3700 28.3300     -0.8453       0.0000    0.0000            1
1988 10 02 27.2400 28.3600 28.3200     -0.8400       0.0000    0.0000            0
1988 10 03 27.0700 28.2800 28.2100     -0.9400       0.0000    0.0000            0
1988 10 04 26.8300 28.0900 28.0100     -1.1500       0.0000    0.0000            0
1988 10 05 26.8500 29.1200 28.8800     -0.2633       0.0000    0.0000            0
1988 10 06 26.6400 29.0300 28.8100     -0.3260       0.0000    0.0000            0
1988 10 07 26.6200 28.8200 28.6200     -0.5227       0.0000    0.0000            0
1988 10 08 26.6500 28.5300 28.3400     -0.8023       0.0000    0.0000            0
1988 10 09 26.4900 28.2200 28.0800     -1.0720       0.0000    0.0000            0
1988 10 10 26.8800 28.2400 28.0900     -1.0700       0.0000    0.0000            0
1988 10 11 27.0500 28.2800 28.1500     -1.0013       0.0000    0.0000            0
1988 10 12 27.6000 28.5800 28.5500     -0.6200       0.0000    0.0000            0
1988 10 13 27.6000 28.6900 28.6400     -0.5293       0.0000    0.0000            0
1988 10 14 27.6000 28.4800 28.4600     -0.5613       0.0000    0.0000            0
1988 10 15 27.3500 28.5300 28.0400     -0.7300       0.0000    0.0000            0
1988 10 16 27.3000 28.5900 28.0500     -0.7258       0.0000    0.0000            0
1988 10 17 26.7600 28.6400 28.4200     -0.7106       0.0000    0.0000            0
1988 10 18 26.3600 28.1300 28.0900     -1.0729       0.0000    0.0000            0
1988 10 19 26.2900 28.2700 28.0100     -1.0510       0.0000    0.0000            0
1988 10 20 26.6300 28.5600 28.3700     -0.8084       0.0000    0.0000            0
1988 10 21 26.7400 28.5100 28.3200     -0.8581       0.0000    0.0000            0
1988 10 22 26.4000 28.2700 28.0200     -1.0113       0.0000    0.0000            0
1988 10 23 26.1300 27.8400 27.7400     -1.2903       0.0000    0.0000            0
1988 10 24 26.3000 27.9300 27.8100     -1.3129       0.0000    0.0000            0
1988 10 25 26.0800 27.7400 27.6500     -1.4732       0.0000    0.0000            0
1988 10 26 25.7700 27.5400 27.4600     -1.6635       0.0000    0.0000            0
1988 10 27 25.8100 27.8600 27.7300     -1.3939       0.0000    0.0000            0
1988 10 28 25.7200 28.1200 27.9600     -1.1642       0.0000    0.0000            0
1988 10 29 26.0200 28.4700 28.2800     -0.8445       0.0000    0.0000            0
1988 10 30 26.3100 28.4000 28.2300     -0.8948       0.0000    0.0000            0
1988 10 31 26.4500 28.4000 28.2500     -0.8752       0.0000    0.0000            0
1988 11 01 26.6800 28.4700 28.3200     -0.8055       0.0000    0.0000            0
1988 11 02 26.4900 28.3200 28.1400     -0.9842       0.0000    0.0000            0
1988 11 03 26.3200 28.0400 27.8600     -1.2777       0.0000    0.0000            0
1988 11 04 25.9600 27.9000 27.6600     -1.4635       0.0000    0.0000            0
1988 11 05 25.8000 27.6900 27.2800     -1.6571       0.0000    0.0000            0
1988 11 06 25.9800 27.8100 27.5400     -1.5829       0.0000    0.0000            0
1988 11 07 26.0400 28.0500 27.7300     -1.3926       0.0000    0.0000            0
1988 11 08 26.1400 28.1900 27.8800     -1.2500       0.0000    0.0000            0
1988 11 09 26.0900 28.0300 27.7900     -1.3419       0.0000    0.0000            0
1988 11 10 26.3800 27.9900 27.9300     -1.2652       0.0000    0.0000            0
1988 11 11 26.3400 27.9000 27.8800     -1.2826       0.0000    0.0000            0
1988 11 12 26.2000 27.8400 27.8300     -1.3410       0.0000    0.0000            0
1988 11 13 26.4100 27.9900 27.8400     -1.3013       0.0000    0.0000            0
1988 11 14 26.2200 27.5700 27.5000     -1.2413       0.0000    0.0000            0
1988 11 15 26.0600 27.6100 27.3400     -1.4200       0.0000    0.0000            0
1988 11 16 26.2700 27.5700 27.5000     -1.4623       0.0000    0.0000            0
1988 11 17 26.4500 27.5200 27.5100     -1.5513       0.0000    0.0000            0
1988 11 18 26.7900 27.5400 27.3300     -1.6080       0.0000    0.0000            0
1988 11 19 26.5900 27.4100 27.3700     -1.7000       0.0000    0.0000            0
1988 11 20 26.7500 27.5900 27.4600     -1.4817       0.0000    0.0000            0
1988 11 21 26.8100 27.6100 27.4300     -1.5340       0.0000    0.0000            0
1988 11 22 26.4900 27.6500 27.5500     -1.5100       0.0000    0.0000            0
1988 11 23 26.1600 27.5100 27.4200     -1.6473       0.0000    0.0000            0
1988 11 24 26.4800 28.1000 27.9000     -1.1630       0.0000    0.0000            0
1988 11 25 26.8100 28.3800 28.1900     -0.8733       0.0000    0.0000            0
1988 11 26 26.5600 28.0400 27.9000     -1.1637       0.0000    0.0000            0
1988 11 27 26.4600 27.7900 27.7500     -1.3160       0.0000    0.0000            0
1988 11 28 26.1900 27.6600 27.6300     -1.4400       0.0000    0.0000            0
1988 11 29 26.2400 27.9600 27.8200     -1.3680       0.0000    0.0000            0
1988 11 30 26.4400 28.3600 28.1500     -1.0200       0.0000    0.0000            0
1988 12 01 26.7600 28.6400 28.4500     -0.7380       0.0000    0.0000            0
1988 12 02 26.7300 28.5600 28.3800     -0.8110       0.0000    0.0000            0
1988 12 03 25.8400 28.1400 28.0300     -1.0480       0.0000    0.0000            0
1988 12 04 26.1300 28.3800 28.2700     -0.9307       0.0000    0.0000            0
1988 12 05 26.0700 28.4400 28.3100     -0.8800       0.0000    0.0000            0
1988 12 06 25.8000 28.3700 28.1900     -0.9930       0.0000    0.0000            0
1988 12 07 25.6800 28.0800 27.8900     -1.1873       0.0000    0.0000            0
1988 12 08 25.7600 28.0100 27.9800     -1.2630       0.0000    0.0000            0
1988 12 09 25.8800 28.1300 28.0100     -1.0640       0.0000    0.0000            0
1988 12 10 25.2900 27.8800 27.7500     -1.3417       0.0000    0.0000            0
1988 12 11 25.5800 27.7500 27.5800     -1.5147       0.0000    0.0000            0
1988 12 12 25.8300 27.7100 27.6600     -1.4080       0.0000    0.0000            0
1988 12 13 26.3200 29.0000 28.6800     -0.5247       0.0000    0.0000            0
1988 12 14 26.4600 28.6200 28.1900     -0.6693       0.0000    0.0000            0
1988 12 15 26.3100 28.3200 28.2200     -1.0200       0.0000    0.0000            0
1988 12 16 26.6200 28.1800 28.1600     -0.9129       0.0000    0.0000            0
1988 12 17 26.6500 28.1300 28.0900     -0.9677       0.0000    0.0000            0
1988 12 18 26.5500 28.1800 28.1400     -0.9097       0.0000    0.0000            0
1988 12 19 26.1700 27.9100 27.8300     -1.2129       0.0000    0.0000            0
1988 12 20 26.5800 28.2400 28.2400     -0.8094       0.0000    0.0000            0
1988 12 21 26.6900 28.8100 28.7100     -0.3194       0.0000    0.0000            0
1988 12 22 26.6900 28.9100 28.8300     -0.1894       0.0000    0.0000            0
1988 12 23 26.2300 28.5500 28.4300     -0.5858       0.0000    0.0000            0
1988 12 24 26.1500 28.2700 28.2000     -0.8219       0.0000    0.0000            0
1988 12 25 26.0500 27.9600 27.9400     -1.2390       0.0000    0.0000            0
1988 12 26 25.9400 27.9600 27.8500     -1.3013       0.0000    0.0000            0
1988 12 27 25.9500 27.8400 27.7500     -1.4010       0.0000    0.0000            0
1988 12 28 25.8900 27.8700 27.7600     -1.2352       0.0000    0.0000            0
1988 12 29 25.9000 27.9600 27.9000     -1.2106       0.0000    0.0000            0
1988 12 30 26.0000 28.2800 28.2700     -0.8287       0.0000    0.0000            0
1988 12 31 26.0800 28.3000 28.2800     -0.8465       0.0000    0.0000            0
1989 01 01 26.2300 28.2500 28.2400     -0.8794       0.0000    0.0000            0
1989 01 02 26.3700 28.1800 28.1600     -0.9581       0.0000    0.0000            0
1989 01 03 26.2300 27.8400 27.8200     -1.2813       0.0000    0.0000            0
1989 01 04 26.8600 28.5600 28.5100     -0.4977       0.0000    0.0000            0
1989 01 05 26.4500 28.4600 28.4100     -0.6474       0.0000    0.0000            0
1989 01 06 26.5000 28.5300 28.4800     -0.5910       0.0000    0.0000            0
1989 01 07 26.3400 28.4600 28.4300     -0.6168       0.0000    0.0000            0
1989 01 08 26.1900 28.3600 28.2300     -0.8219       0.0000    0.0000            0
1989 01 09 26.1300 28.2900 28.1300     -0.9245       0.0000    0.0000            0
1989 01 10 26.0000 28.1600 27.9700     -1.0587       0.0000    0.0000            0
1989 01 11 26.0200 28.1100 27.9200     -1.0835       0.0000    0.0000            0
1989 01 12 25.9700 27.3500 27.1800     -1.8413       0.0000    0.0000            0
1989 01 13 26.1300 27.4500 27.3900     -1.6442       0.0000    0.0000            0
1989 01 14 25.9900 27.2500 27.2100     -1.8271       0.0000    0.0000            0
1989 01 15 25.9800 27.3100 27.2600     -1.7300       0.0000    0.0000            0
1989 01 16 25.9700 27.2400 27.2300     -1.7584       0.0000    0.0000            0
1989 01 17 25.9400 27.2700 27.1700     -1.8206       0.0000    0.0000            0
1989 01 18 25.8700 27.1700 27.0700     -1.9010       0.0000    0.0000            0
1989 01 19 26.0200 27.2400 27.1500     -1.8439       0.0000    0.0000            0
1989 01 20 25.9100 27.2900 27.2200     -1.7916       0.0000    0.0000            0
1989 01 21 25.9700 27.2700 27.1300     -1.8477       0.0000    0.0000            0
1989 01 22 25.7500 27.7600 27.5000     -1.4590       0.0000    0.0000            0
1989 01 23 25.9700 27.8800 27.6200     -1.3152       0.0000    0.0000            0
1989 01 24 26.0300 27.9200 27.6900     -1.2826       0.0000    0.0000            0
1989 01 25 26.1500 27.8300 27.6400     -1.3429       0.0000    0.0000            0
1989 01 26 26.2700 27.8100 27.6600     -1.3335       0.0000    0.0000            0
1989 01 27 26.3300 27.8900 27.7500     -1.2439       0.0000    0.0000            0
1989 01 28 26.3100 27.6700 27.4900     -1.3590       0.0000    0.0000            0
1989 01 29 26.1800 27.7700 27.4300     -1.3948       0.0000    0.0000            0
1989 01 30 25.7500 27.4300 27.1400     -1.8355       0.0000    0.0000            0
1989 01 31 25.6900 27.5500 27.0800     -1.7642       0.0000    0.0000            0
1989 02 01 25.4500 27.6600 27.3800     -1.5890       0.0000    0.0000            0
1989 02 02 25.4500 28.2500 27.8600     -0.9868       0.0000    0.0000            0
1989 02 03 25.6000 28.1700 27.8400     -0.9916       0.0000    0.0000            0
1989 02 04 25.5500 27.8900 27.5100     -1.3242       0.0000    0.0000            0
1989 02 05 25.6400 27.7400 27.4400     -1.5629       0.0000    0.0000            0
1989 02 06 25.6500 27.6400 27.4500     -1.3742       0.0000    0.0000            0
1989 02 07 25.9200 28.0000 27.9000     -0.9652       0.0000    0.0000            0
1989 02 08 25.9900 28.1000 28.0700     -0.8735       0.0000    0.0000            0
1989 02 09 26.1800 28.0500 27.9100     -0.9500       0.0000    0.0000            0
1989 02 10 26.4800 28.1500 28.0500     -0.9465       0.0000    0.0000            0
1989 02 11 26.2300 27.9900 27.9000     -0.9500       0.0000    0.0000            0
1989 02 12 25.8100 27.8900 27.7500     -1.2390       0.0000    0.0000            0
1989 02 13 25.7300 27.8200 27.6600     -1.3013       0.0000    0.0000            0
1989 02 14 25.4500 27.8100 27.5700     -1.3619       0.0000    0.0000            0
1989 02 15 25.4300 27.9300 27.6700     -1.2700       0.0000    0.0000            0
1989 02 16 25.6000 27.9700 27.7500     -1.1914       0.0000    0.0000            0
1989 02 17 25.5600 27.6600 27.4800     -1.4729       0.0000    0.0000            0
1989 02 18 25.7900 27.7800 27.5900     -1.2493       0.0000    0.0000            0
1989 02 19 26.1400 27.7000 27.6200     -1.3871       0.0000    0.0000            0
1989 02 20 26.2400 27.9200 27.7400     -1.0829       0.0000    0.0000            0
1989 02 21 26.3000 28.7400 28.6600     -0.2786       0.0000    0.0000            0
1989 02 22 26.6300 28.8000 28.7100     -0.2300       0.0000    0.0000            0
1989 02 23 26.3900 28.6400 28.5300     -0.4114       0.0000    0.0000            0
1989 02 24 26.3100 28.1500 28.0000     -0.9464       0.0000    0.0000            0
1989 02 25 26.1800 27.9400 27.7600     -1.2043       0.0000    0.0000            0
1989 02 26 26.0900 27.8700 27.6800     -1.2857       0.0000    0.0000            0
1989 02 27 26.3500 28.0500 27.8900     -1.0771       0.0000    0.0000            0
1989 02 28 26.5500 28.1500 27.9900     -0.9779       0.0000    0.0000            0
1989 03 01 26.5700 28.2200 28.0500     -0.9200       0.0000    0.0000            0
1989 03 02 27.0600 28.3700 28.2500     -0.7421       0.0000    0.0000            0
1989 03 03 26.6400 28.2000 28.0000     -0.9986       0.0000    0.0000            0
1989 03 04 26.1700 28.3000 28.0800     -0.9404       0.0000    0.0000            0
1989 03 05 26.1100 28.3000 28.1100     -0.8821       0.0000    0.0000            0
1989 03 06 25.9900 27.7400 27.5600     -1.4607       0.0000    0.0000            0
1989 03 07 25.5200 27.2800 27.2300     -1.7929       0.0000    0.0000            0
1989 03 08 25.1700 27.2000 27.1200     -1.9000       0.0000    0.0000            0
1989 03 09 25.3700 27.4300 27.2600     -1.7579       0.0000    0.0000            0
1989 03 10 25.3700 27.8000 27.5600     -1.4600       0.0000    0.0000            0
1989 03 11 25.7400 28.2300 27.9500     -0.9529       0.0000    0.0000            0
1989 03 12 25.8900 28.1200 27.8400     -1.1800       0.0000    0.0000            0
1989 03 13 25.9300 28.1300 27.8600     -1.1114       0.0000    0.0000            0
1989 03 14 26.0200 28.1200 27.8600     -1.0800       0.0000    0.0000            0
1989 03 15 26.2900 28.1700 27.8500     -0.9200       0.0000    0.0000            0
1989 03 16 26.1700 28.1800 27.9300     -0.8248       0.0000    0.0000            0
1989 03 17 26.0400 28.1800 27.9500     -0.8097       0.0000    0.0000            0
1989 03 18 25.7700 28.1800 27.9900     -0.7745       0.0000    0.0000            0
1989 03 19 25.7100 28.1000 27.9700     -0.8119       0.0000    0.0000            0
1989 03 20 25.6700 28.1700 28.0100     -0.7442       0.0000    0.0000            0
1989 03 21 25.7700 28.1600 27.9900     -0.7829       0.0000    0.0000            0
1989 03 22 25.8500 28.3500 28.1400     -0.6161       0.0000    0.0000            0
1989 03 23 26.3300 28.5200 28.4700     -0.5839       0.0000    0.0000            0
1989 03 24 26.6900 28.9000 28.8100      0.0106       0.0000    0.0000            0
1989 03 25 26.9000 28.7700 28.7100     -0.0948       0.0000    0.0000            0
1989 03 26 26.3800 28.5200 28.4500     -0.3703       0.0000    0.0000            0
1989 03 27 26.1300 28.4600 28.3900     -0.4158       0.0000    0.0000            0
1989 03 28 26.2500 28.8100 28.7400     -0.0913       0.0000    0.0000            0
1989 03 29 26.4000 28.8200 28.7500     -0.1419       0.0000    0.0000            0
1989 03 30 26.7400 29.2100 29.1100      0.2387       0.0000    0.0000            0
1989 03 31 26.7200 29.3300 29.2400      0.3613       0.0000    0.0000            0
1989 04 01 26.4500 29.1300 29.0800      0.1594       0.0000    0.0000            0
1989 04 02 26.3700 29.0500 28.9100      0.0165       0.0000    0.0000            0
1989 04 03 26.4900 29.1000 28.9100      0.0229       0.0000    0.0000            0
1989 04 04 26.7600 29.0700 28.9000     -0.0019       0.0000    0.0000            0
1989 04 05 26.1800 28.3000 28.1200     -0.7826       0.0000    0.0000            0
1989 04 06 26.3200 28.0700 27.9200     -1.0032       0.0000    0.0000            0
1989 04 07 26.5800 28.2900 28.1700     -1.0084       0.0000    0.0000            0
1989 04 08 26.5300 28.3200 28.0700     -0.9013       0.0000    0.0000            0
1989 04 09 26.7900 28.8900 28.6400     -0.5332       0.0000    0.0000            0
1989 04 10 26.8500 28.9100 28.6700     -0.5094       0.0000    0.0000            0
1989 04 11 26.9600 29.2300 29.1000     -0.0855       0.0000    0.0000            0
1989 04 12 26.8900 28.7200 28.6800     -0.5216       0.0000    0.0000            0
1989 04 13 26.8900 28.6300 28.5700     -0.6165       0.0000    0.0000            0
1989 04 14 26.7000 28.4400 28.3700     -0.8232       0.0000    0.0000            0
1989 04 15 26.4300 28.0800 27.9700     -1.2100       0.0000    0.0000            0
1989 04 16 26.3400 28.0800 27.8900     -1.2753       0.0000    0.0000            0
1989 04 17 26.4500 28.0600 27.8300     -1.3020       0.0000    0.0000            0
1989 04 18 26.8600 28.5100 28.3200     -0.8940       0.0000    0.0000            0
1989 04 19 27.1700 28.9000 28.6700     -0.5113       0.0000    0.0000            0
1989 04 20 27.2700 28.9100 28.7000     -0.5050       0.0000    0.0000            0
1989 04 21 26.8600 28.4700 28.0500     -1.1320       0.0000    0.0000            0
1989 04 22 26.5400 28.6100 28.2500     -0.8583       0.0000    0.0000            0
1989 04 23 26.7100 28.6100 28.2000     -0.9953       0.0000    0.0000            0
1989 04 24 26.4700 28.1200 27.8100     -0.9000       0.0000    0.0000            0
1989 04 25 26.9200 28.3200 28.0500     -0.8733       0.0000    0.0000            0
1989 04 26 26.1100 27.6500 27.6300     -1.5180       0.0000    0.0000            0
1989 04 27 26.2400 27.5800 27.5000     -1.5980       0.0000    0.0000            0
1989 04 28 26.1100 27.2700 27.1800     -2.0507       0.0000    0.0000            0
1989 04 29 26.3500 27.4800 27.4500     -1.7120       0.0000    0.0000            0
1989 04 30 26.2200 27.6600 27.6200     -1.5350       0.0000    0.0000            0
1989 05 01 27.3300 27.9000 27.6600     -1.1607       0.0000    0.0000            0
1989 05 02 27.5100 27.8200 27.6400     -1.0543       0.0000    0.0000            0
1989 05 03 27.4500 28.6000 28.5600     -0.7400       0.0000    0.0000            0
1989 05 04 27.4400 28.7100 28.6700     -0.6097       0.0000    0.0000            0
1989 05 05 27.4600 28.6700 28.6500     -0.6600       0.0000    0.0000            0
1989 05 06 27.6200 28.6700 28.5100     -0.5240       0.0000    0.0000            0
1989 05 07 27.7500 28.7300 28.5800     -0.5367       0.0000    0.0000            0
1989 05 08 27.6000 28.6700 28.5300     -0.5983       0.0000    0.0000            0
1989 05 09 27.6800 28.4300 28.3700     -0.6960       0.0000    0.0000            0
1989 05 10 27.7100 28.6200 28.5800     -0.7233       0.0000    0.0000            0
1989 05 11 27.9400 29.1500 29.1200     -0.2080       0.0000    0.0000            0
1989 05 12 28.3200 29.5500 29.5300      0.3200       0.2900    0.0000            1
1989 05 13 28.4200 29.7300 29.7200      0.4067       0.4000    0.0000            1
1989 05 14 28.5500 29.5900 29.5700      0.2437       0.2400    0.0000            1
1989 05 15 28.7300 29.6600 29.5900      0.2600       0.2600    0.0000            1
1989 05 16 28.6200 29.5300 29.4600      0.1223       0.1200    0.0000            1
1989 05 17 28.5300 29.5600 29.4200      0.1113       0.1100    0.0000            1
1989 05 18 27.6400 29.0000 28.9000     -0.4332       0.0000    0.0000            1
1989 05 19 27.3600 28.8100 28.6800     -0.6423       0.0000    0.0000            1
1989 05 20 27.1100 28.5100 28.3700     -0.9587       0.0000    0.0000            1
1989 05 21 27.3200 28.6200 28.5800     -0.7465       0.0000    0.0000            1
1989 05 22 27.8300 28.8700 28.8200     -0.5042       0.0000    0.0000            1
1989 05 23 27.5100 28.7700 28.7300     -0.5919       0.0000    0.0000            1
1989 05 24 27.5700 28.9000 28.8700     -0.4497       0.0000    0.0000            0
1989 05 25 27.4600 28.6900 28.6200     -0.6906       0.0000    0.0000            0
1989 05 26 28.0100 28.8500 28.7900     -0.4958       0.0000    0.0000            0
1989 05 27 28.1300 28.9700 28.9100     -0.3900       0.0000    0.0000            0
1989 05 28 28.1300 29.0200 28.9500     -0.3374       0.0000    0.0000            0
1989 05 29 27.8700 29.1900 29.0100     -0.1352       0.0000    0.0000            0
1989 05 30 28.0700 29.0700 28.9200     -0.2584       0.0000    0.0000            0
1989 05 31 28.4000 29.0100 28.9400     -0.1965       0.0000    0.0000            0
1989 06 01 27.7800 28.8200 28.7500     -0.5516       0.0000    0.0000            0
1989 06 02 27.5200 28.7900 28.6800     -0.6152       0.0000    0.0000            0
1989 06 03 27.3800 28.7600 28.6100     -0.6932       0.0000    0.0000            0
1989 06 04 27.1100 28.3500 28.2100     -1.0677       0.0000    0.0000            0
1989 06 05 26.9500 28.2800 28.1300     -1.1494       0.0000    0.0000            0
1989 06 06 26.8300 28.4900 28.4000     -0.8874       0.0000    0.0000            0
1989 06 07 27.1500 28.8900 28.6900     -0.5877       0.0000    0.0000            0
1989 06 08 27.7400 28.7800 28.6500     -0.6368       0.0000    0.0000            0
1989 06 09 27.9700 29.0300 28.9800     -0.3035       0.0000    0.0000            0
1989 06 10 28.1900 29.3000 29.1300     -0.0429       0.0000    0.0000            0
1989 06 11 27.6400 28.4600 28.4000     -0.7703       0.0000    0.0000            0
1989 06 12 27.2500 28.3900 28.3100     -0.8587       0.0000    0.0000            0
1989 06 13 27.0800 28.3700 28.3300     -0.9432       0.0000    0.0000            0
1989 06 14 26.9700 28.2100 28.1900     -0.9716       0.0000    0.0000            0
1989 06 15 27.0000 28.4100 28.3500     -0.5500       0.0000    0.0000            0
1989 06 16 26.7600 28.1500 28.1300     -0.7147       0.0000    0.0000            0
1989 06 17 26.8000 28.7300 28.6600     -0.1213       0.0000    0.0000            0
1989 06 18 26.8800 28.6400 28.5100     -0.2570       0.0000    0.0000            0
1989 06 19 27.2700 28.5800 28.5000     -0.4820       0.0000    0.0000            0
1989 06 20 27.3900 28.6000 28.3600     -0.6350       0.0000    0.0000            0
1989 06 21 27.1700 28.3800 28.3400     -0.8760       0.0000    0.0000            0
1989 06 22 27.1900 27.9700 27.7900     -1.0503       0.0000    0.0000            0
1989 06 23 26.8500 27.7100 27.5900     -1.4973       0.0000    0.0000            0
1989 06 24 26.9900 28.0700 28.0100     -1.1020       0.0000    0.0000            0
1989 06 25 27.0700 28.2000 28.1300     -0.9300       0.0000    0.0000            0
1989 06 26 27.2500 28.6600 28.4800     -0.6963       0.0000    0.0000            0
1989 06 27 27.3300 28.6400 28.4400     -0.7300       0.0000    0.0000            0
1989 06 28 27.7000 29.1400 28.9000     -0.1830       0.0000    0.0000            0
1989 06 29 27.6300 29.3900 29.3700      0.2213       0.0300    0.0000            1
1989 06 30 27.6300 29.0000 28.9300     -0.2100       0.0000    0.0000            1
1989 07 01 27.3600 28.5000 28.4300     -0.7007       0.0000    0.0000            1
1989 07 02 27.6000 28.7000 28.6200     -0.5013       0.0000    0.0000            1
1989 07 03 27.9700 29.1400 29.0500     -0.0680       0.0000    0.0000            1
1989 07 04 27.9200 29.0500 28.9500     -0.1527       0.0000    0.0000            1
1989 07 05 27.7800 29.1100 28.9300     -0.1567       0.0000    0.0000            1
1989 07 06 27.5800 28.6900 28.5300     -0.5470       0.0000    0.0000            0
1989 07 07 27.3900 28.7800 28.6400     -0.4393       0.0000    0.0000            0
1989 07 08 27.5200 28.7800 28.7600     -0.3207       0.0000    0.0000            0
1989 07 09 27.1200 28.3900 28.2300     -0.5060       0.0000    0.0000            0
1989 07 10 27.1400 28.5200 28.4900     -0.2600       0.0000    0.0000            0
1989 07 11 27.7600 28.7000 28.5000     -0.2600       0.0000    0.0000            0
1989 07 12 27.9300 28.9300 28.8600     -0.1760       0.0000    0.0000            0
1989 07 13 27.9900 28.8600 28.7600     -0.2587       0.0000    0.0000            0
1989 07 14 27.3600 28.5200 28.4100     -0.5990       0.0000    0.0000            0
1989 07 15 27.1400 28.2400 28.1800     -0.8200       0.0000    0.0000            0
1989 07 16 27.2600 28.2700 28.2500     -0.7577       0.0000    0.0000            0
1989 07 17 27.3400 28.2900 28.2600     -0.7555       0.0000    0.0000            0
1989 07 18 27.5600 28.5700 28.5700     -0.4342       0.0000    0.0000            0
1989 07 19 27.5200 28.4000 28.2600     -0.6597       0.0000    0.0000            0
1989 07 20 27.6200 28.2300 28.0500     -0.7339       0.0000    0.0000            0
1989 07 21 27.7500 28.2200 28.0200     -0.7848       0.0000    0.0000            0
1989 07 22 27.2400 28.2300 28.2100     -0.5906       0.0000    0.0000            0
1989 07 23 27.0400 28.0800 27.9900     -0.7497       0.0000    0.0000            0
1989 07 24 26.9900 28.0300 27.8800     -0.9123       0.0000    0.0000            0
1989 07 25 27.0100 27.9400 27.7300     -1.0377       0.0000    0.0000            0
1989 07 26 27.1300 27.9200 27.7300     -0.9635       0.0000    0.0000            0
1989 07 27 27.2700 28.1000 27.9200     -0.7877       0.0000    0.0000            0
1989 07 28 26.8700 27.9500 27.8800     -0.8342       0.0000    0.0000            0
1989 07 29 27.6100 28.1200 28.0700     -0.6290       0.0000    0.0000            0
1989 07 30 27.5400 28.1800 28.0100     -0.7048       0.0000    0.0000            0
1989 07 31 27.7000 28.4000 28.1000     -0.6000       0.0000    0.0000            0
1989 08 01 27.4000 28.2600 28.0800     -0.6200       0.0000    0.0000            0
1989 08 02 27.4100 28.1000 28.0700     -0.6458       0.0000    0.0000            0
1989 08 03 27.2900 28.0900 28.0600     -0.6484       0.0000    0.0000            0
1989 08 04 27.2100 28.0100 27.9800     -0.7206       0.0000    0.0000            0
1989 08 05 27.2700 27.9800 27.9700     -0.7429       0.0000    0.0000            0
1989 08 06 27.9400 29.0600 28.7800     -0.0832       0.0000    0.0000            0
1989 08 07 27.8900 29.0400 28.8800     -0.0755       0.0000    0.0000            0
1989 08 08 26.9300 27.7700 27.7200     -1.2181       0.0000    0.0000            0
1989 08 09 27.3400 27.9100 27.6800     -1.0342       0.0000    0.0000            0
1989 08 10 27.5800 28.2800 28.2300     -0.6145       0.0000    0.0000            0
1989 08 11 27.7100 28.5400 28.5100     -0.4377       0.0000    0.0000            0
1989 08 12 27.4600 28.4900 28.4500     -0.5058       0.0000    0.0000            0
1989 08 13 27.3100 28.4900 28.3400     -0.5752       0.0000    0.0000            0
1989 08 14 27.2500 28.1300 28.0300     -0.9123       0.0000    0.0000            0
1989 08 15 27.3100 28.2300 27.6700     -1.0200       0.0000    0.0000            0
1989 08 16 27.2800 27.7800 27.7200     -0.9868       0.0000    0.0000            0
1989 08 17 27.0800 27.7200 27.7200     -1.0316       0.0000    0.0000            0
1989 08 18 26.5500 27.3300 27.1800     -1.7813       0.0000    0.0000            0
1989 08 19 26.4900 27.6500 27.3400     -1.6184       0.0000    0.0000            0
1989 08 20 26.9300 28.0400 27.8100     -1.1723       0.0000    0.0000            0
1989 08 21 27.3600 28.0000 27.7200     -1.0103       0.0000    0.0000            0
1989 08 22 27.3100 27.7900 27.6500     -1.0929       0.0000    0.0000            0
1989 08 23 27.2200 27.7500 27.6700     -1.0648       0.0000    0.0000            0
1989 08 24 27.3100 27.9100 27.8700     -0.8935       0.0000    0.0000            0
1989 08 25 27.4600 27.9800 27.8700     -0.8881       0.0000    0.0000            0
1989 08 26 27.3900 28.4900 28.4400     -0.5681       0.0000    0.0000            0
1989 08 27 27.2500 28.2100 28.1900     -0.8252       0.0000    0.0000            0
1989 08 28 27.5200 28.4100 28.4000     -0.5716       0.0000    0.0000            0
1989 08 29 27.5700 28.2500 28.0800     -0.7058       0.0000    0.0000            0
1989 08 30 27.2300 28.1800 28.0500     -0.7516       0.0000    0.0000            0
1989 08 31 27.2300 28.1400 28.1300     -0.6939       0.0000    0.0000            0
1989 09 01 27.0100 28.2500 28.2300     -0.5861       0.0000    0.0000            0
1989 09 02 27.0700 28.3900 28.3900     -0.4552       0.0000    0.0000            0
1989 09 03 27.6900 28.5200 28.3700     -0.6677       0.0000    0.0000            0
1989 09 04 27.9800 28.7700 28.6000     -0.4500       0.0000    0.0000            0
1989 09 05 27.9500 28.5500 28.2600     -0.6094       0.0000    0.0000            0
1989 09 06 27.5700 28.3700 28.3500     -0.7503       0.0000    0.0000            0
1989 09 07 27.6600 28.2900 27.9300     -0.9110       0.0000    0.0000            0
1989 09 08 27.3300 28.2900 27.9400     -0.8871       0.0000    0.0000            0
1989 09 09 27.2700 28.2000 27.8800     -0.9732       0.0000    0.0000            0
1989 09 10 27.1300 28.1800 28.1600     -0.9697       0.0000    0.0000            0
1989 09 11 27.2000 28.0300 28.0000     -1.1377       0.0000    0.0000            0
1989 09 12 27.1600 28.0400 28.0000     -1.0377       0.0000    0.0000            0
1989 09 13 27.1900 28.5400 28.4300     -0.7065       0.0000    0.0000            0
1989 09 14 27.0600 28.5500 28.3700     -0.7732       0.0000    0.0000            0
1989 09 15 27.1000 28.2600 28.0900     -1.0600       0.0000    0.0000            0
1989 09 16 27.1200 28.1600 28.1400     -1.0460       0.0000    0.0000            0
1989 09 17 27.4000 28.3400 28.3300     -0.8247       0.0000    0.0000            0
1989 09 18 27.4500 28.3700 28.3700     -0.5790       0.0000    0.0000            0
1989 09 19 27.7300 28.5600 28.5500     -0.4000       0.0000    0.0000            0
1989 09 20 27.6200 28.6700 28.6100     -0.3917       0.0000    0.0000            0
1989 09 21 28.2700 29.0400 28.8400     -0.1060       0.0000    0.0000            0
1989 09 22 28.4100 29.0900 29.0900     -0.0797       0.0000    0.0000            0
1989 09 23 28.5800 29.1200 28.9700      0.0933       0.0400    0.0000            1
1989 09 24 28.5700 29.1800 29.1200     -0.0380       0.0000    0.0000            1
1989 09 25 28.2700 28.8400 28.6000     -0.2867       0.0000    0.0000            1
1989 09 26 27.7500 28.7200 28.3000     -0.5567       0.0000    0.0000            1
1989 09 27 27.6700 28.7000 28.6700     -0.4900       0.0000    0.0000            1
1989 09 28 27.5600 28.5700 28.5600     -0.4827       0.0000    0.0000            1
1989 09 29 27.5900 28.4600 28.4500     -0.5760       0.0000    0.0000            1
1989 09 30 27.4500 28.4300 28.4300     -0.6100       0.0000    0.0000            0
1989 10 01 27.6200 28.8000 28.7900     -0.2440       0.0000    0.0000            0
1989 10 02 27.6600 28.8400 28.8400     -0.1973       0.0000    0.0000            0
1989 10 03 27.9300 29.6400 29.5700      0.4320       0.2500    0.0000            1
1989 10 04 28.0700 29.5000 29.3900      0.2527       0.0700    0.0000            1
1989 10 05 27.9300 29.3000 29.2600      0.1233       0.0000    0.0000            1
1989 10 06 27.8200 29.0200 28.9900     -0.1460       0.0000    0.0000            1
1989 10 07 27.7600 28.9200 28.9000     -0.2673       0.0000    0.0000            1
1989 10 08 27.7300 28.6400 28.5900     -0.5523       0.0000    0.0000            1
1989 10 09 27.7900 28.6200 28.5900     -0.5780       0.0000    0.0000            1
1989 10 10 27.9500 28.9300 28.6000     -0.2000       0.0000    0.0000            1
1989 10 11 27.7500 28.8500 28.7800     -0.3007       0.0000    0.0000            0
1989 10 12 27.7100 28.8200 28.7600     -0.4000       0.0000    0.0000            0
1989 10 13 28.0300 28.5700 28.3500     -0.5513       0.0000    0.0000            0
1989 10 14 27.9000 28.5100 28.5100     -0.4503       0.0000    0.0000            0
1989 10 15 27.6800 28.9000 28.8000     -0.3400       0.0000    0.0000            0
1989 10 16 27.3100 29.0200 28.9300     -0.2187       0.0000    0.0000            0
1989 10 17 27.8900 29.1400 29.0900     -0.0381       0.0000    0.0000            0
1989 10 18 28.2000 29.3000 29.2800      0.1061       0.0000    0.0000            0
1989 10 19 28.2300 29.3200 29.1700     -0.0087       0.0000    0.0000            0
1989 10 20 28.1800 29.8200 29.4900      0.4735       0.2500    0.0000            1
1989 10 21 28.1700 29.6600 29.3900      0.3723       0.1500    0.0000            1
1989 10 22 27.8300 29.4700 29.2400      0.2155       0.0100    0.0000            1
1989 10 23 27.7500 29.1100 28.9600     -0.0703       0.0000    0.0000            1
1989 10 24 28.4000 29.3400 29.2300      0.1984       0.0000    0.0000            1
1989 10 25 28.0700 29.1300 29.0200     -0.0294       0.0000    0.0000            1
1989 10 26 28.1400 29.2900 29.1700      0.0335       0.0000    0.0000            1
1989 10 27 28.1900 29.3100 29.0500      0.0071       0.0000    0.0000            1
1989 10 28 28.4900 29.3000 29.2000      0.0258       0.0000    0.0000            1
1989 10 29 28.5200 29.1500 29.1000     -0.0310       0.0000    0.0000            0
1989 10 30 28.4900 29.1900 29.0900      0.1203       0.0000    0.0000            0
1989 10 31 28.1400 29.1500 29.1500      0.1197       0.0000    0.0000            0
1989 11 01 28.2000 28.8700 28.8100     -0.1510       0.0000    0.0000            0
1989 11 02 27.9400 28.6200 28.4600     -0.4816       0.0000    0.0000            0
1989 11 03 27.7600 28.5100 28.3200     -0.5868       0.0000    0.0000            0
1989 11 04 27.6700 28.7200 28.6000     -0.5271       0.0000    0.0000            0
1989 11 05 27.6100 28.8800 28.8300     -0.3368       0.0000    0.0000            0
1989 11 06 27.5600 28.8400 28.7600     -0.3345       0.0000    0.0000            0
1989 11 07 27.7500 29.0400 28.9700     -0.2148       0.0000    0.0000            0
1989 11 08 27.7400 29.0400 28.9800     -0.1800       0.0000    0.0000            0
1989 11 09 27.3900 28.9400 28.9200     -0.2419       0.0000    0.0000            0
1989 11 10 27.2200 28.7800 28.7600     -0.2855       0.0000    0.0000            0
1989 11 11 27.7300 28.9300 28.9200     -0.0274       0.0000    0.0000            0
1989 11 12 27.6800 29.1700 29.0800     -0.0819       0.0000    0.0000            0
1989 11 13 27.5200 29.1600 29.0000     -0.0629       0.0000    0.0000            0
1989 11 14 27.4200 29.4400 29.2500      0.2006       0.0000    0.0000            0
1989 11 15 27.3600 29.3600 29.1800      0.1300       0.0000    0.0000            0
1989 11 16 27.5000 28.9100 28.7300     -0.3207       0.0000    0.0000            0
1989 11 17 27.4600 28.5100 28.4900     -0.6020       0.0000    0.0000            0
1989 11 18 27.1800 28.3500 28.3100     -0.7630       0.0000    0.0000            0
1989 11 19 26.6300 28.2100 27.9000     -0.9440       0.0000    0.0000            0
1989 11 20 26.3900 28.1300 27.8300     -1.0167       0.0000    0.0000            0
1989 11 21 27.3600 28.4800 28.4000     -0.3760       0.0000    0.0000            0
1989 11 22 27.6200 28.5700 28.2000     -0.6177       0.0000    0.0000            0
1989 11 23 27.8300 28.6800 28.3600     -0.2467       0.0000    0.0000            0
1989 11 24 27.9300 28.8600 28.6300      0.0200       0.0000    0.0000            0
1989 11 25 27.4300 28.5500 28.3100     -0.3200       0.0000    0.0000            0
1989 11 26 27.3300 28.5800 28.2200     -0.3867       0.0000    0.0000            0
1989 11 27 27.2800 28.5200 28.2800     -0.3400       0.0000    0.0000            0
1989 11 28 27.3600 28.7400 28.4800     -0.4590       0.0000    0.0000            0
1989 11 29 27.3800 29.2500 28.4900     -0.2260       0.0000    0.0000            0
1989 11 30 27.8000 29.1200 28.6800     -0.2900       0.0000    0.0000            0
1989 12 01 28.1000 29.1400 28.9200     -0.2480       0.0000    0.0000            0
1989 12 02 28.3100 29.1400 28.9700     -0.2167       0.0000    0.0000            0
1989 12 03 28.3100 29.2000 29.0400     -0.1340       0.0000    0.0000            0
1989 12 04 28.2200 28.9700 28.8600     -0.3443       0.0000    0.0000            0
1989 12 05 27.8600 28.9300 28.7900     -0.2867       0.0000    0.0000            0
1989 12 06 27.7300 28.6500 28.6200     -0.4570       0.0000    0.0000            0
1989 12 07 27.6500 28.6400 28.1800     -0.6060       0.0000    0.0000            0
1989 12 08 27.7900 29.2600 28.9900      0.3487       0.0600    0.0000            1
1989 12 09 27.5800 28.8500 28.5000     -0.1480       0.0000    0.0000            1
1989 12 10 27.5300 29.1800 28.7400      0.1033       0.0000    0.0000            1
1989 12 11 27.8800 28.9900 28.5100     -0.1180       0.0000    0.0000            1
1989 12 12 28.0200 28.9700 28.5500     -0.1410       0.0000    0.0000            1
1989 12 13 27.9800 28.7300 28.3100     -0.5140       0.0000    0.0000            1
1989 12 14 28.1000 28.6000 28.5500     -0.4367       0.0000    0.0000            1
1989 12 15 28.1100 28.9100 28.7800     -0.2100       0.0000    0.0000            0
1989 12 16 28.0400 28.9600 28.8600     -0.1371       0.0000    0.0000            0
1989 12 17 28.0700 28.9600 28.8600     -0.1348       0.0000    0.0000            0
1989 12 18 28.2800 29.0400 28.9300     -0.0523       0.0000    0.0000            0
1989 12 19 28.6300 29.4400 29.4200      0.3771       0.1700    0.0000            1
1989 12 20 28.3700 29.2900 29.2400      0.1819       0.0000    0.0000            1
1989 12 21 28.4800 29.7600 29.5000      0.5539       0.4700    0.0000            1
1989 12 22 28.5300 29.9800 29.6400      0.6968       0.5800    0.0000            1
1989 12 23 28.5100 30.2100 29.9900      0.8400       0.6900    0.0000            1
1989 12 24 28.2300 29.7100 29.5200      0.4945       0.3700    0.0000            1
1989 12 25 28.2100 29.5500 29.4200      0.5165       0.3600    0.0000            1
1989 12 26 28.0500 29.7800 29.5100      0.6377       0.4100    0.0000            1
1989 12 27 28.3100 29.7700 29.7100      0.7113       0.4700    0.0000            1
1989 12 28 28.3200 29.4900 29.4100      0.4181       0.1700    0.0000            1
1989 12 29 28.5400 29.3000 29.1100      0.5700       0.1800    0.0000            1
1989 12 30 28.4100 29.1700 29.0700      0.5152       0.1400    0.0000            1
1989 12 31 28.4100 29.1900 29.1200      0.5852       0.1900    0.0000            1
1990 01 01 28.5900 29.5600 29.3800      0.8500       0.4400    0.0000            1
1990 01 02 28.1800 29.3700 29.1800      0.6500       0.2400    0.0000            1
1990 01 03 27.9700 29.2900 29.1100      0.5661       0.1700    0.0000            1
1990 01 04 27.8200 29.0700 28.7300      0.2500       0.0000    0.0000            1
1990 01 05 27.9600 28.7400 28.6700      0.1203       0.0000    0.0000            1
1990 01 06 27.7800 29.1100 29.0200     -0.0639       0.0000    0.0000            1
1990 01 07 27.6700 28.7300 28.6300      0.1274       0.0000    0.0000            1
1990 01 08 27.8500 28.7400 28.5500      0.1310       0.0000    0.0000            1
1990 01 09 27.6100 28.6700 28.5800      0.2081       0.0000    0.0000            1
1990 01 10 27.1800 28.2900 28.1900     -0.1448       0.0000    0.0000            0
1990 01 11 27.7700 28.5800 28.5200      0.0713       0.0000    0.0000            0
1990 01 12 27.9400 28.6500 28.5900      0.1400       0.0000    0.0000            0
1990 01 13 28.1800 28.9600 28.8000      0.3906       0.0000    0.0000            0
1990 01 14 28.1100 29.0500 28.7800      0.3803       0.0000    0.0000            0
1990 01 15 28.1400 28.9200 28.6300      0.2000       0.0000    0.0000            0
1990 01 16 28.2700 28.9300 28.9100      0.0329       0.0000    0.0000            0
1990 01 17 28.3800 29.4700 29.3800      0.5052       0.1400    0.0000            1
1990 01 18 28.1200 29.1300 29.0100      0.1458       0.0000    0.0000            1
1990 01 19 27.5600 29.0800 28.8700     -0.0639       0.0000    0.0000            1
1990 01 20 27.5300 29.1200 28.9200     -0.0435       0.0000    0.0000            1
1990 01 21 27.6600 29.3000 29.0900      0.1439       0.0000    0.0000            1
1990 01 22 27.8700 29.5000 29.2700      0.3332       0.0000    0.0000            1
1990 01 23 27.8000 29.4500 29.2900      0.3200       0.0000    0.0000            1
1990 01 24 27.7400 29.3700 29.3200      0.4616       0.0700    0.0000            1
1990 01 25 27.3400 29.1500 29.0400      0.1894       0.0000    0.0000            1
1990 01 26 27.3300 29.1000 28.9900      0.1377       0.0000    0.0000            1
1990 01 27 27.3100 28.9900 28.9000      0.0532       0.0000    0.0000            1
1990 01 28 27.2700 28.8400 28.7500     -0.1032       0.0000    0.0000            1
1990 01 29 27.2800 28.8800 28.7600     -0.0874       0.0000    0.0000            1
1990 01 30 27.2500 28.8300 28.7400     -0.1058       0.0000    0.0000            1
1990 01 31 27.2400 28.8600 28.7700     -0.0794       0.0000    0.0000            0
1990 02 01 27.7400 28.8000 28.5900     -0.0584       0.0000    0.0000            0
1990 02 02 27.9400 28.6900 28.6400     -0.2068       0.0000    0.0000            0
1990 02 03 27.8900 28.6200 28.4400     -0.2029       0.0000    0.0000            0
1990 02 04 27.9200 28.6100 28.5000      0.1539       0.0000    0.0000            0
1990 02 05 28.2200 28.7200 28.7200      0.1000       0.0000    0.0000            0
1990 02 06 28.2000 28.8600 28.8200      0.1687       0.0000    0.0000            0
1990 02 07 28.0400 28.7800 28.6900      0.0174       0.0000    0.0000            0
1990 02 08 28.0200 28.9400 28.8500      0.3797       0.0000    0.0000            0
1990 02 09 28.1100 28.9000 28.8100      0.3284       0.0000    0.0000            0
1990 02 10 28.0800 28.8400 28.8300      0.1919       0.0000    0.0000            0
1990 02 11 28.1800 28.7300 28.6400      0.0135       0.0000    0.0000            0
1990 02 12 28.0400 28.6900 28.5400     -0.0929       0.0000    0.0000            0
1990 02 13 27.8600 28.4600 28.4500     -0.3600       0.0000    0.0000            0
1990 02 14 27.8300 28.4500 28.4000     -0.4094       0.0000    0.0000            0
1990 02 15 27.6300 28.3500 28.2600     -0.7400       0.0000    0.0000            0
1990 02 16 27.5000 28.2300 28.1500     -0.8514       0.0000    0.0000            0
1990 02 17 28.8000 29.4300 29.2100      0.9264       0.2600    0.0000            1
1990 02 18 29.2000 29.5600 29.4600      1.0536       0.5800    0.0000            1
1990 02 19 29.1400 29.5500 29.4700      1.0714       0.5900    0.0000            1
1990 02 20 29.2600 30.0700 29.9800      1.5475       1.0800    0.1543            2
1990 02 21 29.0800 30.0100 29.9500      1.5050       1.0400    0.3029            2
1990 02 22 29.2700 30.4900 30.4600      2.2750       1.5200    0.5200            2
1990 02 23 29.3300 30.5400 30.4900      2.3100       1.5500    0.7414            2
1990 02 24 28.9500 30.5800 30.5400      2.3621       1.5900    0.9686            2
1990 02 25 29.3000 30.5800 30.5200      2.3521       1.5800    1.1943            2
1990 02 26 29.3700 30.3800 30.2900      2.1436       1.3400    1.3857            2
1990 02 27 29.4000 30.3000 30.1800      2.0400       1.2500    1.5643            2
1990 02 28 29.3200 30.1200 29.9800      1.8432       1.0400    1.7129            2
1990 03 01 29.0800 30.0300 29.7900      1.6750       0.8600    1.7129            2
1990 03 02 29.0100 29.8400 29.6100      1.5175       0.6800    1.7129            2
1990 03 03 28.6700 29.4000 29.2900      1.2100       0.3600    1.7129            2
1990 03 04 28.7700 29.7600 29.6700      0.8864       0.4200    1.7129            2
1990 03 05 28.7700 29.3700 29.1100      1.0414       0.1700    1.7129            2
1990 03 06 28.5300 29.2100 28.9900      0.9243       0.0400    1.7129            2
1990 03 07 28.6300 29.2600 29.0200      0.9743       0.0700    1.7129            1
1990 03 08 28.2300 29.3300 29.0600      1.0450       0.1300    1.7129            1
1990 03 09 28.0100 29.1600 28.9500      0.9350       0.0200    1.7129            1
1990 03 10 28.1100 29.1300 28.9200      0.9157       0.0000    1.7129            1
1990 03 11 28.1800 29.1200 28.8800      0.8971       0.0000    1.7129            1
1990 03 12 28.2300 29.0600 29.0300      0.0579       0.0000    1.7129            1
1990 03 13 27.5800 29.0400 29.0300     -0.0164       0.0000    1.7129            1
1990 03 14 27.9400 29.2100 29.1600      0.1221       0.0000    1.7129            1
1990 03 15 27.9500 29.3000 29.2100      0.2200       0.0000    1.7129            1
1990 03 16 28.2300 29.6300 29.5900      0.5635       0.2600    1.7129            1
1990 03 17 28.3300 29.3000 28.9300      0.9987       0.0200    1.7129            1
1990 03 18 28.2200 29.4100 29.1400      1.1981       0.2300    1.7129            1
1990 03 19 28.2700 29.5100 29.2500      1.3174       0.3500    1.7129            1
1990 03 20 28.3300 29.4700 29.2400      1.2552       0.3100    1.7129            1
1990 03 21 28.3800 29.6800 29.3800      1.4481       0.5100    1.7129            1
1990 03 22 28.0800 29.0800 28.8600      0.0503       0.0000    1.7129            1
1990 03 23 27.8500 29.1200 29.1000      0.2255       0.0000    1.7129            1
1990 03 24 28.0000 29.2200 29.0800      0.2994       0.0000    1.7129            1
1990 03 25 28.4800 29.6000 29.5400      0.6561       0.2400    1.7129            1
1990 03 26 28.7800 29.5700 29.4500      0.5842       0.1700    1.7129            1
1990 03 27 28.8100 29.4800 29.4400      0.5394       0.1400    1.7129            1
1990 03 28 28.6800 29.2300 29.2000      0.3077       0.0000    1.7129            1
1990 03 29 28.3700 29.1000 29.0700     -0.0213       0.0000    1.7129            1
1990 03 30 28.3200 29.1500 29.0600     -0.0316       0.0000    1.7129            1
1990 03 31 28.2700 29.1800 28.9300      0.2290       0.0000    1.7129            1
1990 04 01 27.6200 29.0500 28.8900     -0.1752       0.0000    1.7129            1
1990 04 02 28.2000 29.2500 29.2200      0.0739       0.0000    1.7129            1
1990 04 03 28.1400 29.3100 29.2600      0.0874       0.0000    1.7129            0
1990 04 04 28.1600 29.1900 29.1600      0.1081       0.0000    1.7129            0
1990 04 05 28.0300 28.9300 28.8400      0.0358       0.0000    1.7129            0
1990 04 06 27.9700 29.1400 28.9300      0.7316       0.0000    1.7129            0
1990 04 07 28.2000 28.9200 28.6200      0.4277       0.0000    1.7129            0
1990 04 08 28.3400 28.9500 28.7600      0.0229       0.0000    1.7129            0
1990 04 09 28.2500 28.9400 28.7300      0.5177       0.0000    1.7129            0
1990 04 10 28.5000 28.9200 28.6800      0.2142       0.0000    1.7129            0
1990 04 11 28.2700 28.9900 28.8600      0.0752       0.0000    1.7129            0
1990 04 12 28.2100 28.9900 28.9700     -0.2406       0.0000    1.7129            0
1990 04 13 28.1100 29.0200 28.9900     -0.2371       0.0000    1.7129            0
1990 04 14 28.4200 29.1700 29.1600      0.1277       0.0000    1.7129            0
1990 04 15 28.5700 29.5000 29.3400      0.3800       0.1100    1.7129            1
1990 04 16 28.5100 29.5800 29.3800      0.4103       0.1300    1.7129            1
1990 04 17 28.2800 29.8400 29.6200      0.6507       0.3800    1.7129            1
1990 04 18 28.2800 29.4900 29.3100      0.3030       0.0600    1.7129            1
1990 04 19 28.4100 29.4500 29.3400      0.1340       0.0300    1.7129            1
1990 04 20 28.6100 30.1800 29.9200      0.7333       0.6000    1.7129            1
1990 04 21 28.5200 30.2500 30.0100      0.8180       0.6900    1.7129            1
1990 04 22 28.5200 30.2900 30.0500      0.8527       0.7300    1.7129            1
1990 04 23 28.1700 29.7300 29.5400      0.2980       0.2100    1.7129            1
1990 04 24 28.4200 29.4400 29.1700      0.5370       0.2700    1.7129            1
1990 04 25 28.5400 29.5200 29.3400      0.7000       0.4500    1.7129            1
1990 04 26 28.8400 29.4700 29.1300      0.4633       0.2100    1.7129            1
1990 04 27 28.8500 29.3400 28.9800      0.2840       0.0700    1.7129            1
1990 04 28 28.3600 29.1600 28.8500      0.3353       0.0000    1.7129            1
1990 04 29 28.4900 29.4700 29.4400      0.3027       0.1800    1.7129            1
1990 04 30 28.6700 29.6500 29.6300      0.4650       0.3400    1.7129            1
1990 05 01 28.6800 29.7300 29.7200      0.5467       0.4300    1.7129            1
1990 05 02 28.3800 29.6100 29.5500      0.4070       0.2900    1.7129            1
1990 05 03 28.0900 29.4900 29.4000      0.1960       0.1000    1.7129            1
1990 05 04 28.0100 29.4100 29.3300      0.0777       0.0300    1.7129            1
1990 05 05 27.9800 29.4200 29.3800      0.1033       0.0600    1.7129            1
1990 05 06 28.0600 29.3100 29.3000     -0.0130       0.0000    1.7129            1
1990 05 07 28.2000 28.9900 28.9400     -0.0847       0.0000    1.7129            1
1990 05 08 28.7000 29.5000 29.4100      0.5480       0.4500    1.7129            1
1990 05 09 28.6200 29.3700 29.3300      0.2620       0.2000    1.7129            1
1990 05 10 28.6800 29.4200 29.4100      0.2300       0.1800    1.7129            1
1990 05 11 28.7300 29.4200 29.4100      0.0820       0.0700    1.7129            1
1990 05 12 28.7500 29.3600 29.3200      0.1200       0.0900    1.7129            1
1990 05 13 28.5000 29.3900 29.2900     -0.0313       0.0000    1.7129            1
1990 05 14 28.4500 29.3000 29.2600     -0.0763       0.0000    1.7129            1
1990 05 15 28.4500 29.1600 29.0800     -0.2400       0.0000    1.5586            1
1990 05 16 28.2700 29.4100 29.3400      0.0023       0.0000    1.4100            1
1990 05 17 28.3200 29.5300 29.4200      0.1126       0.1100    1.1929            1
1990 05 18 28.3000 29.4000 29.0500      0.3971       0.1500    0.9714            1
1990 05 19 28.3000 29.4900 29.3100      0.6023       0.3700    0.7443            1
1990 05 20 29.1600 29.5600 29.4200      0.4529       0.4400    0.5186            1
1990 05 21 29.1000 29.6700 29.5400      0.4619       0.4600    0.3271            1
1990 05 22 28.9700 29.6000 29.5800      0.3416       0.3100    0.1486            1
1990 05 23 28.7300 29.5200 29.5100      0.2129       0.2000    0.0000            1
1990 05 24 28.4800 29.4100 29.3900      0.0703       0.0500    0.0000            1
1990 05 25 28.0900 28.7600 28.6100     -0.4668       0.0000    0.0000            1
1990 05 26 28.1500 28.7700 28.5500     -0.1613       0.0000    0.0000            1
1990 05 27 28.6100 29.5000 29.4000      0.1519       0.0900    0.0000            1
1990 05 28 28.7100 29.7000 29.6000      0.2926       0.2800    0.0000            1
1990 05 29 28.5200 29.4300 29.3300      0.0235       0.0100    0.0000            1
1990 05 30 28.3100 29.2800 28.7200      0.0900       0.0000    0.0000            1
1990 05 31 28.0400 29.1700 29.0500     -0.2442       0.0000    0.0000            1
1990 06 01 28.1000 29.0000 28.9400     -0.3681       0.0000    0.0000            1
1990 06 02 28.0300 28.9500 28.9100     -0.3894       0.0000    0.0000            1
1990 06 03 28.0900 28.6500 28.4900     -0.4194       0.0000    0.0000            1
1990 06 04 27.9100 28.6500 28.5200     -0.3984       0.0000    0.0000            1
1990 06 05 27.6100 28.7300 28.6300     -0.6561       0.0000    0.0000            0
1990 06 06 27.9300 28.7800 28.5100     -0.3300       0.0000    0.0000            0
1990 06 07 28.2600 28.8400 28.6700     -0.1700       0.0000    0.0000            0
1990 06 08 28.6500 29.0100 28.9100      0.0387       0.0000    0.0000            0
1990 06 09 28.7300 29.1200 28.9900     -0.0639       0.0000    0.0000            0
1990 06 10 29.0900 29.7700 29.5500      0.4768       0.4600    0.0000            1
1990 06 11 28.7600 29.6900 29.5600      0.3529       0.3400    0.0000            1
1990 06 12 28.3600 29.1100 29.1000     -0.0135       0.0000    0.0000            1
1990 06 13 28.0000 28.6900 28.5500     -0.1961       0.0000    0.0000            1
1990 06 14 27.8000 28.7700 28.5500     -0.1981       0.0000    0.0000            1
1990 06 15 27.8100 28.8100 28.7600     -0.5200       0.0000    0.0000            1
1990 06 16 27.7500 28.9400 28.9200     -0.3410       0.0000    0.0000            1
1990 06 17 27.9500 28.9600 28.9000     -0.3520       0.0000    0.0000            1
1990 06 18 28.4900 29.2900 29.2300      0.1200       0.0000    0.0000            0
1990 06 19 28.1800 29.1500 29.1100      0.0007       0.0000    0.0000            0
1990 06 20 28.2200 29.4500 29.3600      0.2683       0.0900    0.0000            1
1990 06 21 28.3700 29.5100 29.3800      0.2860       0.0900    0.0000            1
1990 06 22 28.0600 29.0500 29.0300     -0.1693       0.0000    0.0000            1
1990 06 23 28.2900 29.1700 28.8500      0.1147       0.0000    0.0000            1
1990 06 24 27.9900 29.0500 29.0400     -0.1540       0.0000    0.0000            1
1990 06 25 27.9700 29.1300 29.0700     -0.1033       0.0000    0.0000            1
1990 06 26 27.6700 29.0300 28.9300     -0.2437       0.0000    0.0000            1
1990 06 27 28.0800 29.1900 29.1700      0.0180       0.0000    0.0000            1
1990 06 28 28.2800 29.4500 28.7600      0.0463       0.0000    0.0000            0
1990 06 29 28.3700 29.4800 28.8700      0.1200       0.0000    0.0000            0
1990 06 30 28.3200 29.5000 28.9900      0.2150       0.0500    0.0000            1
1990 07 01 28.3200 29.8000 29.4100      0.6353       0.4700    0.0000            1
1990 07 02 28.5700 29.5800 29.5700      0.5087       0.3500    0.0000            1
1990 07 03 28.4600 29.4500 29.3000      0.5640       0.3700    0.0000            1
1990 07 04 28.4200 29.3300 29.3000      0.5263       0.3600    0.0000            1
1990 07 05 28.1800 29.1900 29.1400      0.3533       0.2000    0.0000            1
1990 07 06 27.9700 29.0300 29.0200      0.2310       0.0700    0.0000            1
1990 07 07 27.6300 29.0500 29.0300      0.2420       0.0800    0.0000            1
1990 07 08 27.6800 29.0100 28.9800      0.2423       0.0500    0.0000            1
1990 07 09 27.7700 29.2200 29.1200      0.3820       0.1900    0.0000            1
1990 07 10 27.9600 29.9700 29.8700      0.8233       0.5400    0.0000            1
1990 07 11 28.2800 29.4000 29.3400      0.3113       0.0200    0.0000            1
1990 07 12 28.0800 28.7900 28.7900     -0.2280       0.0000    0.0000            1
1990 07 13 28.0100 28.6000 28.5900     -0.2553       0.0000    0.0000            1
1990 07 14 28.3200 28.8700 28.8400      0.0113       0.0000    0.0000            1
1990 07 15 28.3200 29.1400 29.0800      0.0800       0.0000    0.0000            1
1990 07 16 28.2000 29.1700 29.0300      0.1219       0.0000    0.0000            1
1990 07 17 27.9900 29.1700 29.0200      0.1045       0.0000    0.0000            1
1990 07 18 28.0600 29.0300 28.8700     -0.0432       0.0000    0.0000            0
1990 07 19 28.0700 29.0200 28.9100      0.0003       0.0000    0.0000            0
1990 07 20 28.5000 29.1800 29.0300      0.2777       0.0900    0.0000            1
1990 07 21 28.7300 29.4400 29.3700      0.6213       0.4200    0.0000            1
1990 07 22 28.6600 29.7700 29.7600      0.7635       0.4300    0.0000            1
1990 07 23 28.5400 29.3300 29.3200      0.3406       0.0100    0.0000            1
1990 07 24 28.5100 29.0700 28.9100      0.1932       0.0000    0.0000            1
1990 07 25 28.8100 29.1800 29.0800      0.3935       0.1900    0.0000            1
1990 07 26 28.5500 29.3600 29.2600      0.5665       0.3600    0.0000            1
1990 07 27 28.7200 29.6900 29.4400      0.7623       0.5600    0.0000            1
1990 07 28 28.8100 29.4600 29.3700      0.6716       0.4700    0.0000            1
1990 07 29 28.6100 29.6000 29.5600      0.5771       0.2200    0.0000            1
1990 07 30 28.5700 29.7400 29.7300      0.7639       0.4100    0.0000            1
1990 07 31 28.8900 29.6200 29.3800      0.6948       0.5000    0.0000            1
1990 08 01 28.8900 29.5100 29.3700      0.6945       0.4800    0.0000            1
1990 08 02 28.9200 29.7200 29.5700      0.9284       0.7200    0.0000            1
1990 08 03 28.8800 29.8200 29.7400      1.0552       0.8100    0.0000            1
1990 08 04 28.7700 29.4500 29.3500      0.6287       0.4000    0.0000            1
1990 08 05 28.5600 29.3800 29.2600      0.5406       0.3100    0.0000            1
1990 08 06 28.5900 29.9200 29.7100      0.7426       0.3800    0.0000            1
1990 08 07 28.8500 29.8400 29.5100      0.8352       0.6300    0.0000            1
1990 08 08 29.0100 29.9900 29.8200      1.1223       0.9200    0.0000            1
1990 08 09 29.7400 30.5500 30.4700      1.7700       1.5700    0.2243            2
1990 08 10 29.7400 30.6800 30.6200      1.9216       1.7200    0.4700            2
1990 08 11 29.5400 30.3900 30.3200      1.6213       1.4200    0.6729            2
1990 08 12 29.1100 30.0000 29.8900      1.1910       0.9900    0.6729            2
1990 08 13 28.9900 29.8100 29.7100      1.0106       0.8100    0.6729            2
1990 08 14 28.9500 29.7100 29.6100      0.9203       0.7200    0.6729            2
1990 08 15 28.9800 29.6000 29.5100      0.8100       0.6200    0.6729            2
1990 08 16 29.0100 29.5600 29.4200      0.7242       0.5500    0.6729            2
1990 08 17 29.1300 29.7800 29.4200      0.7171       0.5300    0.6729            2
1990 08 18 28.8200 29.4900 29.4200      0.5281       0.1900    0.6729            1
1990 08 19 28.7000 29.4500 29.3700      0.4090       0.0500    0.6729            1
1990 08 20 28.5400 29.1200 29.1100      0.2100       0.0000    0.6729            1
1990 08 21 28.4100 29.1700 29.0800      0.3597       0.1500    0.6729            1
1990 08 22 28.3300 28.7500 28.6200     -0.1229       0.0000    0.6729            1
1990 08 23 28.2300 29.1400 29.1000      0.3529       0.1600    0.6729            1
1990 08 24 28.2300 28.8000 28.8000     -0.1442       0.0000    0.6729            1
1990 08 25 28.5100 29.4800 29.2700      0.5029       0.3200    0.6729            1
1990 08 26 28.6400 29.0900 29.0600      0.1006       0.0000    0.6729            1
1990 08 27 28.7400 29.1000 28.8400      0.0626       0.0000    0.6729            1
1990 08 28 28.5600 29.1400 29.0600      0.0784       0.0000    0.6729            1
1990 08 29 28.6700 29.1400 28.9300      0.1397       0.0300    0.6729            1
1990 08 30 28.7700 29.1300 28.9600      0.1635       0.0500    0.6729            1
1990 08 31 28.7000 28.9400 28.8900      0.0816       0.0000    0.6729            1
1990 09 01 28.3800 28.9400 28.8300      0.0174       0.0000    0.6729            1
1990 09 02 28.2000 28.8700 28.7700     -0.0468       0.0000    0.6729            1
1990 09 03 28.3700 28.8000 28.7100     -0.1126       0.0000    0.6729            1
1990 09 04 28.3600 29.0300 28.8400     -0.0213       0.0000    0.6729            1
1990 09 05 28.6100 29.3200 29.0100      0.1981       0.1400    0.6729            1
1990 09 06 28.9700 29.5400 29.4600      0.6110       0.5500    0.6729            1
1990 09 07 28.8500 29.4300 29.3800      0.5316       0.4800    0.6729            1
1990 09 08 28.7300 29.1800 29.1300      0.2674       0.2200    0.6729            1
1990 09 09 28.4300 29.1200 29.1200      0.0361       0.0000    0.6729            1
1990 09 10 28.3200 29.1500 28.8500     -0.0365       0.0000    0.6729            1
1990 09 11 28.3900 29.1400 28.9700      0.0513       0.0100    0.6729            1
1990 09 12 28.4400 29.2600 28.8400     -0.0106       0.0000    0.6729            1
1990 09 13 28.7300 29.2700 29.2600      0.0826       0.0400    0.6729            1
1990 09 14 28.2300 29.0900 29.0900     -0.0597       0.0000    0.6729            1
1990 09 15 28.3100 29.1200 28.9800      0.0500       0.0500    0.6729            1
1990 09 16 28.2100 29.2700 29.0500      0.1053       0.1000    0.6729            1
1990 09 17 28.2000 29.2000 29.1400     -0.0300       0.0000    0.6729            1
1990 09 18 28.0000 28.9500 28.9300     -0.2400       0.0000    0.6729            1
1990 09 19 27.7400 29.1300 29.0400     -0.1087       0.0000    0.6729            1
1990 09 20 27.8600 29.2100 29.1700      0.0000       0.0000    0.6729            1
1990 09 21 28.2200 29.5500 29.3600      0.4640       0.4300    0.6729            1
1990 09 22 28.4900 29.3200 29.2600      0.3643       0.3200    0.6729            1
1990 09 23 28.3800 29.3200 29.3000      0.1613       0.1300    0.6729            1
1990 09 24 28.5800 29.2100 28.7800     -0.0700       0.0000    0.6729            1
1990 09 25 28.5100 29.3400 29.3300      0.1933       0.1500    0.6729            1
1990 09 26 28.6100 29.4300 29.3100      0.4570       0.3800    0.6729            1
1990 09 27 28.6700 29.6600 29.5900      0.7080       0.6400    0.6729            1
1990 09 28 28.6600 29.5500 29.2900      0.4510       0.3600    0.6729            1
1990 09 29 28.4300 29.4200 29.3100      0.4687       0.3800    0.6729            1
1990 09 30 28.5600 30.0900 29.7800      0.9400       0.8500    0.6729            1
1990 10 01 28.5600 29.7500 29.3700      0.5467       0.4400    0.6729            1
1990 10 02 28.5100 29.5900 29.5100      0.3980       0.3100    0.6729            1
1990 10 03 28.8000 29.4500 29.4300      0.3160       0.2500    0.6729            1
1990 10 04 29.0500 29.5400 29.4500      0.6170       0.5100    0.6729            1
1990 10 05 29.1100 29.6300 29.5800      0.7400       0.6500    0.6729            1
1990 10 06 28.8800 29.3900 29.2800      0.4670       0.3900    0.6729            1
1990 10 07 28.6000 29.2800 29.1600      0.3507       0.2700    0.6729            1
1990 10 08 28.3600 29.1000 29.0100     -0.0840       0.0000    0.6729            1
1990 10 09 28.3400 29.1300 29.0500     -0.0380       0.0000    0.6729            1
1990 10 10 28.6500 29.4800 29.4800      0.5533       0.4300    0.6729            1
1990 10 11 28.6800 29.8800 29.8200      0.9087       0.8100    0.6729            1
1990 10 12 29.0000 29.7600 29.6900      0.7680       0.6800    0.6729            1
1990 10 13 29.1400 29.7400 29.7200      0.7793       0.6600    0.6729            1
1990 10 14 29.0100 29.3500 29.1000      0.3657       0.2400    0.6729            1
1990 10 15 28.5800 29.2200 29.1300      0.0700       0.0000    0.6729            1
1990 10 16 28.7200 29.4400 29.1400      0.2000       0.0300    0.6729            1
1990 10 17 28.6600 29.4700 29.1300      0.1900       0.0200    0.6729            1
1990 10 18 28.5700 29.3000 29.2100      0.4745       0.2700    0.6729            1
1990 10 19 28.4100 29.1200 29.0000      0.2252       0.1000    0.6729            1
1990 10 20 28.9400 29.3300 29.2900      0.3668       0.1800    0.6729            1
1990 10 21 29.0600 29.6200 29.5900      0.4181       0.2700    0.6729            1
1990 10 22 29.1200 29.8100 29.7200      0.5900       0.3900    0.6729            1
1990 10 23 28.8300 29.5900 29.5000      0.3674       0.1700    0.6729            1
1990 10 24 29.0000 29.5800 29.5700      0.3942       0.2400    0.6729            1
1990 10 25 28.6300 29.4400 29.3800      0.3942       0.1500    0.6729            1
1990 10 26 28.7200 29.5100 29.3300      0.4365       0.2700    0.6729            1
1990 10 27 29.1100 29.9200 29.7600      0.7232       0.5700    0.6729            1
1990 10 28 28.8900 29.6500 29.5900      0.4184       0.2900    0.6729            1
1990 10 29 28.4300 29.4500 29.4200      0.2545       0.1100    0.6729            1
1990 10 30 27.9400 29.0200 29.0000     -0.1800       0.0000    0.6729            1
1990 10 31 28.5500 29.2500 29.1800      0.1461       0.0000    0.6729            1
1990 11 01 28.4900 29.4000 29.2800      0.6223       0.3500    0.4486            1
1990 11 02 28.9500 29.6200 29.5900      0.7568       0.6200    0.2029            1
1990 11 03 29.1000 29.9700 29.9100      1.0655       0.9500    0.0000            1
1990 11 04 29.1200 30.3900 30.2100      1.3877       1.2900    0.1843            2
1990 11 05 29.1000 30.0800 29.9700      1.0732       0.9600    0.1843            2
1990 11 06 29.1900 29.8600 29.7800      0.8358       0.7400    0.1843            2
1990 11 07 28.9400 29.5600 29.4300      0.5952       0.5100    0.1843            2
1990 11 08 28.9800 29.6500 29.5600      0.5845       0.4700    0.1843            2
1990 11 09 28.9000 29.6200 29.5700      0.6039       0.4900    0.1843            2
1990 11 10 29.2800 29.9200 29.9000      0.7032       0.5800    0.1843            2
1990 11 11 28.7900 29.4700 29.2300      0.5745       0.2900    0.1843            1
1990 11 12 28.4000 29.1800 29.1800      0.0471       0.0000    0.1843            1
1990 11 13 28.1200 29.2300 29.1700      0.0587       0.0000    0.1843            1
1990 11 14 28.1200 28.9700 28.7200      0.0661       0.0000    0.1843            1
1990 11 15 28.2800 29.2400 29.1500      0.5600       0.2200    0.1843            1
1990 11 16 28.5000 29.3500 29.1900      0.2570       0.0800    0.1843            1
1990 11 17 28.7600 29.3600 29.2300      0.2847       0.1200    0.1843            1
1990 11 18 28.5700 29.3100 29.2000      0.2720       0.1100    0.1843            1
1990 11 19 28.4000 29.4400 29.2600      0.3080       0.1400    0.1843            1
1990 11 20 28.0300 29.2400 28.7600      0.0983       0.0000    0.1843            1
1990 11 21 28.1000 29.5600 29.2900      0.3420       0.1800    0.1843            1
1990 11 22 28.1200 29.6600 29.4200      0.4713       0.3100    0.1843            1
1990 11 23 28.6900 29.6600 29.5300      0.9287       0.6000    0.1843            1
1990 11 24 28.7300 29.6100 29.5600      0.5790       0.4200    0.1843            1
1990 11 25 28.5700 29.4800 29.4500      0.7700       0.5000    0.1843            1
1990 11 26 29.0000 29.5200 29.4000      0.7307       0.4600    0.1843            1
1990 11 27 28.9200 29.9600 29.5000      0.8340       0.5500    0.1843            1
1990 11 28 29.2600 30.0200 29.9000      0.7140       0.5700    0.1843            1
1990 11 29 29.0700 30.1700 29.8700      0.9327       0.8800    0.1843            1
1990 11 30 28.8200 29.9600 29.9100      0.7000       0.5700    0.1843            1
1990 12 01 29.3300 29.9900 29.9300      1.1227       1.0300    0.3314            2
1990 12 02 29.3700 29.8600 29.7900      0.9817       0.9000    0.3314            2
1990 12 03 28.6100 29.4100 29.2400      0.4520       0.3600    0.3314            2
1990 12 04 28.6300 29.2600 29.1700      0.3720       0.2800    0.3314            2
1990 12 05 28.7000 29.4100 29.3800      0.5333       0.4700    0.3314            2
1990 12 06 29.0300 29.4400 29.4200      0.5740       0.5100    0.3314            2
1990 12 07 29.1000 29.8400 29.7800      1.1267       0.8600    0.3314            2
1990 12 08 28.7400 29.9700 29.9200      1.2057       0.9800    0.3314            1
1990 12 09 28.3900 29.8000 29.6800      0.9340       0.8100    0.3314            1
1990 12 10 28.6800 29.7800 29.6100      0.8033       0.7200    0.3314            1
1990 12 11 28.8900 29.8200 29.6700      0.8520       0.7700    0.3314            1
1990 12 12 28.1800 29.4100 29.2600      0.5470       0.4100    0.3314            1
1990 12 13 28.3300 29.8600 29.7200      1.0253       0.7800    0.3314            1
1990 12 14 28.6200 29.7700 29.6400      0.8733       0.7600    0.3314            1
1990 12 15 28.9600 30.0900 29.6700      0.8900       0.7200    0.3314            1
1990 12 16 28.5300 30.0600 29.5800      0.8306       0.6400    0.3314            1
1990 12 17 28.7500 30.1400 29.8300      0.7294       0.6200    0.3314            1
1990 12 18 28.2900 29.6600 29.2000      0.5739       0.2900    0.3314            1
1990 12 19 28.7100 29.8800 29.5800      0.9087       0.6400    0.3314            1
1990 12 20 28.6900 29.5400 29.4600      0.3897       0.3100    0.3314            1
1990 12 21 28.5900 29.5300 29.4200      0.4874       0.3100    0.3314            1
1990 12 22 28.9500 30.3300 30.2600      1.3636       1.1800    0.5000            2
1990 12 23 29.1400 30.5100 30.4900      1.4400       1.2700    0.6814            2
1990 12 24 29.1000 30.7300 30.0400      1.3113       1.1500    0.8457            2
1990 12 25 28.7300 30.1300 30.0600      1.0465       0.8800    0.8457            2
1990 12 26 28.9300 30.3100 30.1900      1.1877       1.0400    0.9943            2
1990 12 27 29.2100 30.3200 30.2000      1.2132       1.0500    1.1443            2
1990 12 28 29.2300 30.2400 29.9800      1.2558       1.0700    1.2971            2
1990 12 29 28.5500 29.8500 29.8200      1.1110       0.9200    1.2971            2
1990 12 30 28.5400 29.7800 29.7300      1.0003       0.8200    1.2971            2
1990 12 31 28.6800 30.4600 29.9800      1.4555       1.0500    1.4471            2
1991 01 01 28.7700 30.2600 30.0200      1.0710       0.8100    1.4471            2
1991 01 02 28.4800 29.7400 29.5300      0.6016       0.3300    1.4471            2
1991 01 03 28.3100 29.3200 29.0000      0.3277       0.1000    1.4471            2
1991 01 04 28.1400 29.3900 29.2300      0.6235       0.3400    1.4471            2
1991 01 05 28.2400 29.5500 29.5400      0.7435       0.5100    1.4471            2
1991 01 06 28.4000 29.5900 29.4700      0.8329       0.5600    1.4471            2
1991 01 07 28.4700 29.5400 29.5000      0.7677       0.5300    1.4471            1
1991 01 08 29.0600 29.9400 29.7200      1.3000       0.7900    1.4471            1
1991 01 09 28.7100 29.8300 29.6400      1.1600       0.6900    1.4471            1
1991 01 10 28.3200 29.4000 29.2800      0.8068       0.3300    1.4471            1
1991 01 11 28.1200 29.3600 29.2300      0.8261       0.3000    1.4471            1
1991 01 12 29.1600 29.6600 29.4800      1.0871       0.5500    1.4471            1
1991 01 13 28.9200 29.5300 29.4600      1.0494       0.5100    1.4471            1
1991 01 14 29.1700 29.5800 29.4600      0.9203       0.5700    1.4471            1
1991 01 15 29.2600 29.6900 29.6400      0.9800       0.6700    1.4471            1
1991 01 16 29.2400 30.1200 30.0400      1.6235       1.0900    1.6029            2
1991 01 17 29.1600 30.4600 30.3900      1.9971       1.4600    1.8114            2
1991 01 18 28.9800 29.9100 29.8300      1.4216       0.8900    1.8114            2
1991 01 19 29.2900 30.3100 30.3000      1.3448       1.0000    1.9543            2
1991 01 20 29.3200 30.3600 30.3400      1.3216       1.0200    2.1000            2
1991 01 21 29.1500 30.2600 30.1300      1.3061       0.9600    2.1000            2
1991 01 22 29.1000 30.3500 30.3000      1.2968       0.9600    2.1000            2
1991 01 23 28.9800 30.6900 30.4300      1.4852       1.1100    2.2586            2
1991 01 24 28.4200 30.1800 29.9100      0.9729       0.6000    2.2586            2
1991 01 25 28.3200 29.8000 29.5600      0.5803       0.2500    2.2586            2
1991 01 26 28.1800 29.5600 29.4500      0.4365       0.1300    2.2586            2
1991 01 27 28.1900 29.5700 29.5400      0.5216       0.2000    2.0743            2
1991 01 28 28.1000 29.6100 29.4600      0.6226       0.2100    2.0743            2
1991 01 29 28.7100 30.2200 29.9700      1.1335       0.7400    2.0743            2
1991 01 30 29.0100 29.9200 29.8300      0.8152       0.5100    2.0743            1
1991 01 31 28.7900 29.8600 29.7500      0.7355       0.4100    2.0743            1
1991 02 01 28.6400 29.8600 29.7400      0.7255       0.4100    2.0743            1
1991 02 02 28.4400 29.7200 29.5900      0.7416       0.3100    2.0743            1
1991 02 03 28.7400 29.5900 29.4700      0.6323       0.2000    2.0743            1
1991 02 04 28.6900 29.8600 29.8100      0.9529       0.5200    2.0743            1
1991 02 05 28.7800 29.5900 29.5400      0.6935       0.2600    2.0743            1
1991 02 06 28.3600 29.3400 28.9300      0.4955       0.0500    2.0743            1
1991 02 07 28.0100 29.0300 28.5200      0.2394       0.0000    2.0743            1
1991 02 08 28.1900 29.1800 28.9400      0.1629       0.0000    2.0743            1
1991 02 09 28.5200 29.7400 29.5900      0.5981       0.2700    2.0743            1
1991 02 10 28.7200 29.9400 29.7900      0.8252       0.4600    2.0743            1
1991 02 11 28.7900 29.8500 29.7200      0.7013       0.4000    2.0743            1
1991 02 12 28.6400 29.8500 29.7400      0.7290       0.4200    2.0743            1
1991 02 13 28.4200 29.9000 29.8000      0.8106       0.4800    2.0743            1
1991 02 14 28.1000 29.8600 29.7200      0.7387       0.3800    2.0743            1
1991 02 15 27.8900 29.6700 29.5000      0.5400       0.1600    2.0743            1
1991 02 16 27.9100 29.5400 29.3500      0.3986       0.0200    2.0743            1
1991 02 17 28.0400 29.4700 29.3400      0.3757       0.0000    2.0743            1
1991 02 18 28.0600 29.4200 29.3200      0.3436       0.0000    2.0743            1
1991 02 19 28.1700 29.3900 29.2600      0.2871       0.0000    2.0743            1
1991 02 20 28.2200 29.1200 29.0900      0.0918       0.0000    2.0743            1
1991 02 21 27.9800 30.2100 29.7000      0.7721       0.3900    2.0743            1
1991 02 22 28.0200 30.5600 29.9300      1.0025       0.6200    2.0743            1
1991 02 23 28.4100 31.0400 30.2800      1.3529       0.9700    1.9271            1
1991 02 24 28.2900 30.8100 30.1400      1.1807       0.8100    1.9271            1
1991 02 25 28.1200 30.4600 29.7900      0.8357       0.4600    1.9271            1
1991 02 26 28.4100 30.4300 29.8100      0.8543       0.4800    1.9271            1
1991 02 27 28.1300 30.1500 29.4400      1.0486       0.5300    1.9271            1
1991 02 28 28.1500 30.1800 29.8000      0.8400       0.4900    1.9271            1
1991 03 01 28.5900 30.4100 29.8900      0.9200       0.5600    1.9271            1
1991 03 02 28.4800 30.3900 30.1700      1.2300       0.8600    1.9271            1
1991 03 03 28.2200 30.0100 29.9000      0.8857       0.5900    1.9271            1
1991 03 04 27.8100 29.8100 29.6400      0.6621       0.3400    1.9271            1
1991 03 05 28.0100 29.7800 29.6600      0.6529       0.3500    1.9271            1
1991 03 06 28.0400 30.2400 30.0800      1.0836       0.7800    1.9271            1
1991 03 07 27.8600 30.2900 30.1000      1.1243       0.8000    1.9271            1
1991 03 08 27.0700 30.5800 30.2700      1.3175       0.9700    1.9271            1
1991 03 09 27.2300 30.4400 30.1300      1.1857       0.8200    1.9271            1
1991 03 10 27.3000 30.3500 30.0400      1.0982       0.7300    1.9271            1
1991 03 11 27.9200 29.9900 29.7400      0.7971       0.4300    1.9271            1
1991 03 12 28.0000 30.0700 29.7900      0.8489       0.4800    1.9271            1
1991 03 13 27.9800 30.0100 29.7300      0.7814       0.4000    1.9271            1
1991 03 14 27.9700 29.8800 29.6000      0.6596       0.2900    1.9271            1
1991 03 15 27.9100 29.7100 29.4700      0.5000       0.1400    1.9271            1
1991 03 16 28.1300 29.5800 29.3500      0.4032       0.0400    1.7586            1
1991 03 17 28.1100 29.3900 29.1700      0.1565       0.0000    1.5771            1
1991 03 18 27.9800 29.2500 29.0200      0.2429       0.0000    1.4129            1
1991 03 19 28.2500 28.9100 28.9000      0.1039       0.0000    1.4129            1
1991 03 20 28.1600 29.2300 29.1400      0.2897       0.0000    1.2643            1
1991 03 21 27.9200 29.1400 29.0400     -0.0006       0.0000    1.1143            1
1991 03 22 27.6100 29.3800 29.2600      0.2548       0.0000    0.9614            1
1991 03 23 27.9600 30.0100 29.8300      0.7558       0.4900    0.9614            1
1991 03 24 28.2900 30.5700 30.4700      1.4519       1.1500    1.1257            2
1991 03 25 28.5600 30.4900 30.3400      1.3323       1.0300    1.1229            2
1991 03 26 27.8500 29.8900 29.6900      0.6755       0.3800    1.1229            2
1991 03 27 28.0100 29.8600 29.7200      0.6126       0.3800    1.1229            2
1991 03 28 27.9400 29.7300 29.5900      0.5461       0.2700    1.1229            2
1991 03 29 28.2900 29.6500 29.6100      0.4797       0.2700    1.1229            2
1991 03 30 28.4400 29.9300 29.8900      0.7681       0.5700    1.1229            2
1991 03 31 28.6600 29.9900 29.9500      1.0110       0.6400    1.1229            2
1991 04 01 28.5700 29.9800 29.9100      0.9894       0.6200    1.1229            1
1991 04 02 28.9000 30.4800 30.3900      1.4965       1.1300    1.2843            2
1991 04 03 28.7500 29.8100 29.7000      0.7990       0.4400    1.2843            2
1991 04 04 28.4800 29.8200 29.7600      0.6110       0.4300    1.2843            2
1991 04 05 28.1900 29.8300 29.7100      0.5413       0.3700    1.2843            2
1991 04 06 28.4300 30.5700 30.5200      1.3723       1.2000    1.4557            2
1991 04 07 28.2400 30.6500 30.5700      1.3916       1.2300    1.6314            2
1991 04 08 28.3300 30.8500 30.7800      1.6052       1.4500    1.8386            2
1991 04 09 28.0900 30.4100 30.3900      1.1968       1.0500    1.9886            2
1991 04 10 28.6900 30.3700 30.3500      1.1323       1.0100    1.9771            2
1991 04 11 28.8900 30.7400 30.7100      1.5071       1.3700    1.9643            2
1991 04 12 29.0100 30.6900 30.5600      1.5923       1.3000    2.1500            2
1991 04 13 29.0000 30.8400 30.6600      1.6861       1.4100    2.2086            2
1991 04 14 28.8000 30.7700 30.5500      1.5090       1.2700    2.2443            2
1991 04 15 28.5400 30.5800 30.4200      1.3700       1.1400    2.4071            2
1991 04 16 28.2800 29.9900 29.8600      0.6750       0.5300    2.4071            2
1991 04 17 28.1200 29.7800 29.5300      0.3693       0.2200    2.2486            2
1991 04 18 28.0500 29.4300 29.2400      0.0470       0.0000    2.2486            2
1991 04 19 27.5600 29.7000 29.5600      0.5080       0.3000    2.2486            2
1991 04 20 27.9300 29.6800 29.5600      0.4917       0.3000    2.2486            2
1991 04 21 27.9800 29.9400 29.7300      0.6400       0.4400    2.2486            2
1991 04 22 28.2600 29.9200 29.8000      0.7170       0.5100    2.2486            1
1991 04 23 28.2900 30.0600 30.0400      0.7660       0.7000    2.2486            1
1991 04 24 28.0600 29.6100 29.5100      0.2330       0.1700    2.2486            1
1991 04 25 28.3700 29.7100 29.4500      0.3933       0.2000    2.2486            1
1991 04 26 28.4700 29.6800 29.4100      0.1750       0.0800    2.2486            1
1991 04 27 28.7100 29.7500 29.4800      0.2240       0.1400    2.2486            1
1991 04 28 28.8400 29.8000 29.6000      0.3380       0.2700    2.2486            1
1991 04 29 28.8500 30.0300 29.8300      0.6727       0.5500    2.2486            1
1991 04 30 28.7600 29.9500 29.8100      0.5600       0.5000    2.2486            1
1991 05 01 28.5500 30.0000 29.8000      0.5607       0.5000    2.2486            1
1991 05 02 28.7600 30.2300 30.1400      0.8993       0.8300    2.2486            1
1991 05 03 28.4000 29.9500 29.7600      0.5140       0.4500    2.2486            1
1991 05 04 28.7100 30.2500 30.1400      0.8403       0.8000    2.2486            1
1991 05 05 28.8200 30.3300 30.2600      0.9567       0.9200    2.2486            1
1991 05 06 29.2800 30.7900 30.7500      1.4430       1.4100    2.4500            2
1991 05 07 28.9900 30.1200 30.0100      0.8147       0.7400    2.4500            2
1991 05 08 28.9100 30.3100 30.3100      1.0983       1.0400    2.5986            2
1991 05 09 28.6600 30.2100 30.0100      1.2500       1.1300    2.7600            2
1991 05 10 28.8700 30.1700 30.1500      1.1667       1.1200    2.9200            2
1991 05 11 28.6300 30.1100 30.0100      0.9820       0.9500    2.9200            2
1991 05 12 29.3600 30.1000 30.1000      0.8570       0.8300    2.9200            2
1991 05 13 29.3800 30.0400 29.9300      0.8207       0.8000    2.9200            2
1991 05 14 29.2700 29.9000 29.6800      0.9833       0.7400    2.9200            2
1991 05 15 29.4000 30.1000 29.8600      1.1600       0.9200    2.9200            2
1991 05 16 29.2300 30.1400 30.0600      0.8142       0.8100    2.9200            2
1991 05 17 29.2300 30.3700 29.8600      1.1700       0.9300    2.9200            1
1991 05 18 29.2200 30.3800 30.2700      0.9639       0.9600    2.9200            1
1991 05 19 28.9500 30.0800 29.9600      0.6639       0.6600    2.9200            1
1991 05 20 28.9300 29.9900 29.9600      0.6313       0.6200    2.9200            1
1991 05 21 28.1500 29.6600 29.6400      0.4074       0.3900    2.9200            1
1991 05 22 28.7000 29.7300 29.7000      0.4858       0.4700    2.9200            1
1991 05 23 28.8600 29.9800 29.9400      0.7181       0.7000    2.9200            1
1991 05 24 28.8700 29.8500 29.7800      0.5632       0.5400    2.9200            1
1991 05 25 29.0200 29.9900 29.9900      0.7029       0.6900    2.9200            1
1991 05 26 29.2000 30.1900 30.1600      0.9513       0.9300    2.9200            1
1991 05 27 28.9200 30.2800 30.0300      0.7171       0.6900    2.9200            1
1991 05 28 29.0100 30.1500 30.0200      0.7094       0.6800    2.9200            1
1991 05 29 28.9400 30.3500 30.2100      0.9016       0.8700    2.9200            1
1991 05 30 28.9000 30.4200 30.3300      1.0239       0.9900    2.9200            1
1991 05 31 28.8900 30.0800 29.9800      0.6910       0.6600    2.9200            1
1991 06 01 28.8800 29.8200 29.7300      0.7065       0.6900    2.9200            1
1991 06 02 28.8100 29.6900 29.6800      0.6581       0.6000    2.9200            1
1991 06 03 28.6600 29.5800 29.5600      0.5535       0.4800    2.9200            1
1991 06 04 28.7000 29.5200 29.3600      0.3674       0.2900    2.9200            1
1991 06 05 28.8400 29.5700 29.5100      0.5213       0.4400    2.9200            1
1991 06 06 28.6900 29.5800 29.4200      0.4352       0.3500    2.9200            1
1991 06 07 28.6900 30.0300 29.9700      0.6819       0.6300    2.9200            1
1991 06 08 28.6700 29.9900 29.9000      0.6165       0.5700    2.9200            1
1991 06 09 28.6900 30.1900 30.1300      0.8484       0.8000    2.9200            1
1991 06 10 28.9200 30.0500 29.9500      0.8074       0.6900    2.9200            1
1991 06 11 29.1000 30.2400 30.0700      0.7923       0.7400    2.9200            1
1991 06 12 28.9700 30.1600 29.9900      0.7061       0.6700    2.9200            1
1991 06 13 29.1600 30.9000 30.4400      1.1487       1.1300    3.0814            2
1991 06 14 28.8900 30.4500 30.0900      0.8084       0.7600    3.0814            2
1991 06 15 28.7600 30.0800 29.6800      0.5400       0.3900    3.0814            2
1991 06 16 28.7800 29.7600 29.5200      0.3977       0.2500    2.9171            2
1991 06 17 28.8900 30.0000 29.8700      0.7207       0.6400    2.7700            2
1991 06 18 28.7100 29.8700 29.7700      0.6310       0.5300    2.7700            2
1991 06 19 28.6600 29.8200 29.7600      0.6593       0.4700    2.7700            2
1991 06 20 28.8900 30.0600 29.8200      0.6750       0.6300    2.7700            1
1991 06 21 29.0000 30.2200 30.0700      0.8460       0.7600    2.7700            1
1991 06 22 29.1300 30.5700 30.3500      1.1430       1.0500    2.9200            2
1991 06 23 29.5000 30.5200 30.4200      1.2127       1.1100    3.0786            2
1991 06 24 29.3200 29.9500 29.7000      0.9500       0.7700    3.0786            2
1991 06 25 29.5200 30.2600 30.2100      1.0300       0.9100    2.9171            2
1991 06 26 29.3800 30.1800 30.1700      0.9900       0.8700    2.9171            2
1991 06 27 29.0100 29.9100 29.7800      0.8680       0.6400    2.9171            2
1991 06 28 28.7800 29.8600 29.8400      0.8143       0.6000    2.9171            2
1991 06 29 28.7200 29.7300 29.6700      0.6447       0.4400    2.7457            2
1991 06 30 28.4800 29.7500 29.7200      0.6950       0.4400    2.5700            1
1991 07 01 28.7300 29.8000 29.7100      0.6813       0.4500    2.3629            1
1991 07 02 28.3800 29.4200 29.3900      0.3803       0.1000    2.2129            1
1991 07 03 28.6400 29.5000 29.2300      0.4660       0.3200    2.0686            1
1991 07 04 28.4100 29.6100 29.4600      0.7273       0.5400    1.8729            1
1991 07 05 28.6300 29.4000 29.1100      0.4067       0.2300    1.6871            1
1991 07 06 28.7200 29.1600 29.0900      0.2840       0.0100    1.4857            1
1991 07 07 28.6000 29.3200 29.3000      0.3920       0.0800    1.3043            1
1991 07 08 29.0800 29.7300 29.6400      0.7640       0.5600    1.1414            1
1991 07 09 29.1000 29.8200 29.7900      0.8320       0.4800    1.1414            1
1991 07 10 29.1100 29.7600 29.6700      0.7250       0.4000    1.1414            1
1991 07 11 28.7500 29.7200 29.6500      0.7093       0.3500    1.1414            1
1991 07 12 28.4700 29.7100 29.6700      0.7470       0.4200    1.1414            1
1991 07 13 28.9400 30.2400 30.1200      1.2053       0.8600    1.1414            1
1991 07 14 29.4700 29.8900 29.7700      1.0307       0.8400    1.1414            1
1991 07 15 29.1100 29.8200 29.6900      0.7800       0.4300    1.1414            1
1991 07 16 28.9400 29.6100 29.5600      0.6432       0.2700    1.1414            1
1991 07 17 28.1600 29.2900 29.2200      0.3152       0.0000    1.1414            1
1991 07 18 28.1400 28.9400 28.8900     -0.0213       0.0000    1.1414            1
1991 07 19 28.0500 28.8700 28.7700     -0.1145       0.0000    1.1414            1
1991 07 20 28.2000 29.0200 28.8700     -0.0090       0.0000    1.1414            1
1991 07 21 28.2700 29.1400 29.1100      0.1116       0.0000    1.1414            1
1991 07 22 28.4900 29.2100 29.1700      0.1858       0.0000    1.1414            1
1991 07 23 28.6900 29.3000 29.0500      0.2610       0.0100    1.1414            1
1991 07 24 28.7000 29.2700 29.0900      0.3048       0.0500    1.1414            1
1991 07 25 28.8500 29.2000 29.0600      0.2990       0.0400    1.1414            1
1991 07 26 28.8400 29.1400 29.0200      0.2813       0.0400    1.1414            1
1991 07 27 28.7900 29.2100 29.0000      0.2826       0.0500    1.1414            1
1991 07 28 28.8200 30.0900 29.9200      1.2077       0.9900    1.1414            1
1991 07 29 28.8300 29.9200 29.7500      1.0206       0.8100    0.9400            1
1991 07 30 29.4600 30.0900 30.0000      1.3003       1.0900    1.0957            2
1991 07 31 29.6600 29.9800 29.9000      1.2094       1.0200    1.0929            2
1991 08 01 29.6400 30.1800 29.8500      1.1935       0.9800    0.9314            2
1991 08 02 29.4500 30.0300 29.6700      0.9539       0.7200    0.7714            2
1991 08 03 29.2400 29.6800 29.5600      0.8577       0.6500    0.7714            2
1991 08 04 29.0300 29.5600 29.3900      0.6871       0.4900    0.7714            2
1991 08 05 29.2000 29.8100 29.6000      0.9277       0.6500    0.7714            2
1991 08 06 29.0900 29.7500 29.4000      0.6826       0.4500    0.7714            2
1991 08 07 29.0100 29.6500 29.3200      0.6294       0.3900    0.7714            1
1991 08 08 28.9100 29.7300 29.4600      0.7819       0.5300    0.7714            1
1991 08 09 28.7100 29.4000 29.0900      0.4045       0.1600    0.7714            1
1991 08 10 28.6100 29.2200 28.8800      0.1681       0.0000    0.7714            1
1991 08 11 28.4600 29.0300 28.9500      0.2500       0.0000    0.7714            1
1991 08 12 28.5300 29.0400 28.8800      0.1913       0.0000    0.7714            1
1991 08 13 28.5700 29.1300 28.9600      0.2942       0.0300    0.7714            1
1991 08 14 28.7500 29.4200 29.4000      0.6594       0.2600    0.7714            1
1991 08 15 28.7700 29.5100 29.4200      0.7300       0.3400    0.7714            1
1991 08 16 29.1500 29.6100 29.4000      0.6942       0.5200    0.7714            1
1991 08 17 29.1300 29.7800 29.5900      0.9126       0.6600    0.7714            1
1991 08 18 29.1800 29.7900 29.5500      0.8448       0.6100    0.7714            1
1991 08 19 29.1600 29.7400 29.6500      0.7561       0.4400    0.7714            1
1991 08 20 29.3100 29.8400 29.4000      0.6661       0.4900    0.7714            1
1991 08 21 29.3100 29.9900 29.6900      0.9697       0.7600    0.7714            1
1991 08 22 29.2500 30.1200 29.8000      1.0713       0.8700    0.7714            1
1991 08 23 29.1800 30.1200 29.7500      1.0177       0.8100    0.7714            1
1991 08 24 29.0900 29.7700 29.6700      0.9245       0.7400    0.7714            1
1991 08 25 28.9100 29.7300 29.6200      0.8461       0.6700    0.7714            1
1991 08 26 28.9300 29.7100 29.5600      0.8042       0.6300    0.7714            1
1991 08 27 28.7600 29.7900 29.6000      0.8094       0.6500    0.7714            1
1991 08 28 28.6900 29.8400 29.8200      0.8274       0.6100    0.7714            1
1991 08 29 28.7700 29.9600 29.5200      0.7271       0.5900    0.7714            1
1991 08 30 28.7400 30.1900 30.0000      1.1942       1.0600    0.9229            2
1991 08 31 28.8500 30.0600 29.8600      1.0455       0.9100    0.9229            2
1991 09 01 28.9200 30.0800 29.8600      1.0365       0.9100    0.9229            2
1991 09 02 28.7600 29.5700 29.3200      0.4990       0.3900    0.9229            2
1991 09 03 28.7900 29.5900 29.5400      0.5000       0.3600    0.9229            2
1991 09 04 28.9100 29.9600 29.5000      0.6787       0.5900    0.9229            2
1991 09 05 28.9900 29.6400 29.2700      0.4168       0.3200    0.7614            2
1991 09 06 28.9600 29.4700 29.3900      0.3313       0.2300    0.7614            1
1991 09 07 28.9600 29.4700 29.4300      0.3500       0.2600    0.7614            1
1991 09 08 28.9400 29.6900 29.2600      0.3687       0.3100    0.7614            1
1991 09 09 28.8300 29.4900 29.4700      0.3506       0.1300    0.7614            1
1991 09 10 28.4900 29.0800 28.8400     -0.0094       0.0000    0.7614            1
1991 09 11 28.6700 29.1400 28.8400     -0.0242       0.0000    0.7614            1
1991 09 12 28.9100 29.5300 29.4400      0.3190       0.2700    0.7614            1
1991 09 13 29.0600 29.5800 29.5100      0.3700       0.3300    0.7614            1
1991 09 14 29.1800 29.8200 29.7200      0.5313       0.5000    0.6114            1
1991 09 15 29.3600 29.8900 29.7900      0.6100       0.6100    0.4529            1
1991 09 16 29.4400 29.8600 29.5700      0.6630       0.6600    0.4529            1
1991 09 17 29.5600 29.9300 29.8700      0.7340       0.7200    0.4529            1
1991 09 18 29.4400 29.7700 29.6700      0.7430       0.6800    0.4529            1
1991 09 19 29.4400 29.8700 29.7000      0.8120       0.8000    0.4529            1
1991 09 20 29.5200 29.9600 29.8400      0.8917       0.7800    0.4529            1
1991 09 21 29.4100 29.8200 29.6600      0.7560       0.6900    0.4529            1
1991 09 22 29.3700 29.7900 29.6200      0.7510       0.7200    0.4529            1
1991 09 23 29.2800 29.6600 29.4900      0.6240       0.5900    0.4529            1
1991 09 24 29.2600 29.7600 29.5200      0.6410       0.5900    0.4529            1
1991 09 25 29.2000 29.6500 29.4700      0.6033       0.5400    0.4529            1
1991 09 26 29.1600 29.7100 29.6300      0.7697       0.7000    0.4529            1
1991 09 27 29.0500 29.6500 29.3700      0.5300       0.4900    0.4529            1
1991 09 28 28.7400 29.4800 29.2100      0.3480       0.2700    0.4529            1
1991 09 29 28.7000 29.5000 29.1700      0.2993       0.2200    0.4529            1
1991 09 30 28.6200 29.4200 29.3700      0.2600       0.2200    0.4529            1
1991 10 01 28.7000 29.4100 29.1900      0.3360       0.2400    0.4529            1
1991 10 02 28.7900 29.4600 29.3600      0.5050       0.4200    0.4529            1
1991 10 03 28.8900 29.4700 29.3700      0.5160       0.4200    0.4529            1
1991 10 04 29.1900 29.7700 29.5800      0.7640       0.6500    0.4529            1
1991 10 05 29.2300 30.0300 29.9800      1.1633       1.0500    0.6029            2
1991 10 06 29.3100 29.8300 29.8100      1.0130       0.8800    0.6029            2
1991 10 07 29.4600 29.8300 29.8000      1.0167       0.8700    0.6029            2
1991 10 08 29.4800 29.9800 29.9200      1.1473       1.0400    0.7514            2
1991 10 09 29.5900 30.4100 30.1200      1.2820       1.2100    0.9243            2
1991 10 10 29.6900 30.4400 30.3600      1.4267       1.3200    1.1129            2
1991 10 11 29.4700 30.2200 30.1600      1.2487       1.1500    1.2771            2
1991 10 12 29.2500 30.0000 29.9900      1.0680       0.9700    1.2771            2
1991 10 13 29.3900 29.9400 29.8200      1.0327       0.9300    1.2771            2
1991 10 14 29.7100 30.0800 30.0000      1.2537       1.0700    1.4300            2
1991 10 15 29.6000 30.1700 30.0600      1.3200       1.1300    1.5914            2
1991 10 16 29.1600 29.7900 29.6600      0.9148       0.7300    1.5914            2
1991 10 17 29.1700 29.7500 29.3700      0.5939       0.4800    1.5914            2
1991 10 18 29.1500 29.7500 29.7300      0.7413       0.4900    1.5914            2
1991 10 19 29.0100 29.7800 29.7600      0.7348       0.4800    1.5914            2
1991 10 20 29.0600 29.7700 29.7200      0.6819       0.4600    1.5914            2
1991 10 21 29.0100 29.5500 29.5400      0.5003       0.3000    1.5914            2
1991 10 22 28.9200 29.3000 29.0100      0.2390       0.1100    1.4357            1
1991 10 23 28.8800 30.0700 29.8300      0.7052       0.5200    1.2900            1
1991 10 24 28.9800 29.8800 29.7800      1.0777       0.8500    1.2900            1
1991 10 25 29.2200 29.8500 29.6800      0.9423       0.7300    1.2900            1
1991 10 26 29.4000 30.0100 29.7600      1.0932       0.8500    1.2900            1
1991 10 27 29.6600 29.9900 29.8400      1.0184       0.9100    1.2900            1
1991 10 28 29.4400 29.9600 29.7900      1.0961       0.8500    1.2900            1
1991 10 29 29.0400 29.7400 29.6200      0.9532       0.6900    1.2900            1
1991 10 30 29.0600 29.5700 29.4800      0.7635       0.5300    1.2900            1
1991 10 31 29.0400 29.5400 29.4800      0.7616       0.5300    1.2900            1
1991 11 01 29.2300 29.9400 29.8100      1.0939       0.9300    1.2900            1
1991 11 02 29.8800 30.1900 30.1800      1.3310       1.2000    1.4614            2
1991 11 03 29.7600 30.1100 30.0700      1.2355       1.1200    1.6214            2
1991 11 04 29.5700 30.2100 30.0500      1.3603       1.1100    1.7800            2
1991 11 05 29.8000 30.6400 30.3700      1.7216       1.4400    1.9857            2
1991 11 06 29.6900 30.9800 30.7000      2.0294       1.7600    2.2371            2
1991 11 07 29.8200 30.5900 30.3000      1.5848       1.4400    2.4429            2
1991 11 08 29.7400 30.5000 30.2400      1.6239       1.3100    2.6300            2
1991 11 09 29.7100 30.2000 29.9700      1.1900       1.0900    2.7857            2
1991 11 10 29.7000 30.3100 29.9400      1.1768       1.0500    2.9357            2
1991 11 11 29.7000 30.2800 30.1900      1.2326       1.1300    3.0971            2
1991 11 12 29.4900 30.0400 29.9800      1.0610       0.9500    3.0971            2
1991 11 13 29.2100 30.0100 30.0100      1.0700       0.8900    3.0971            2
1991 11 14 29.3200 30.3100 30.3000      1.3800       1.2100    3.2700            2
1991 11 15 29.3100 30.2000 30.1600      1.2900       1.1700    3.4371            2
1991 11 16 29.3800 30.2700 30.2400      1.3990       1.3200    3.6257            2
1991 11 17 29.2900 30.0300 29.9000      1.1433       0.9900    3.6257            2
1991 11 18 29.3300 30.2200 29.8300      1.0620       0.9300    3.6257            2
1991 11 19 29.4700 30.4900 30.3600      1.1747       1.0200    3.7714            2
1991 11 20 29.3900 30.7600 30.4100      1.2633       1.1000    3.9286            2
1991 11 21 29.4600 30.5500 30.3000      1.5200       1.4100    4.1300            3
1991 11 22 29.3000 30.5400 30.2200      1.4590       1.3200    4.1671            3
1991 11 23 29.3500 30.5600 30.2200      1.4560       1.3200    4.3557            3
1991 11 24 29.5000 30.4400 30.1600      1.3820       1.2700    4.5371            3
1991 11 25 29.5300 30.2700 30.0800      1.3800       1.1300    4.6986            3
1991 11 26 29.5000 30.3700 30.1100      1.2837       1.2200    4.8729            3
1991 11 27 29.7200 30.3100 30.0900      1.2560       1.1800    5.0414            3
1991 11 28 29.7900 30.2700 30.0700      1.2213       1.1600    5.2071            3
1991 11 29 29.7400 30.3000 30.0100      1.1807       1.1100    5.3657            3
1991 11 30 29.7600 30.4400 30.4200      1.2150       1.1000    5.5229            3
1991 12 01 29.5200 30.4300 30.3200      1.1180       0.9900    5.5229            3
1991 12 02 29.3400 30.3200 30.1700      0.9833       0.8600    5.5229            3
1991 12 03 29.1100 30.1900 30.0500      0.8600       0.7100    5.5229            3
1991 12 04 29.0300 30.1200 29.9900      0.8030       0.6700    5.5229            3
1991 12 05 28.8700 29.9400 29.8900      0.6733       0.5500    5.5229            3
1991 12 06 28.7600 29.9100 29.8900      0.6590       0.5500    5.5229            3
1991 12 07 28.8200 29.5800 29.4600      0.5933       0.5400    5.5229            1
1991 12 08 29.0200 29.7100 29.6000      0.7447       0.6900    5.5229            1
1991 12 09 29.0300 29.8300 29.7300      0.8580       0.7900    5.5229            1
1991 12 10 29.0900 29.6900 29.6000      0.7433       0.6900    5.5229            1
1991 12 11 29.0900 29.6800 29.5900      0.8207       0.7100    5.5229            1
1991 12 12 29.0100 29.6800 29.5200      0.7230       0.6400    5.5229            1
1991 12 13 29.1200 29.7100 29.5200      0.6907       0.6300    5.5229            1
1991 12 14 29.0800 29.5300 29.4700      0.5423       0.5000    5.5229            1
1991 12 15 28.9700 29.6800 29.5900      0.6900       0.6300    5.5229            1
1991 12 16 29.1800 30.0500 29.9600      1.0403       0.9700    5.5229            1
1991 12 17 29.2100 29.9700 29.8900      0.9277       0.8300    5.5229            1
1991 12 18 28.9300 29.7400 29.6100      0.6597       0.5400    5.5229            1
1991 12 19 28.1400 29.4400 29.4200      0.2071       0.0800    5.5229            1
1991 12 20 28.2900 29.5700 29.4900      0.3139       0.1500    5.5229            1
1991 12 21 28.3600 29.6200 29.5400      0.3645       0.2100    5.5229            1
1991 12 22 28.4700 29.5200 29.4500      0.2877       0.1500    5.5229            1
1991 12 23 28.5600 29.7400 29.3100      0.7281       0.4000    5.5229            1
1991 12 24 28.7500 29.5900 29.5600      0.6832       0.4800    5.5229            1
1991 12 25 28.5800 29.5100 29.4200      0.5229       0.3100    5.5229            1
1991 12 26 29.2400 29.9300 29.7800      1.2100       0.8300    5.5229            1
1991 12 27 29.3900 30.1000 29.8800      1.1784       0.9900    5.5229            1
1991 12 28 29.4100 30.1000 29.8300      1.1374       0.9400    5.3729            1
1991 12 29 29.2800 29.9100 29.7600      1.1845       0.8100    5.3729            1
1991 12 30 29.2400 29.7200 29.6400      1.0548       0.6900    5.3729            1
1991 12 31 29.1600 29.6600 29.4700      0.8097       0.5700    5.2243            1
1992 01 01 29.2000 29.6700 29.5100      0.8490       0.6200    5.0514            1
1992 01 02 28.9500 29.3400 29.2600      0.7600       0.3100    4.8629            1
1992 01 03 28.9600 29.4500 29.4100      0.6939       0.4500    4.6986            1
1992 01 04 28.5800 29.3900 29.2800      0.5865       0.3300    4.6986            1
1992 01 05 28.5400 29.1900 29.0100      0.3997       0.1300    4.6986            1
1992 01 06 28.5400 29.1400 29.0300      0.3900       0.1100    4.5457            1
1992 01 07 28.8400 29.6700 29.6300      0.8900       0.6200    4.3843            1
1992 01 08 29.1600 29.9800 29.9800      0.9003       0.6400    4.3843            1
1992 01 09 29.0500 29.9400 29.8600      1.1826       0.7700    4.3843            1
1992 01 10 29.0000 29.8200 29.7500      1.0384       0.7300    4.3843            1
1992 01 11 28.7900 29.7900 29.7800      0.7329       0.4400    4.3843            1
1992 01 12 28.6100 29.6700 29.6500      0.6548       0.3400    4.3843            1
1992 01 13 28.1700 29.4500 29.1100      0.5113       0.2000    4.3843            1
1992 01 14 28.4700 30.0800 29.8500      1.2406       0.9000    4.3843            1
1992 01 15 28.5500 30.2400 29.8800      1.2900       0.9600    4.3843            1
1992 01 16 28.4700 29.9000 29.6300      1.0435       0.7100    4.3843            1
1992 01 17 28.3900 29.8800 29.6500      1.0871       0.7400    4.3843            1
1992 01 18 28.2700 29.6900 29.4900      0.9855       0.6100    4.3843            1
1992 01 19 28.3600 29.6000 29.4900      0.9216       0.5800    4.3843            1
1992 01 20 28.5200 29.4700 29.2500      0.7113       0.3500    4.3843            1
1992 01 21 28.5000 29.4200 29.2600      0.7416       0.3600    4.3843            1
1992 01 22 28.3800 29.3100 29.2200      0.6781       0.3100    4.3843            1
1992 01 23 28.3100 29.2600 29.1600      0.6635       0.2700    4.3843            1
1992 01 24 28.3200 29.2300 29.1500      0.6119       0.2400    4.3843            1
1992 01 25 28.4900 29.1100 29.0100      0.5516       0.1300    4.2129            1
1992 01 26 28.2000 28.9800 28.8100      0.3055       0.0000    4.0529            1
1992 01 27 28.4100 29.0300 28.8000      0.2426       0.0000    3.8943            1
1992 01 28 28.4000 29.1800 29.0300      0.3474       0.0000    3.6886            1
1992 01 29 28.3600 29.2900 29.2600      0.2500       0.0000    3.4371            1
1992 01 30 28.3900 29.2500 29.2400      0.2248       0.0000    3.2314            1
1992 01 31 28.3600 29.4800 29.3600      0.5106       0.1100    3.0443            1
1992 02 01 28.3900 29.4900 29.3300      0.4819       0.0800    2.8886            1
1992 02 02 28.4900 29.3800 29.2300      0.3832       0.0000    2.7386            1
1992 02 03 28.6600 29.1600 28.9200      0.5874       0.0000    2.5771            1
1992 02 04 28.6800 29.0600 28.9700      0.6474       0.0300    2.5771            1
1992 02 05 28.6200 29.1500 29.1300      0.5165       0.0400    2.5771            1
1992 02 06 28.6400 29.2200 29.0800      0.6181       0.1400    2.4043            1
1992 02 07 28.8100 29.3900 29.2600      0.9265       0.3200    2.2371            1
1992 02 08 28.6700 29.4400 29.4200      0.7468       0.3000    2.0486            1
1992 02 09 28.6000 28.9400 28.7300      0.2945       0.0000    2.0486            1
1992 02 10 28.5800 28.9400 28.6800      0.1871       0.0000    2.0486            1
1992 02 11 28.2900 28.7400 28.6100      0.3032       0.0000    1.9029            1
1992 02 12 28.6700 29.6400 29.4700      0.6994       0.2500    1.7457            1
1992 02 13 28.9400 29.8500 29.7500      0.9187       0.4900    1.5443            1
1992 02 14 28.8700 29.8400 29.6700      0.8503       0.4500    1.3557            1
1992 02 15 29.1200 29.9800 29.9100      1.1000       0.6700    1.1671            1
1992 02 16 29.0500 29.8000 29.7100      0.8721       0.4300    0.9857            1
1992 02 17 28.9700 30.2900 29.9200      1.1028       0.6800    0.8243            1
1992 02 18 29.0600 30.2400 29.8700      1.0472       0.6100    0.6500            1
1992 02 19 28.9400 29.9400 29.7400      0.8938       0.4700    0.4814            1
1992 02 20 29.0300 29.7600 29.4300      1.2469       0.4900    0.3157            1
1992 02 21 29.0300 29.4500 29.2700      1.0524       0.3400    0.1571            1
1992 02 22 29.0300 29.5300 29.4100      1.2197       0.4700    0.0000            1
1992 02 23 29.1500 29.7500 29.7400      1.0721       0.6000    0.0000            1
1992 02 24 29.1200 29.8700 29.7700      1.1893       0.6900    0.0000            1
1992 02 25 29.0900 29.9400 29.7700      1.1248       0.6500    0.0000            1
1992 02 26 29.0800 30.1600 30.1000      1.2852       0.8500    0.0000            1
1992 02 27 28.9900 30.1100 30.0600      1.2566       0.8200    0.0000            1
1992 02 28 28.9100 29.9900 29.9400      1.1379       0.7000    0.0000            1
1992 02 29 28.8000 29.7100 29.5400      0.9334       0.4400    0.0000            1
1992 03 01 28.7300 29.6500 29.5700      0.9166       0.4300    0.0000            1
1992 03 02 28.8000 29.5600 29.5000      0.8962       0.4400    0.0000            1
1992 03 03 28.6800 29.5600 29.3900      0.8197       0.3400    0.0000            1
1992 03 04 28.6200 29.4400 29.3000      0.6883       0.2200    0.0000            1
1992 03 05 28.5900 29.3600 29.3400      0.7459       0.1900    0.0000            1
1992 03 06 28.5600 29.3800 29.3400      0.7514       0.1900    0.0000            1
1992 03 07 28.6300 29.4300 29.2000      0.9466       0.3200    0.0000            1
1992 03 08 28.6800 29.3000 29.1900      0.8769       0.2900    0.0000            1
1992 03 09 28.7300 29.3000 29.1600      0.8645       0.2600    0.0000            1
1992 03 10 28.7000 29.3500 29.0800      0.8186       0.1900    0.0000            1
1992 03 11 28.6800 29.3800 29.1600      1.1831       0.2300    0.0000            1
1992 03 12 28.5200 29.3900 29.1900      1.1959       0.2500    0.0000            1
1992 03 13 28.5600 29.3800 29.1500      1.2066       0.2300    0.0000            1
1992 03 14 28.2900 29.3300 29.1700      0.2207       0.0000    0.0000            1
1992 03 15 28.3400 29.2300 29.1300      0.1600       0.0000    0.0000            1
1992 03 16 28.2400 28.8700 28.7400      0.8090       0.0000    0.0000            1
1992 03 17 28.1500 28.7000 28.5600      0.6381       0.0000    0.0000            1
1992 03 18 27.9300 28.6600 28.6200      0.6242       0.0000    0.0000            1
1992 03 19 27.8600 29.0700 28.9800      0.9835       0.0400    0.0000            1
1992 03 20 27.9400 29.1200 29.0200      1.0119       0.0800    0.0000            1
1992 03 21 28.1700 29.2100 29.1000      1.0803       0.1600    0.0000            1
1992 03 22 28.2800 29.1800 29.0500      1.0532       0.1200    0.0000            1
1992 03 23 28.2900 28.9800 28.8400      0.7997       0.0000    0.0000            1
1992 03 24 28.1300 29.0200 28.8900      0.8971       0.0000    0.0000            1
1992 03 25 28.6200 29.5400 29.5000      0.8190       0.3600    0.0000            1
1992 03 26 28.7700 29.5400 29.4900      0.8019       0.3500    0.0000            1
1992 03 27 28.7800 29.2300 29.2300      0.6048       0.1400    0.0000            1
1992 03 28 28.6700 29.1100 29.0900      0.4961       0.0200    0.0000            1
1992 03 29 28.6400 29.0700 28.9900      0.5623       0.0400    0.0000            1
1992 03 30 28.4000 28.9100 28.7900      0.3781       0.0000    0.0000            1
1992 03 31 28.4400 28.7900 28.7400      0.3558       0.0000    0.0000            1
1992 04 01 28.4300 28.9000 28.8000      0.3845       0.0000    0.0000            1
1992 04 02 28.6300 29.2600 28.8400      0.4416       0.0000    0.0000            1
1992 04 03 29.2500 29.6700 29.6600      0.9506       0.6000    0.0000            1
1992 04 04 29.1600 29.8200 29.6300      0.9358       0.5800    0.0000            1
1992 04 05 28.8400 29.5500 29.5500      0.8271       0.4800    0.0000            1
1992 04 06 28.3100 29.6600 29.5300      1.1084       0.6400    0.0000            1
1992 04 07 28.3300 29.5400 29.3600      0.9097       0.4600    0.0000            1
1992 04 08 28.6900 30.2800 29.9900      1.5387       1.1000    0.1571            2
1992 04 09 28.7800 29.9100 29.7000      1.2200       0.8100    0.1571            2
1992 04 10 28.7800 29.7600 29.7300      1.1958       0.7500    0.1571            2
1992 04 11 28.8100 29.6200 29.5700      1.0506       0.6000    0.1571            2
1992 04 12 28.9000 29.6000 29.4700      1.0052       0.5800    0.1571            2
1992 04 13 28.9500 29.6200 29.5000      0.9694       0.6000    0.1571            2
1992 04 14 28.9300 29.6500 29.5700      1.0394       0.6700    0.1571            2
1992 04 15 29.0600 29.7400 29.6400      1.1000       0.7400    0.1571            1
1992 04 16 29.0900 29.8000 29.6700      1.1003       0.7700    0.1571            1
1992 04 17 29.1100 29.9300 29.7500      1.1800       0.8500    0.1571            1
1992 04 18 29.0500 29.9300 29.9200      1.1450       0.8300    0.1571            1
1992 04 19 29.1500 29.7900 29.7700      0.9647       0.6700    0.1571            1
1992 04 20 29.0400 29.5100 29.4200      0.9267       0.5500    0.1571            1
1992 04 21 28.6600 29.4100 29.3400      0.8200       0.4600    0.1571            1
1992 04 22 28.5800 29.4100 29.3800      0.8050       0.4600    0.1571            1
1992 04 23 28.5800 30.1200 29.8800      0.7887       0.6200    0.1571            1
1992 04 24 28.1400 30.1700 29.8200      0.7510       0.5900    0.1571            1
1992 04 25 27.7800 29.6300 29.3100      0.8567       0.3600    0.1571            1
1992 04 26 27.8000 29.4700 29.4600      0.3083       0.1500    0.1571            1
1992 04 27 28.6100 30.0000 29.8800      0.8360       0.6500    0.1571            1
1992 04 28 29.0400 29.8000 29.6500      0.7257       0.5500    0.1571            1
1992 04 29 29.1300 29.8100 29.7100      0.7960       0.6200    0.1571            1
1992 04 30 29.2200 29.6400 29.5100      0.7850       0.6000    0.1571            1
1992 05 01 28.7900 29.3500 29.2700      0.6100       0.3900    0.1571            1
1992 05 02 28.8700 29.3700 29.3000      0.5813       0.4000    0.1571            1
1992 05 03 28.8500 29.3000 29.2400      0.4920       0.3300    0.1571            1
1992 05 04 29.0500 29.4600 29.3600      0.6937       0.4900    0.1571            1
1992 05 05 28.8800 29.5600 29.5200      0.9667       0.5900    0.1571            1
1992 05 06 28.9400 29.7700 29.7000      1.1330       0.7700    0.1571            1
1992 05 07 29.1000 29.8000 29.5100      0.8060       0.6400    0.1571            1
1992 05 08 29.1600 30.3200 30.2200      1.6333       1.2700    0.3386            2
1992 05 09 29.6400 30.4400 30.3100      1.6980       1.3600    0.5329            2
1992 05 10 29.6100 30.4700 30.3100      1.6633       1.3600    0.7271            2
1992 05 11 29.4800 30.5100 30.3300      1.6620       1.3900    0.9257            2
1992 05 12 29.4900 30.5400 30.3600      1.7320       1.4400    1.1314            2
1992 05 13 29.4400 30.4400 30.2300      1.5880       1.3100    1.3186            2
1992 05 14 29.5100 30.2700 30.1000      1.4440       1.1800    1.4871            2
1992 05 15 29.3800 30.7100 30.5500      1.8700       1.6200    1.7186            2
1992 05 16 29.2800 30.6100 30.5400      1.8187       1.5900    1.9457            2
1992 05 17 29.4700 30.5600 30.5000      1.8074       1.5700    2.1700            2
1992 05 18 29.4900 30.5100 30.4400      1.7442       1.5100    2.3857            2
1992 05 19 29.4900 30.3200 30.2900      1.5648       1.3400    2.5771            2
1992 05 20 29.8300 30.5000 30.4700      1.7719       1.5400    2.7971            2
1992 05 21 29.8300 30.2700 30.2500      1.5245       1.3000    2.9829            2
1992 05 22 29.6800 30.3200 30.1600      1.4219       1.2200    3.1571            2
1992 05 23 29.5400 30.0400 29.9900      1.0381       1.0200    3.3029            2
1992 05 24 29.2200 29.7200 29.6600      0.7274       0.7100    3.3029            2
1992 05 25 29.2500 30.2100 30.2000      0.9826       0.9600    3.3029            2
1992 05 26 29.6200 30.3800 30.3500      1.1348       1.1100    3.4614            2
1992 05 27 29.7700 30.4500 30.4500      1.2432       1.2200    3.6357            2
1992 05 28 29.6400 30.3500 30.3200      1.3735       1.3400    3.8271            2
1992 05 29 29.6700 30.4900 30.4600      1.5016       1.4700    4.0371            3
1992 05 30 29.6000 30.1600 29.9800      1.1148       1.0800    4.1914            3
1992 05 31 29.5700 30.1300 29.9400      1.1003       1.0500    4.3414            3
1992 06 01 29.8700 30.2500 30.0900      1.2255       1.1900    4.5114            3
1992 06 02 29.7800 30.1600 30.0100      1.2794       1.0700    4.6643            3
1992 06 03 29.7700 30.1800 30.0200      1.2671       1.0800    4.8186            3
1992 06 04 29.3900 30.3400 30.2000      1.0252       0.9800    4.8186            3
1992 06 05 29.4600 30.0300 29.7600      0.9758       0.8100    4.8186            3
1992 06 06 29.5600 30.0700 29.9700      1.2374       1.0400    4.9671            3
1992 06 07 29.4800 30.0500 29.8800      1.1629       0.9500    4.9671            3
1992 06 08 29.4200 29.9900 29.8700      1.1313       0.9300    4.9671            3
1992 06 09 29.3100 29.9300 29.6200      0.9239       0.7000    4.9671            3
1992 06 10 29.4200 30.3000 30.2100      0.9135       0.8800    4.9671            3
1992 06 11 29.7300 30.9100 30.4200      1.5600       1.5100    5.1829            3
1992 06 12 29.7400 31.2800 30.4200      1.5700       1.5200    5.4000            3
1992 06 13 29.6100 30.9100 30.0500      1.2987       1.2000    5.5714            3
1992 06 14 29.6100 30.7400 30.0100      1.1894       1.1300    5.7329            3
1992 06 15 29.6000 30.2800 30.1600      1.2900       1.2200    5.9071            3
1992 06 16 29.5300 30.2700 30.1300      1.2660       1.1900    6.0771            3
1992 06 17 29.4000 30.1400 30.0200      1.1440       1.0700    6.2300            3
1992 06 18 29.3400 29.8100 29.7300      0.8610       0.7800    6.2300            3
1992 06 19 29.4700 29.9900 29.8000      0.9393       0.8600    6.2300            3
1992 06 20 29.4200 30.2000 29.9100      1.1050       1.0200    6.3757            3
1992 06 21 29.4900 30.1800 30.1800      1.0260       0.9700    6.3757            3
1992 06 22 29.4800 30.1200 30.0900      0.9783       0.9200    6.3757            3
1992 06 23 29.4800 30.6900 30.5700      1.8520       1.6400    6.6100            3
1992 06 24 29.6700 30.4400 30.3500      1.2860       1.1200    6.7700            3
1992 06 25 29.5600 30.1500 29.8900      1.1567       0.9600    6.7700            3
1992 06 26 29.4000 30.1700 30.1200      1.0700       0.8700    6.7700            3
1992 06 27 29.2000 29.9600 29.9100      0.8740       0.6800    6.7700            3
1992 06 28 29.0200 29.9600 29.9100      0.8743       0.6800    6.7700            3
1992 06 29 28.8600 29.8000 29.5500      0.6580       0.5400    6.7700            3
1992 06 30 28.8300 29.5500 29.5300      0.5400       0.3200    6.7700            3
1992 07 01 29.0000 29.4900 29.2500      0.5000       0.3200    6.6129            1
1992 07 02 29.0700 29.5400 29.4000      0.6400       0.4600    6.6129            1
1992 07 03 29.3600 30.0500 29.8600      1.1100       0.9300    6.6129            1
1992 07 04 29.6600 30.0600 30.0300      1.1193       0.9700    6.6129            1
1992 07 05 29.6400 29.9800 29.7600      1.0433       0.8800    6.6129            1
1992 07 06 29.5300 29.9400 29.9100      1.1820       1.0100    6.7571            3
1992 07 07 29.5400 29.9500 29.7600      1.0640       0.8900    6.7571            3
1992 07 08 29.5700 30.0200 29.9600      1.2427       1.0600    6.9086            3
1992 07 09 29.4100 29.9400 29.7100      0.9980       0.8100    6.9086            3
1992 07 10 29.4300 29.9200 29.7500      1.0433       0.8600    6.9086            3
1992 07 11 29.4700 29.9700 29.8800      1.1300       0.9500    6.9086            3
1992 07 12 29.2200 30.1400 30.0300      1.2800       1.1000    7.0657            3
1992 07 13 29.1200 30.0600 29.9800      1.2300       1.0500    7.2157            3
1992 07 14 29.0300 30.1500 29.9200      1.1600       0.9800    7.2157            3
1992 07 15 29.2900 30.0000 29.8900      1.1300       0.9400    7.2157            3
1992 07 16 29.2600 30.0000 29.9400      1.2110       0.8300    7.2157            3
1992 07 17 28.9100 29.6300 29.5800      0.8319       0.4500    7.2157            3
1992 07 18 29.1000 30.0800 29.9100      1.1397       0.9700    7.2157            3
1992 07 19 29.0700 30.0700 29.8200      1.0629       0.8800    7.2157            3
1992 07 20 29.0300 30.2100 29.8800      1.1277       0.9300    7.2157            1
1992 07 21 28.9700 29.9400 29.7600      1.0681       0.8600    7.2157            1
1992 07 22 29.0300 30.1300 30.0900      1.3326       1.1500    7.3800            3
1992 07 23 29.0400 29.7200 29.6500      0.9084       0.7000    7.3800            3
1992 07 24 28.7800 29.3900 29.2600      0.5161       0.3200    7.3800            3
1992 07 25 28.7300 29.6100 29.5300      0.7955       0.5800    7.3800            3
1992 07 26 28.6800 29.5300 29.4700      0.7619       0.5400    7.3800            3
1992 07 27 28.5100 29.5900 29.5500      0.8226       0.6000    7.3800            3
1992 07 28 28.5900 29.7100 29.6900      0.9561       0.7400    7.3800            3
1992 07 29 28.5900 29.5800 29.5000      0.7897       0.5500    7.3800            1
1992 07 30 29.0300 29.9600 29.8400      1.1390       0.9300    7.3800            1
1992 07 31 29.3000 29.8300 29.7600      1.0306       0.6400    7.1986            1
1992 08 01 29.0000 29.7800 29.6000      0.8819       0.5000    7.0043            1
1992 08 02 29.0200 29.7200 29.5900      0.8632       0.4700    6.8100            1
1992 08 03 28.9500 29.5700 29.3700      0.6577       0.4500    6.6114            1
1992 08 04 29.0000 29.5200 29.3700      0.6606       0.4600    6.4057            1
1992 08 05 29.0600 29.7000 29.6200      0.9210       0.6800    6.2186            1
1992 08 06 29.2200 29.5400 29.3900      0.6858       0.4800    6.0500            1
1992 08 07 29.1700 29.8400 29.8100      0.8419       0.4800    5.8186            1
1992 08 08 28.8400 29.5000 29.1200      0.4213       0.2000    5.5914            1
1992 08 09 28.7700 29.6600 29.5800      0.6484       0.2700    5.3671            1
1992 08 10 28.5700 29.1200 28.8100      0.1216       0.0000    5.1514            1
1992 08 11 28.9300 29.3300 29.2100      0.5100       0.3000    4.9600            1
1992 08 12 28.8100 29.5100 29.2400      0.5410       0.3400    4.7400            1
1992 08 13 28.9400 29.7700 29.6500      0.9506       0.7600    4.5543            1
1992 08 14 29.1700 29.9800 29.9000      1.2106       1.0100    4.5243            3
1992 08 15 28.9200 29.7400 29.6700      0.9800       0.7800    4.3786            3
1992 08 16 28.8900 29.2600 29.2000      0.4935       0.3000    4.3786            3
1992 08 17 28.5400 28.9900 28.8800      0.1671       0.0000    4.3786            3
1992 08 18 28.5000 29.4700 29.4700      0.5187       0.1500    4.2200            3
1992 08 19 29.1500 30.0700 29.8700      0.8929       0.5300    4.0457            3
1992 08 20 28.7400 29.8700 29.7600      0.8013       0.4500    3.8543            3
1992 08 21 29.1100 29.8700 29.7500      0.7674       0.4200    3.6443            1
1992 08 22 28.9800 29.9500 29.8300      0.8458       0.5200    3.4900            1
1992 08 23 28.9600 29.9500 29.8400      0.8432       0.5100    3.3400            1
1992 08 24 28.7400 29.8800 29.7900      0.7861       0.4600    3.1700            1
1992 08 25 28.6500 29.7800 29.6700      0.6626       0.3600    3.0171            1
1992 08 26 28.5500 29.6900 29.6200      0.6019       0.2900    2.8629            1
1992 08 27 28.6500 29.6800 29.6200      0.5926       0.2900    2.8629            1
1992 08 28 28.6200 29.7100 29.6700      0.6594       0.3700    2.8629            1
1992 08 29 28.8900 30.0000 29.9100      0.8697       0.5800    2.7143            1
1992 08 30 28.5600 29.8200 29.7200      0.6787       0.4100    2.7143            1
1992 08 31 28.3300 29.6000 29.5600      0.5116       0.2300    2.7143            1
1992 09 01 27.8500 28.9000 28.8900      0.0858       0.0000    2.7143            1
1992 09 02 28.2300 29.1400 29.1400      0.1116       0.0000    2.7143            1
1992 09 03 28.3700 29.4400 29.1500      0.2968       0.0900    2.4986            1
1992 09 04 28.6600 29.6900 29.3000      0.4558       0.3600    2.2814            1
1992 09 05 28.4400 29.6800 29.5800      0.4965       0.3500    2.1100            1
1992 09 06 28.2900 30.2300 29.5600      0.6913       0.6100    1.9486            1
1992 09 07 28.5400 30.3100 29.6700      0.8023       0.7300    1.7743            1
1992 09 08 28.5400 30.1700 29.6200      0.7332       0.6700    1.6043            1
1992 09 09 28.7100 29.9800 29.4600      0.5861       0.5300    1.4514            1
1992 09 10 28.7200 30.0300 29.5400      0.6352       0.5900    1.4514            1
1992 09 11 28.7300 30.2100 29.8700      0.9648       0.9300    1.4514            1
1992 09 12 28.2900 29.3600 29.1800      0.2561       0.2300    1.3057            1
1992 09 13 28.3000 29.2100 29.1200      0.1894       0.1700    1.3057            1
1992 09 14 28.4800 29.3600 29.2800      0.3584       0.3500    1.3057            1
1992 09 15 28.6000 29.2200 29.1300      0.2400       0.2300    1.0714            1
1992 09 16 28.4200 29.2300 29.1200      0.2230       0.1900    0.9114            1
1992 09 17 28.4900 29.1800 29.0900      0.2040       0.1000    0.9114            1
1992 09 18 28.8700 29.4700 29.1900      0.2960       0.2000    0.9114            1
1992 09 19 28.9400 29.5300 29.1700      0.3160       0.3000    0.9114            1
1992 09 20 28.9800 29.7900 29.7600      0.6000       0.4400    0.9114            1
1992 09 21 28.7200 29.6900 29.4900      0.6140       0.4000    0.9114            1
1992 09 22 29.1200 29.8500 29.7600      0.8863       0.7900    0.9114            1
1992 09 23 29.2500 29.8500 29.7600      0.8600       0.8200    0.9114            1
1992 09 24 29.1700 29.9900 29.9200      1.0470       0.9900    0.9114            1
1992 09 25 29.2100 29.6300 29.6100      0.7367       0.6500    0.9114            1
1992 09 26 29.3400 29.7000 29.6500      0.7893       0.7200    0.9114            1
1992 09 27 29.3000 29.7200 29.5600      0.6620       0.5900    0.9114            1
1992 09 28 28.8100 29.4400 29.1300      0.2590       0.2200    0.7671            1
1992 09 29 28.7900 29.3200 29.0900      0.2753       0.2100    0.7671            1
1992 09 30 28.7900 29.4600 29.1500      0.3050       0.2500    0.6157            1
1992 10 01 28.5500 29.3300 29.2900      0.2800       0.0700    0.6157            1
1992 10 02 28.5500 29.3800 29.2900      0.2800       0.0600    0.6157            1
1992 10 03 28.6700 29.4300 29.3700      0.3480       0.1000    0.6157            1
1992 10 04 28.5500 29.3400 29.2900      0.2627       0.0500    0.4586            1
1992 10 05 28.4100 29.2500 29.2000      0.1833       0.0000    0.3086            1
1992 10 06 28.3700 29.2400 29.2100      0.1900       0.0000    0.3086            1
1992 10 07 28.4200 29.4100 29.3800      0.3600       0.1600    0.3086            1
1992 10 08 28.0700 29.5600 29.5200      0.5100       0.3100    0.3086            1
1992 10 09 28.3100 29.4500 29.3200      0.3840       0.2700    0.3086            1
1992 10 10 28.6000 30.0500 30.0100      0.9900       0.7600    0.3086            1
1992 10 11 28.4900 29.5100 29.4200      0.4900       0.3700    0.3086            1
1992 10 12 28.5300 29.3500 29.1300      0.2380       0.1300    0.3086            1
1992 10 13 28.5200 29.3200 29.0800      0.1600       0.0500    0.3086            1
1992 10 14 28.4300 29.3900 29.3400      0.3193       0.0600    0.1443            1
1992 10 15 28.5500 29.4000 29.3800      0.3600       0.0900    0.1443            1
1992 10 16 28.7000 29.3700 29.3700      0.3394       0.0900    0.1443            1
1992 10 17 29.2400 29.9700 29.8100      0.8694       0.7500    0.1443            1
1992 10 18 29.1800 30.2700 29.8700      1.1455       0.9400    0.1443            1
1992 10 19 29.1100 30.1200 30.0700      1.0129       0.9200    0.1443            1
1992 10 20 28.6300 29.8200 29.6500      0.8926       0.7100    0.1443            1
1992 10 21 28.3400 29.6600 29.4600      0.7071       0.5200    0.1443            1
1992 10 22 28.4400 29.7000 29.4500      0.7561       0.5300    0.1443            1
1992 10 23 28.5100 29.8800 29.4800      0.7735       0.5500    0.1443            1
1992 10 24 28.6900 30.0400 29.7800      0.6645       0.4800    0.1443            1
1992 10 25 28.7200 29.9300 29.3200      0.6326       0.3800    0.1443            1
1992 10 26 28.5200 29.7800 29.4100      0.7161       0.4800    0.1443            1
1992 10 27 28.6000 30.0400 29.9800      0.7945       0.6400    0.1443            1
1992 10 28 28.8600 30.2200 30.1400      0.9816       0.8100    0.1443            1
1992 10 29 28.7500 30.0700 29.9600      0.8200       0.6400    0.1443            1
1992 10 30 28.6200 29.9200 29.8300      0.6406       0.4900    0.1443            1
1992 10 31 28.4600 29.6700 29.5600      0.3697       0.2400    0.1443            1
1992 11 01 28.4600 29.6900 29.5500      0.3745       0.2300    0.1443            1
1992 11 02 27.8200 30.0000 29.7500      0.5942       0.4200    0.1443            1
1992 11 03 28.2700 29.6500 29.5700      0.6077       0.4900    0.1443            1
1992 11 04 27.8700 29.5400 29.4100      0.2765       0.1000    0.1443            1
1992 11 05 27.7300 29.4000 29.2500      0.0932       0.0000    0.1443            1
1992 11 06 27.8300 29.6000 29.4200      0.2729       0.0900    0.0000            1
1992 11 07 27.8300 29.6300 29.4600      0.3126       0.1300    0.0000            1
1992 11 08 27.9800 29.8500 29.7700      0.6045       0.4400    0.0000            1
1992 11 09 28.0700 29.8900 29.8300      0.6558       0.4900    0.0000            1
1992 11 10 28.0900 29.7600 29.7100      0.5348       0.3700    0.0000            1
1992 11 11 28.0600 29.7500 29.6700      0.5113       0.3400    0.0000            1
1992 11 12 27.1900 29.6200 29.5500      0.5087       0.3100    0.0000            1
1992 11 13 27.3400 29.5500 29.5000      0.4332       0.1900    0.0000            1
1992 11 14 27.1700 29.5200 29.4500      0.3916       0.2000    0.0000            1
1992 11 15 28.4200 29.6600 29.5300      0.4800       0.2700    0.0000            1
1992 11 16 28.2700 29.3300 28.9400      0.3177       0.0100    0.0000            1
1992 11 17 28.0000 29.2900 29.2200      0.2020       0.0000    0.0000            1
1992 11 18 27.8100 28.8400 28.8200     -0.2110       0.0000    0.0000            1
1992 11 19 27.4500 28.5600 28.3500     -0.7847       0.0000    0.0000            1
1992 11 20 26.9700 28.1200 27.9700     -1.0950       0.0000    0.0000            1
1992 11 21 27.0500 28.4200 28.2400     -0.8220       0.0000    0.0000            1
1992 11 22 27.2000 28.6800 28.5100     -0.5523       0.0000    0.0000            1
1992 11 23 27.7400 29.3100 29.1300      0.0647       0.0000    0.0000            0
1992 11 24 28.2400 29.9400 29.8700      0.6410       0.5300    0.0000            1
1992 11 25 28.4900 30.1400 30.0900      0.8933       0.7700    0.0000            1
1992 11 26 28.3900 30.1600 30.1400      0.9090       0.8000    0.0000            1
1992 11 27 28.3000 29.9700 29.9500      0.7180       0.6100    0.0000            1
1992 11 28 28.3600 29.9700 29.9300      0.7597       0.6000    0.0000            1
1992 11 29 28.3900 29.8500 29.7600      0.5933       0.4400    0.0000            1
1992 11 30 28.3700 29.6300 29.4200      0.3600       0.2300    0.0000            1
1992 12 01 28.6100 29.9000 29.8200      0.6227       0.5000    0.0000            1
1992 12 02 28.7000 29.8000 29.7500      0.5273       0.4300    0.0000            1
1992 12 03 28.7100 29.8400 29.8000      0.7300       0.5600    0.0000            1
1992 12 04 28.8400 29.9600 29.9200      0.8210       0.6800    0.0000            1
1992 12 05 28.7900 30.0800 29.9700      0.9900       0.8700    0.0000            1
1992 12 06 28.4400 29.8400 29.7500      0.7470       0.6300    0.0000            1
1992 12 07 29.2200 30.6000 30.5000      1.4327       1.2100    0.1729            2
1992 12 08 29.3300 30.0000 29.9600      0.8840       0.7600    0.1729            2
1992 12 09 29.1900 30.1400 30.1200      1.0340       0.8400    0.1729            2
1992 12 10 29.3800 30.2000 30.1700      1.0917       0.8800    0.1729            2
1992 12 11 29.3300 30.1000 29.7200      0.7407       0.7200    0.1729            2
1992 12 12 29.0900 29.9900 29.7300      0.6230       0.5500    0.1729            2
1992 12 13 29.1100 29.8800 29.6600      0.6533       0.6000    0.1729            2
1992 12 14 29.1300 29.9700 29.9000      0.6710       0.5600    0.1729            1
1992 12 15 28.5900 29.6400 29.6400      0.5600       0.4100    0.1729            1
1992 12 16 28.5400 29.2800 29.1500      0.1316       0.0200    0.1729            1
1992 12 17 28.3400 29.2700 29.1400      0.1332       0.0100    0.1729            1
1992 12 18 28.6800 29.5700 29.4300      0.4329       0.3700    0.1729            1
1992 12 19 28.9700 29.9700 29.9500      0.8665       0.8000    0.1729            1
1992 12 20 28.9100 30.1000 30.0700      0.8639       0.7300    0.1729            1
1992 12 21 28.9800 29.9900 29.9500      0.7426       0.6100    0.1729            1
1992 12 22 29.0300 30.0000 29.9700      0.7774       0.6300    0.1729            1
1992 12 23 28.4800 29.7100 29.5700      0.4145       0.2500    0.1729            1
1992 12 24 28.3900 29.6500 29.3100      0.4145       0.2100    0.1729            1
1992 12 25 28.6000 29.5500 29.4600      0.5526       0.3400    0.1729            1
1992 12 26 28.4100 29.6500 29.5600      0.6513       0.4200    0.1729            1
1992 12 27 28.3700 29.5400 29.3600      0.5555       0.3700    0.1729            1
1992 12 28 28.2900 29.4900 29.3000      0.5042       0.3100    0.1729            1
1992 12 29 28.4300 29.5100 29.2600      0.4800       0.2800    0.1729            1
1992 12 30 28.4500 29.5300 29.4600      0.4716       0.1700    0.1729            1
1992 12 31 28.4500 29.5700 29.4400      0.4639       0.1600    0.1729            1
1993 01 01 28.2100 29.2700 29.2000      0.1106       0.0000    0.1729            1
1993 01 02 28.3800 30.3600 30.2400      1.2877       0.9600    0.1729            1
1993 01 03 28.5000 30.7900 30.5000      1.5526       1.2600    0.3529            2
1993 01 04 28.4100 30.9000 30.6100      1.6655       1.3700    0.5486            2
1993 01 05 28.2800 30.3200 30.0200      1.0855       0.7800    0.5486            2
1993 01 06 28.2000 29.8800 29.6700      0.7461       0.3900    0.5486            2
1993 01 07 28.4500 29.6500 29.4500      0.5284       0.1700    0.5486            2
1993 01 08 28.3800 29.5800 29.4600      0.5713       0.2200    0.5486            2
1993 01 09 28.4000 29.3800 29.3800      0.5158       0.1800    0.5486            2
1993 01 10 28.4100 29.2800 28.9200      0.4416       0.0600    0.5486            2
1993 01 11 28.7400 29.5000 29.4700      0.5977       0.2400    0.5486            1
1993 01 12 28.8900 29.5200 29.2300      0.6819       0.3300    0.5486            1
1993 01 13 28.8700 29.5400 29.4800      0.6594       0.3200    0.5486            1
1993 01 14 28.9500 29.9700 29.9100      1.4700       0.9600    0.5486            1
1993 01 15 29.0100 29.9700 29.9500      1.5300       1.0000    0.6914            2
1993 01 16 29.1000 29.8100 29.8000      1.3645       0.8500    0.6914            2
1993 01 17 29.0200 29.8000 29.7900      1.3590       0.8400    0.6914            2
1993 01 18 29.2400 29.6700 29.5500      0.8610       0.4900    0.6914            2
1993 01 19 28.9700 29.5300 29.4200      0.7687       0.3000    0.6914            2
1993 01 20 28.8400 29.4600 29.2600      0.6713       0.2800    0.6914            2
1993 01 21 28.9400 29.3200 29.1500      0.7894       0.2200    0.6914            2
1993 01 22 29.0500 29.4900 29.4700      0.9048       0.5500    0.6914            1
1993 01 23 29.2000 29.8400 29.8300      1.3006       0.9300    0.6914            1
1993 01 24 29.1300 29.9500 29.8900      1.5632       0.9600    0.6914            1
1993 01 25 29.1800 29.8800 29.6100      1.0226       0.6200    0.6914            1
1993 01 26 29.0000 29.9200 29.8800      1.0452       0.6600    0.6914            1
1993 01 27 29.0000 29.9100 29.5900      1.1048       0.7100    0.6914            1
1993 01 28 29.0800 30.1300 30.1300      1.1142       0.8000    0.6914            1
1993 01 29 28.5800 29.7400 29.6700      0.6935       0.3400    0.6914            1
1993 01 30 28.6000 29.8400 29.3400      0.8881       0.4200    0.6914            1
1993 01 31 28.7800 29.8500 29.7600      0.7894       0.4600    0.6914            1
1993 02 01 28.8300 29.6400 29.3400      0.7894       0.3800    0.6914            1
1993 02 02 28.5200 29.4800 29.1900      0.7081       0.3000    0.6914            1
1993 02 03 28.3300 29.4500 29.2200      0.6974       0.3000    0.6914            1
1993 02 04 28.3500 29.0300 28.9900      0.5045       0.0600    0.6914            1
1993 02 05 28.4300 29.3300 29.2500      0.7742       0.3600    0.6914            1
1993 02 06 28.4700 29.8800 29.7200      1.2326       0.8200    0.6914            1
1993 02 07 28.4500 29.8500 29.6800      1.1945       0.7800    0.6914            1
1993 02 08 28.3500 29.9000 29.6900      1.2065       0.7900    0.6914            1
1993 02 09 28.4200 29.8600 29.6500      1.1684       0.7500    0.6914            1
1993 02 10 28.5100 29.8900 29.7100      1.2271       0.8000    0.6914            1
1993 02 11 28.2000 29.1100 28.9800      0.5110       0.0900    0.6914            1
1993 02 12 27.9600 29.0900 28.9900      0.5023       0.0800    0.6914            1
1993 02 13 28.8100 29.7200 29.6200      1.1735       0.7300    0.6914            1
1993 02 14 28.7900 29.6500 29.6500      0.9890       0.6100    0.6914            1
1993 02 15 28.5800 29.3000 29.2900      0.6700       0.2800    0.6914            1
1993 02 16 29.0300 29.3900 29.3600      0.7564       0.3600    0.6914            1
1993 02 17 28.8800 29.7600 29.7000      1.4336       0.7600    0.6914            1
1993 02 18 28.8200 29.7800 29.7300      1.4775       0.8000    0.6914            1
1993 02 19 29.1100 29.6100 29.5500      1.0929       0.6300    0.6914            1
1993 02 20 29.0000 29.7000 29.4800      1.0068       0.5400    0.6914            1
1993 02 21 29.0300 29.6800 29.4600      1.0143       0.5400    0.6914            1
1993 02 22 29.0600 29.7400 29.6100      1.1350       0.6500    0.6914            1
1993 02 23 28.8000 29.5600 29.4800      1.0671       0.5800    0.6914            1
1993 02 24 28.6400 29.6000 29.5800      1.1150       0.6200    0.6914            1
1993 02 25 28.5800 29.3500 29.3300      0.7271       0.3000    0.6914            1
1993 02 26 28.4700 29.3200 29.3000      0.6911       0.2600    0.6914            1
1993 02 27 28.3800 29.2000 29.1500      1.0086       0.2000    0.6914            1
1993 02 28 28.5000 29.2200 29.1500      1.0125       0.2100    0.6914            1
1993 03 01 28.4800 29.2700 29.2400      0.6150       0.1600    0.5186            1
1993 03 02 28.6400 29.5600 29.3500      0.8211       0.3500    0.5186            1
1993 03 03 28.7300 29.6600 29.6500      0.8529       0.4100    0.5186            1
1993 03 04 28.6000 29.6800 29.6300      0.8643       0.3900    0.5186            1
1993 03 05 28.2700 29.5100 29.4200      0.6557       0.1800    0.5186            1
1993 03 06 27.6600 29.8800 29.8300      0.8593       0.4900    0.5186            1
1993 03 07 27.4500 29.5100 29.3900      0.6286       0.1500    0.5186            1
1993 03 08 27.3700 29.4200 29.3100      0.5700       0.0800    0.5186            1
1993 03 09 28.0800 29.4500 29.4300      0.4357       0.1300    0.5186            1
1993 03 10 28.2600 30.1200 30.0200      1.0418       0.7000    0.5186            1
1993 03 11 28.4300 30.1700 30.0700      1.0900       0.7600    0.5186            1
1993 03 12 28.2600 30.2400 30.1700      1.1589       0.8600    0.5186            1
1993 03 13 28.0200 30.0400 29.9600      0.9886       0.6600    0.5186            1
1993 03 14 27.9500 30.0400 29.9200      0.9104       0.6100    0.5186            1
1993 03 15 28.0800 29.6000 29.5800      0.5400       0.2400    0.5186            1
1993 03 16 27.8500 29.3600 29.3300      0.5342       0.0800    0.5186            1
1993 03 17 27.9900 29.3200 29.1600      0.5745       0.0500    0.5186            1
1993 03 18 27.7500 29.3300 29.3100      0.5245       0.0800    0.5186            1
1993 03 19 27.8700 29.2200 29.2200      0.4068       0.0000    0.5186            1
1993 03 20 27.4200 29.2600 29.0200      0.4326       0.0000    0.5186            1
1993 03 21 27.7400 29.1400 28.9700      0.6339       0.0600    0.5186            1
1993 03 22 28.1900 29.4800 29.3200      1.1123       0.4600    0.5186            1
1993 03 23 28.1800 29.4100 29.2600      1.0203       0.3900    0.5186            1
1993 03 24 28.0300 29.4900 29.3400      1.0145       0.4500    0.5186            1
1993 03 25 28.7300 29.8200 29.6700      1.3697       0.7900    0.5186            1
1993 03 26 28.8300 29.9200 29.8700      1.4474       0.9100    0.5186            1
1993 03 27 29.0800 30.0800 30.0600      1.5216       1.0700    0.6714            2
1993 03 28 28.7200 30.0200 30.0100      1.3668       0.9700    0.4914            2
1993 03 29 28.3400 29.9400 29.7200      1.3345       0.8200    0.2957            2
1993 03 30 28.1400 29.9800 29.9200      1.2394       0.8600    0.2957            2
1993 03 31 28.1800 29.8300 29.7900      1.1006       0.7300    0.2957            2
1993 04 01 28.3100 29.9300 29.8000      1.1219       0.7600    0.2957            2
1993 04 02 28.5600 29.9700 29.7600      1.0874       0.7300    0.2957            2
1993 04 03 28.7000 29.6900 29.3600      0.8961       0.4500    0.2957            1
1993 04 04 28.5300 29.5900 29.5000      0.3574       0.1800    0.2957            1
1993 04 05 28.4700 29.7900 29.7500      1.0039       0.6700    0.2957            1
1993 04 06 28.5900 29.8800 29.8300      1.0655       0.7400    0.2957            1
1993 04 07 28.5400 29.8500 29.8100      1.0594       0.6800    0.2957            1
1993 04 08 28.4700 29.8300 29.8000      1.0452       0.6700    0.2957            1
1993 04 09 28.8900 29.7000 29.6200      0.8945       0.5300    0.1529            1
1993 04 10 29.2800 29.7800 29.6900      0.9552       0.6600    0.1529            1
1993 04 11 29.2300 29.7200 29.6700      0.8735       0.5900    0.1529            1
1993 04 12 29.2000 29.7300 29.6500      0.8771       0.6000    0.1529            1
1993 04 13 29.2300 29.7100 29.6400      0.8274       0.5600    0.1529            1
1993 04 14 29.3700 29.8800 29.7400      0.9287       0.6800    0.1529            1
1993 04 15 29.3300 29.8600 29.7000      0.9000       0.6500    0.1529            1
1993 04 16 29.2500 29.8200 29.7000      0.8617       0.6200    0.1529            1
1993 04 17 29.1300 30.2800 30.1700      1.3533       1.1200    0.3129            2
1993 04 18 28.7800 30.3000 30.2100      1.3850       1.1600    0.4786            2
1993 04 19 28.5800 30.3600 30.2500      1.4167       1.2000    0.6500            2
1993 04 20 28.7400 30.2100 30.1400      1.0683       0.8600    0.6500            2
1993 04 21 28.9600 30.3600 30.2200      1.1760       0.9600    0.6500            2
1993 04 22 28.9700 30.2600 30.1300      1.0470       0.8400    0.6500            2
1993 04 23 29.0600 30.1900 30.0300      0.9680       0.7700    0.6500            2
1993 04 24 29.0500 30.1600 30.0200      0.9290       0.7400    0.6500            2
1993 04 25 29.5400 30.0500 29.8700      1.0833       0.8900    0.6500            2
1993 04 26 29.5600 30.1300 30.0200      1.3713       1.0800    0.8043            2
1993 04 27 29.6300 30.1100 30.1100      1.2840       1.0500    0.9543            2
1993 04 28 29.7900 30.4300 30.2600      1.3727       1.1800    1.1229            2
1993 04 29 29.3100 30.2200 30.1200      1.0040       0.8600    1.1229            2
1993 04 30 29.2700 30.2400 30.1500      1.0050       0.8900    1.1229            2
1993 05 01 29.2200 30.0000 29.7200      1.1820       0.7700    1.1229            2
1993 05 02 29.1600 30.0300 29.9300      0.7597       0.6600    1.1229            2
1993 05 03 28.7100 29.8400 29.7800      0.5900       0.4900    1.1229            2
1993 05 04 28.2700 29.5600 29.5100      0.2203       0.1800    1.1229            2
1993 05 05 28.9100 29.5800 29.3600      0.3700       0.2600    1.1229            1
1993 05 06 28.8800 29.8300 29.8300      0.8420       0.7400    1.1229            1
1993 05 07 28.8800 29.9700 29.9600      0.9300       0.8500    1.1229            1
1993 05 08 29.4800 30.2800 30.1000      1.1160       1.0600    1.2743            2
1993 05 09 29.4500 30.0700 29.9500      0.9580       0.9100    1.2743            2
1993 05 10 29.5500 30.1500 30.1400      1.0767       0.9400    1.2743            2
1993 05 11 29.5300 30.0900 30.0100      0.9753       0.9300    1.2743            2
1993 05 12 29.3700 29.7900 29.7900      0.7130       0.6800    1.2743            2
1993 05 13 29.2800 29.7200 29.7100      0.6433       0.6200    1.2743            2
1993 05 14 28.8700 29.4600 29.3900      0.3220       0.3100    1.2743            2
1993 05 15 28.7500 29.4700 29.4600      0.3800       0.3800    1.2743            1
1993 05 16 28.7300 29.4400 29.3100      0.2277       0.1600    1.2743            1
1993 05 17 28.9700 29.4300 29.3600      0.2642       0.1800    1.2743            1
1993 05 18 28.8700 29.4300 29.3700      0.2723       0.2000    1.2743            1
1993 05 19 28.9400 29.4800 29.3700      0.6723       0.4300    1.2743            1
1993 05 20 28.9800 30.0100 29.9000      0.6813       0.6700    1.2743            1
1993 05 21 29.3600 29.9800 29.7000      1.0065       0.7600    1.2743            1
1993 05 22 29.4800 30.0700 29.7500      0.8513       0.8400    1.2743            1
1993 05 23 29.4900 30.0500 29.8100      1.0971       0.8700    1.2743            1
1993 05 24 29.6000 30.3500 30.0200      1.0703       1.0500    1.4243            2
1993 05 25 29.5000 30.0500 29.9200      1.1365       1.0600    1.5757            2
1993 05 26 29.3400 29.7900 29.6900      0.8235       0.7900    1.5757            2
1993 05 27 29.0800 29.5900 29.5600      0.6071       0.5800    1.5757            2
1993 05 28 29.2600 29.7300 29.7100      0.7635       0.7300    1.5757            2
1993 05 29 28.9000 29.6700 29.5200      0.7929       0.5800    1.5757            2
1993 05 30 28.9200 29.7600 29.6500      0.9210       0.7100    1.5757            2
1993 05 31 28.9400 29.7900 29.6600      0.9390       0.7300    1.5757            2
1993 06 01 29.0500 29.8000 29.6800      0.9726       0.7500    1.5757            1
1993 06 02 29.1400 29.6000 29.4200      0.5800       0.5300    1.5757            1
1993 06 03 28.9000 29.4500 29.2200      0.3500       0.3100    1.5757            1
1993 06 04 29.0500 30.4200 30.2000      0.9029       0.8900    1.5757            1
1993 06 05 29.1600 30.2100 29.9200      0.6268       0.6200    1.5757            1
1993 06 06 28.6300 29.9400 29.6900      0.3984       0.3700    1.5757            1
1993 06 07 28.6600 29.7100 29.5300      0.2374       0.2300    1.5757            1
1993 06 08 28.6800 29.6200 29.4400      0.2426       0.2200    1.5757            1
1993 06 09 29.0600 29.6900 29.4100      0.5484       0.5000    1.5757            1
1993 06 10 29.2000 29.7700 29.6300      0.6987       0.6400    1.5757            1
1993 06 11 29.3500 29.9400 29.8300      0.7787       0.7700    1.5757            1
1993 06 12 29.4100 29.9600 29.9600      0.7952       0.7500    1.5757            1
1993 06 13 29.1800 29.8000 29.6700      0.7748       0.7000    1.5757            1
1993 06 14 29.1300 29.4900 29.4100      0.5600       0.5100    1.5757            1
1993 06 15 29.1600 29.5600 29.4300      0.5800       0.5300    1.5757            1
1993 06 16 29.1300 29.6500 29.4100      0.5753       0.5200    1.5757            1
1993 06 17 29.0400 29.6600 29.3400      0.5107       0.4400    1.5757            1
1993 06 18 29.0100 29.6700 29.3000      0.4760       0.4100    1.5757            1
1993 06 19 29.2200 29.5900 29.3800      0.5180       0.4300    1.4229            1
1993 06 20 29.2700 29.6000 29.4600      0.6250       0.5500    1.4229            1
1993 06 21 29.2000 29.5600 29.4800      0.6240       0.5100    1.4229            1
1993 06 22 28.9900 29.4200 29.2500      0.5157       0.3900    1.4229            1
1993 06 23 29.1000 29.4600 29.3700      0.5527       0.4700    1.4229            1
1993 06 24 29.1700 29.6800 29.5300      0.7790       0.6500    1.4229            1
1993 06 25 29.3400 30.1700 30.1400      1.3400       1.1900    1.5929            2
1993 06 26 29.1300 29.9700 29.9300      1.1600       0.9800    1.5929            2
1993 06 27 28.8000 29.9000 29.7400      0.9900       0.8000    1.5929            2
1993 06 28 28.6200 29.8500 29.8400      0.7940       0.6900    1.5929            2
1993 06 29 28.5300 29.4800 29.3500      0.6053       0.4000    1.5929            2
1993 06 30 28.9500 29.4400 29.3800      0.6450       0.4500    1.5929            2
1993 07 01 29.1400 29.4400 29.4000      0.6500       0.4700    1.5929            2
1993 07 02 29.2900 29.8400 29.8100      1.0500       0.8700    1.5929            1
1993 07 03 29.3600 29.9900 29.9000      1.1080       0.9500    1.5929            1
1993 07 04 29.4200 30.0900 29.9800      1.2200       1.0300    1.7400            2
1993 07 05 29.5800 30.3600 30.2500      1.2667       0.9800    1.7400            2
1993 07 06 29.4900 30.0800 30.0500      1.0600       0.7800    1.7400            2
1993 07 07 29.6200 30.2400 30.2100      1.2267       0.9400    1.7400            2
1993 07 08 29.5500 30.5700 30.5400      1.5657       1.2800    1.9229            2
1993 07 09 29.7800 30.4100 30.3200      1.5800       1.3900    2.1214            2
1993 07 10 29.4400 30.2700 30.1300      1.3950       1.2000    2.1329            2
1993 07 11 29.4100 30.2700 30.1900      1.4300       1.2400    2.1443            2
1993 07 12 29.2500 30.1600 29.8100      1.0710       0.8800    1.9729            2
1993 07 13 29.0200 30.0200 30.0000      1.0573       0.7400    1.9729            2
1993 07 14 29.0600 30.1000 29.9900      1.0827       0.7300    1.9729            2
1993 07 15 29.1100 30.1100 30.1000      1.1700       0.8300    1.9729            2
1993 07 16 29.2200 29.8900 29.7500      0.9926       0.8100    1.9729            2
1993 07 17 29.1800 29.7300 29.6100      0.8752       0.6800    1.9729            2
1993 07 18 28.5900 29.4700 29.4100      0.6506       0.4600    1.9729            1
1993 07 19 29.1600 30.1700 30.1200      1.3816       1.1900    1.9886            2
1993 07 20 28.9300 29.9300 29.8600      1.1229       0.9300    1.8386            2
1993 07 21 28.8400 29.9300 29.8200      1.0955       0.8900    1.6700            2
1993 07 22 28.8000 29.7100 29.6500      0.9500       0.7400    1.6700            2
1993 07 23 28.5600 29.7200 29.5500      0.8674       0.6600    1.6700            2
1993 07 24 28.9200 29.6600 29.5700      0.8700       0.6700    1.6700            2
1993 07 25 28.8700 29.6200 29.4200      0.7435       0.5400    1.6700            2
1993 07 26 28.8900 29.7800 29.6000      0.8690       0.6500    1.6700            1
1993 07 27 29.3000 29.8600 29.7000      0.9587       0.7600    1.6700            1
1993 07 28 29.4500 29.9600 29.8000      1.0861       0.8500    1.6700            1
1993 07 29 29.4000 29.6600 29.5100      0.8165       0.6300    1.6700            1
1993 07 30 29.1500 29.7500 29.6800      0.9755       0.7300    1.6700            1
1993 07 31 29.3400 29.7600 29.6000      0.9042       0.6800    1.5186            1
1993 08 01 29.3500 29.7500 29.6200      0.9045       0.6400    1.5186            1
1993 08 02 29.0700 29.6400 29.6300      0.8974       0.4900    1.5186            1
1993 08 03 28.8600 29.5500 29.3400      0.6013       0.2700    1.5186            1
1993 08 04 28.8400 29.4900 29.1700      0.4274       0.1300    1.5186            1
1993 08 05 28.8800 29.7600 29.5600      0.5974       0.2200    1.5186            1
1993 08 06 28.9500 29.8800 29.2900      0.5900       0.3800    1.5186            1
1993 08 07 28.7500 29.7500 29.6300      0.6619       0.3000    1.5186            1
1993 08 08 28.7000 29.6800 29.1600      0.4577       0.2500    1.5186            1
1993 08 09 29.1700 29.8400 29.7100      1.0426       0.7800    1.5186            1
1993 08 10 29.1400 29.9100 29.8500      1.1723       0.9000    1.5186            1
1993 08 11 29.1000 29.8200 29.7800      1.0997       0.8500    1.5186            1
1993 08 12 29.1600 29.8300 29.8000      1.1194       0.8500    1.5186            1
1993 08 13 29.1400 29.7700 29.7200      1.0355       0.7800    1.5186            1
1993 08 14 29.1500 29.7400 29.5400      0.8610       0.6600    1.5186            1
1993 08 15 29.2400 29.9000 29.8300      1.1400       0.9400    1.5186            1
1993 08 16 29.2500 30.2100 30.1300      1.4416       1.1900    1.5386            2
1993 08 17 29.1200 30.3600 30.3000      1.6132       1.3700    1.5829            2
1993 08 18 28.9400 30.2400 30.0700      1.1881       0.8900    1.5829            2
1993 08 19 28.9600 30.0900 29.7000      1.0052       0.7700    1.5829            2
1993 08 20 28.8800 30.0100 29.9200      0.9429       0.5900    1.5829            2
1993 08 21 28.8100 29.9900 29.8300      0.8574       0.5200    1.5829            2
1993 08 22 29.0000 29.9100 29.8100      0.8203       0.4900    1.5829            2
1993 08 23 28.9400 29.8100 29.6900      0.6932       0.3700    1.5829            2
1993 08 24 29.0600 29.7100 29.4900      0.7416       0.5500    1.5829            1
1993 08 25 29.4300 30.0200 29.9300      1.0826       0.7100    1.5829            1
1993 08 26 29.5600 29.9600 29.7800      1.0106       0.8300    1.5829            1
1993 08 27 29.3900 29.9400 29.7400      0.9655       0.8000    1.5829            1
1993 08 28 29.2000 30.0300 29.8200      1.0310       0.8800    1.5829            1
1993 08 29 29.1000 30.0700 30.0700      1.0461       0.7600    1.5829            1
1993 08 30 29.1700 30.2800 30.2600      1.2132       0.9300    1.5829            1
1993 08 31 29.4700 30.7600 30.4600      1.6606       1.5300    1.8014            2
1993 09 01 29.4600 30.9400 30.7700      1.9474       1.8300    2.0629            2
1993 09 02 29.4800 30.6000 30.4500      1.6190       1.5100    2.2786            2
1993 09 03 29.3400 30.4100 30.2100      1.3806       1.2800    2.4614            2
1993 09 04 29.2800 30.2500 30.0600      1.2223       1.1300    2.6229            2
1993 09 05 29.4400 30.3200 30.1500      1.3071       1.2200    2.7971            2
1993 09 06 29.6200 30.4100 30.3000      1.4455       1.3700    2.9929            2
1993 09 07 29.7700 30.4600 30.3100      1.4471       1.3800    3.1900            2
1993 09 08 29.5400 30.4200 30.2300      1.3587       1.3000    3.3757            2
1993 09 09 29.5200 30.2500 30.2500      1.2365       0.9900    3.3757            2
1993 09 10 28.6400 29.3900 29.3600      0.3471       0.1000    3.3757            2
1993 09 11 28.5700 29.2900 29.0300      0.1858       0.1600    3.3757            2
1993 09 12 28.6200 29.4500 29.2200      0.3332       0.3100    3.3757            2
1993 09 13 28.7300 29.6100 29.4100      0.4868       0.4700    3.3757            2
1993 09 14 29.0700 29.7300 29.6000      0.6787       0.6700    3.3757            2
1993 09 15 29.1500 29.5900 29.4800      0.5500       0.5500    3.3757            1
1993 09 16 29.1000 30.4100 30.3200      1.3960       1.3900    3.5743            2
1993 09 17 28.8800 30.3600 30.2300      1.3227       1.3100    3.5914            2
1993 09 18 28.7100 30.3400 30.2000      1.2890       1.2700    3.7729            2
1993 09 19 28.7000 30.2600 30.0700      1.1753       1.1500    3.9371            2
1993 09 20 29.0200 29.6000 29.4200      0.5433       0.4900    3.9371            2
1993 09 21 28.9500 29.6400 29.5700      0.6860       0.6100    3.9371            2
1993 09 22 29.0000 29.7100 29.6100      0.7287       0.6600    3.9371            2
1993 09 23 29.0500 29.6900 29.6800      0.7273       0.4500    3.9371            2
1993 09 24 29.1000 29.9200 29.9100      0.7370       0.5900    3.9371            2
1993 09 25 29.1600 29.6700 29.6400      0.6800       0.4100    3.9371            2
1993 09 26 29.0600 29.7400 29.6800      0.8023       0.7400    3.7900            1
1993 09 27 29.1400 29.8600 29.7000      0.8200       0.7600    3.7900            1
1993 09 28 29.3000 29.9200 29.7800      0.9137       0.8400    3.7900            1
1993 09 29 29.3200 29.7800 29.5500      0.7313       0.6800    3.7900            1
1993 09 30 29.1700 29.6700 29.5200      0.7000       0.6400    3.6071            1
1993 10 01 28.8700 29.5200 29.4400      0.5980       0.5500    3.4086            1
1993 10 02 28.7900 29.5100 29.3100      0.4823       0.4200    3.2371            1
1993 10 03 28.5400 29.5000 29.0900      0.3100       0.2200    3.0600            1
1993 10 04 28.7000 29.4500 29.4200      0.3953       0.1400    3.0600            1
1993 10 05 28.8000 29.3900 29.2800      0.1967       0.1100    3.0600            1
1993 10 06 28.6700 29.3700 29.2200      0.4230       0.2900    3.0600            1
1993 10 07 29.0100 29.4300 29.2300      0.3860       0.3200    3.0600            1
1993 10 08 28.9200 29.6500 29.6500      0.7253       0.6300    3.0600            1
1993 10 09 29.1500 30.0400 29.9800      0.8200       0.6400    3.0600            1
1993 10 10 29.2000 30.2700 30.0100      0.9300       0.8000    3.0600            1
1993 10 11 28.4100 30.0600 29.9200      0.7700       0.5900    2.8900            1
1993 10 12 28.4300 29.9400 29.8400      0.6900       0.5100    2.8900            1
1993 10 13 28.4000 29.2900 29.1500      0.0827       0.0000    2.8900            1
1993 10 14 28.4000 29.1800 29.1300      0.0560       0.0000    2.8900            1
1993 10 15 28.4300 29.5900 29.3400      0.1800       0.0400    2.8900            1
1993 10 16 28.4400 29.8300 29.4100      0.2813       0.1000    2.8900            1
1993 10 17 28.3900 29.8200 29.3900      0.2626       0.0800    2.8900            1
1993 10 18 28.3000 29.7900 29.0400      0.2735       0.1000    2.8900            1
1993 10 19 28.2800 29.6400 29.3300      0.2052       0.0200    2.8900            1
1993 10 20 28.3900 29.6300 29.3400      0.2165       0.0300    2.8900            1
1993 10 21 28.4600 29.5500 29.3200      0.1958       0.0000    2.8900            1
1993 10 22 28.9300 30.1100 29.9200      0.9555       0.8300    2.8900            1
1993 10 23 28.9000 29.8400 29.7400      0.6881       0.5300    2.8900            1
1993 10 24 28.5900 29.6800 29.5200      0.5742       0.4600    2.8900            1
1993 10 25 28.5400 29.6400 29.4700      0.6503       0.5500    2.8900            1
1993 10 26 28.8000 29.8000 29.7300      0.7935       0.6100    2.8900            1
1993 10 27 28.6500 29.7500 29.6800      0.7439       0.5800    2.8900            1
1993 10 28 28.7800 29.6700 29.5000      0.4619       0.3500    2.8900            1
1993 10 29 28.8600 29.6500 29.3400      0.4255       0.3200    2.8900            1
1993 10 30 28.5700 29.5600 29.3700      0.4552       0.2800    2.8900            1
1993 10 31 28.7000 29.5700 29.4900      0.4490       0.2300    2.8900            1
1993 11 01 28.7600 29.7300 29.6800      0.6271       0.4000    2.8900            1
1993 11 02 28.6100 29.6700 29.6400      0.6277       0.4000    2.8900            1
1993 11 03 28.2400 29.3600 29.2300      0.5719       0.3000    2.8900            1
1993 11 04 28.1300 29.3900 29.1900      0.5168       0.2500    2.8900            1
1993 11 05 28.2400 29.3800 29.1600      0.4916       0.2200    2.8900            1
1993 11 06 28.2700 29.4900 29.2600      0.3316       0.1600    2.8900            1
1993 11 07 28.3200 29.6000 29.4800      0.4532       0.2500    2.8900            1
1993 11 08 28.6800 29.9400 29.8800      0.8503       0.6500    2.7200            1
1993 11 09 28.6600 29.7500 29.7500      0.5477       0.4100    2.5243            1
1993 11 10 28.6300 29.6800 29.5300      0.5816       0.4000    2.5243            1
1993 11 11 28.6000 29.8300 29.7600      0.5887       0.4500    2.5243            1
1993 11 12 28.6000 29.9500 29.9200      0.8697       0.6900    2.5243            1
1993 11 13 28.3000 29.9400 29.9100      0.8432       0.6100    2.5243            1
1993 11 14 28.7500 29.8500 29.8200      0.7516       0.5200    2.5243            1
1993 11 15 28.8000 30.2900 30.2600      1.2000       0.9800    2.5243            1
1993 11 16 28.5800 29.9800 29.8100      0.8383       0.7300    2.5243            1
1993 11 17 28.5900 30.1100 30.0800      1.0093       0.7800    2.5243            1
1993 11 18 28.5200 30.0000 29.9500      0.8790       0.7000    2.5243            1
1993 11 19 28.8900 30.1100 29.9800      0.9087       0.6700    2.5243            1
1993 11 20 28.5000 30.0400 29.5100      0.7267       0.6300    2.5243            1
1993 11 21 28.7000 30.0200 29.5000      0.6820       0.6200    2.5243            1
1993 11 22 29.1100 30.4700 29.6400      0.8853       0.7700    2.5243            1
1993 11 23 29.2100 30.4600 29.7400      0.9967       0.8700    2.3057            1
1993 11 24 29.1800 30.1700 30.1300      1.0700       0.9000    2.0443            1
1993 11 25 29.3600 29.7200 29.6300      0.7800       0.7100    1.8286            1
1993 11 26 29.2400 29.9000 29.8000      0.7560       0.6100    1.6457            1
1993 11 27 29.2800 30.1800 30.0700      0.8700       0.7500    1.4843            1
1993 11 28 29.2400 29.8000 29.7100      0.8570       0.7900    1.3100            1
1993 11 29 29.0100 29.5700 29.5500      0.6713       0.5900    1.1143            1
1993 11 30 29.0700 29.5200 29.3900      0.5200       0.4500    0.9171            1
1993 12 01 29.1700 29.6500 29.5600      0.6780       0.6100    0.7314            1
1993 12 02 28.9200 29.5500 29.4100      0.4487       0.3500    0.7314            1
1993 12 03 28.9100 29.3600 29.3500      0.3920       0.2800    0.7314            1
1993 12 04 29.0400 29.6800 29.6700      0.7030       0.5900    0.7314            1
1993 12 05 28.6900 30.2600 29.8100      0.9100       0.8500    0.7314            1
1993 12 06 28.7300 30.4300 30.0500      1.1780       1.1300    0.8929            2
1993 12 07 29.0100 30.1800 30.1600      1.1513       1.0300    1.0400            2
1993 12 08 28.7300 29.5300 29.5000      0.5447       0.4500    1.0400            2
1993 12 09 28.7200 29.3600 29.3400      0.3760       0.2900    0.8414            2
1993 12 10 28.9500 29.6900 29.6500      0.6767       0.6100    0.6543            2
1993 12 11 28.7100 29.5700 29.5000      0.4227       0.2600    0.4729            2
1993 12 12 28.9000 29.6900 29.4900      0.4650       0.4000    0.3086            2
1993 12 13 28.8100 29.6600 29.5100      0.4840       0.4300    0.3086            2
1993 12 14 28.4800 29.8200 29.7700      0.6903       0.5200    0.3086            1
1993 12 15 28.3200 30.1400 30.1000      1.0200       0.7900    0.3086            1
1993 12 16 28.4500 30.3600 30.2400      1.1484       0.9800    0.3086            1
1993 12 17 27.6600 30.1300 30.1100      1.0423       0.8000    0.3086            1
1993 12 18 27.8100 29.8400 29.8300      0.7694       0.5300    0.3086            1
1993 12 19 28.1400 30.0100 29.7600      0.6961       0.5200    0.3086            1
1993 12 20 28.4900 30.0900 29.3700      0.1952       0.0600    0.3086            1
1993 12 21 28.5200 30.1700 29.4000      0.2281       0.1000    0.3086            1
1993 12 22 28.4100 30.2400 29.4500      0.2877       0.1500    0.3086            1
1993 12 23 28.3800 29.8500 29.3200      0.1674       0.0200    0.3086            1
1993 12 24 28.3300 29.7200 29.2900      0.1558       0.0000    0.3086            1
1993 12 25 28.4400 30.6900 30.3700      1.2239       1.0700    0.4614            2
1993 12 26 28.3100 30.4500 30.1000      0.9794       0.7800    0.4614            2
1993 12 27 27.9200 29.8900 29.6100      0.4868       0.2900    0.4614            2
1993 12 28 28.2000 29.9300 29.6700      0.5606       0.3400    0.4614            2
1993 12 29 28.2100 29.9500 29.6500      0.5465       0.3400    0.4614            2
1993 12 30 28.3100 30.0100 29.7000      0.6058       0.3700    0.4614            2
1993 12 31 28.1400 30.2000 29.8400      0.7648       0.5300    0.4614            2
1994 01 01 28.3500 29.7700 29.5000      0.4390       0.1900    0.4614            1
1994 01 02 28.7100 30.1900 29.9700      0.9142       0.6700    0.4614            1
1994 01 03 28.3300 30.1500 30.0300      0.9248       0.7000    0.4614            1
1994 01 04 27.7600 29.9100 29.6500      0.6990       0.3500    0.4614            1
1994 01 05 27.5000 29.9300 29.6600      0.7190       0.3700    0.4614            1
1994 01 06 28.1200 29.9100 29.6700      0.6416       0.3500    0.4614            1
1994 01 07 28.5300 29.9200 29.8400      0.7732       0.5000    0.4614            1
1994 01 08 28.7500 29.9400 29.8200      0.7503       0.4900    0.4614            1
1994 01 09 28.4800 29.7000 29.5900      0.5635       0.2700    0.4614            1
1994 01 10 28.2100 29.5300 29.4700      0.4245       0.1300    0.4614            1
1994 01 11 27.8500 29.6500 29.4900      0.4890       0.1600    0.4614            1
1994 01 12 27.8800 29.8500 29.6400      0.6468       0.3100    0.4614            1
1994 01 13 27.7900 29.9100 29.5800      0.6313       0.2700    0.4614            1
1994 01 14 28.0400 29.8100 29.5000      0.5606       0.1900    0.4614            1
1994 01 15 27.8700 29.8200 29.5000      0.5700       0.1900    0.4614            1
1994 01 16 27.5900 29.8600 29.5800      0.5919       0.2400    0.4614            1
1994 01 17 27.4600 29.6800 29.3300      0.3626       0.0000    0.4614            1
1994 01 18 27.5000 29.6300 29.3100      0.3790       0.0000    0.4614            1
1994 01 19 27.2800 29.0900 28.9900     -0.0061       0.0000    0.4614            1
1994 01 20 27.3600 29.0400 28.7500     -0.1816       0.0000    0.4614            1
1994 01 21 27.4700 29.1700 28.9400      0.0081       0.0000    0.4614            1
1994 01 22 27.7000 29.5500 29.3500      0.3910       0.0500    0.4614            1
1994 01 23 27.7600 29.8500 29.6600      0.6923       0.3600    0.4614            1
1994 01 24 27.8100 29.8000 29.6300      0.6484       0.3300    0.4614            1
1994 01 25 27.5300 29.5200 29.3200      0.3268       0.0100    0.4614            1
1994 01 26 27.4700 29.5700 29.3100      0.3529       0.0000    0.4614            1
1994 01 27 27.2200 29.4700 29.1900      0.2284       0.0000    0.4614            1
1994 01 28 26.9500 29.3300 29.0400      0.0774       0.0000    0.4614            1
1994 01 29 27.1200 29.4000 29.1000      0.1319       0.0000    0.4614            1
1994 01 30 27.5600 29.4400 29.1800      0.2448       0.0000    0.4614            1
1994 01 31 27.9100 29.2500 29.0300      0.1003       0.0000    0.4614            1
1994 02 01 28.1600 29.2400 29.0100      0.1839       0.0000    0.4614            0
1994 02 02 28.0500 29.3800 29.3300      0.4890       0.0900    0.4614            1
1994 02 03 28.6900 29.7200 29.6000      0.6623       0.2800    0.4614            1
1994 02 04 28.1200 29.1200 29.1100      0.1058       0.0000    0.4614            1
1994 02 05 27.9400 28.9500 28.9300     -0.0668       0.0000    0.4614            1
1994 02 06 27.8800 28.7500 28.7000     -0.1316       0.0000    0.4614            1
1994 02 07 27.6600 28.9300 28.8300     -0.0052       0.0000    0.4614            1
1994 02 08 27.5800 29.1200 29.0600      0.0477       0.0000    0.4614            1
1994 02 09 27.6700 29.1900 29.1600      0.1542       0.0000    0.4614            1
1994 02 10 27.5700 29.4900 29.4700      0.4652       0.1300    0.4614            1
1994 02 11 27.7400 29.4700 29.4100      0.4261       0.0700    0.4614            1
1994 02 12 27.4400 29.1300 28.9500      0.0300       0.0000    0.4614            1
1994 02 13 27.3700 29.0500 28.8200     -0.1206       0.0000    0.4614            1
1994 02 14 27.2800 29.0700 28.7900     -0.1713       0.0000    0.4614            1
1994 02 15 27.1700 29.0000 28.6600     -0.2900       0.0000    0.4614            1
1994 02 16 27.3600 29.0300 28.8000     -0.1721       0.0000    0.4614            1
1994 02 17 27.6100 29.1000 28.7900     -0.0171       0.0000    0.4614            1
1994 02 18 27.5200 29.0100 28.9100     -0.1021       0.0000    0.4614            0
1994 02 19 27.2700 28.9000 28.8000     -0.2129       0.0000    0.4614            0
1994 02 20 27.1900 28.8700 28.8000     -0.1807       0.0000    0.4614            0
1994 02 21 27.1600 29.2200 28.8700      0.0714       0.0000    0.4614            0
1994 02 22 27.0700 28.8800 28.7000     -0.2950       0.0000    0.4614            0
1994 02 23 27.1700 28.7100 28.5800     -0.4071       0.0000    0.4614            0
1994 02 24 27.2300 28.6700 28.4600     -0.5564       0.0000    0.4614            0
1994 02 25 27.2500 28.8100 28.5300     -0.2543       0.0000    0.4614            0
1994 02 26 27.2900 29.0200 28.9200      0.1057       0.0000    0.4614            0
1994 02 27 27.1300 29.0500 28.9100      0.1057       0.0000    0.4614            0
1994 02 28 27.1300 29.2600 29.1900      0.4293       0.0000    0.3000            0
1994 03 01 27.1200 29.6500 29.5600      0.9250       0.4300    0.1529            1
1994 03 02 27.0900 29.5500 29.4200      0.7882       0.3000    0.1529            1
1994 03 03 27.2900 29.6300 29.5300      0.9043       0.4200    0.1529            1
1994 03 04 27.3600 29.7700 29.6100      1.1293       0.6200    0.1529            1
1994 03 05 27.5900 29.9400 29.9100      1.2971       0.8300    0.1529            1
1994 03 06 27.5800 29.9900 29.7500      1.1986       0.7200    0.1529            1
1994 03 07 27.7000 29.9700 29.8600      1.2929       0.8200    0.1529            1
1994 03 08 28.4500 30.3300 30.1000      1.1025       0.7800    0.1529            1
1994 03 09 28.7900 30.3100 30.0800      1.0900       0.7700    0.1529            1
1994 03 10 28.5900 30.3200 30.0900      1.0818       0.7800    0.1529            1
1994 03 11 28.5600 30.4600 30.2400      1.2314       0.9300    0.1529            1
1994 03 12 28.0600 30.0800 29.8500      0.8779       0.5500    0.1529            1
1994 03 13 28.1000 29.9300 29.7100      0.7393       0.4000    0.1529            1
1994 03 14 27.9100 30.1200 29.9000      0.9507       0.5700    0.1529            1
1994 03 15 28.3000 30.3600 30.0800      1.1400       0.7700    0.1529            1
1994 03 16 28.1200 30.3000 30.0000      1.0432       0.6800    0.1529            1
1994 03 17 28.1100 29.7800 29.6200      0.6565       0.3000    0.1529            1
1994 03 18 28.1400 29.7400 29.6300      0.6197       0.2900    0.1529            1
1994 03 19 27.7100 29.4100 29.2600      0.2929       0.0000    0.0000            1
1994 03 20 27.9800 29.5300 29.3700      0.3461       0.0400    0.0000            1
1994 03 21 27.9100 29.3900 29.2400      0.2094       0.0000    0.0000            1
1994 03 22 27.9000 29.4000 29.3300      0.2548       0.0000    0.0000            1
1994 03 23 27.6400 29.3900 29.3400      0.2684       0.0100    0.0000            1
1994 03 24 27.4000 29.3400 29.0900      0.5287       0.0700    0.0000            1
1994 03 25 27.7100 28.8900 28.8900      0.0597       0.0000    0.0000            1
1994 03 26 27.6700 28.7300 28.7100     -0.3910       0.0000    0.0000            1
1994 03 27 27.8500 28.9500 28.9100     -0.1213       0.0000    0.0000            1
1994 03 28 27.8100 29.0300 29.0000     -0.0897       0.0000    0.0000            1
1994 03 29 27.9600 29.4200 29.4100      0.2697       0.0700    0.0000            1
1994 03 30 27.7300 29.4400 29.4200      0.2981       0.0900    0.0000            1
1994 03 31 27.9000 29.6700 29.6400      0.4916       0.3000    0.0000            1
1994 04 01 27.9900 29.5300 29.4900      0.3848       0.1600    0.0000            1
1994 04 02 28.2500 29.4000 29.3300      0.2181       0.0000    0.0000            1
1994 04 03 28.1000 29.7000 29.6700      0.5274       0.3400    0.0000            1
1994 04 04 28.3600 29.4200 29.0900      0.6429       0.1900    0.0000            1
1994 04 05 28.7100 29.7400 29.7200      0.8516       0.4900    0.0000            1
1994 04 06 28.6400 29.9800 29.8100      0.9165       0.5700    0.0000            1
1994 04 07 28.4600 30.0900 29.8000      0.9139       0.5600    0.0000            1
1994 04 08 28.2000 30.1100 29.8400      0.9384       0.6000    0.0000            1
1994 04 09 28.4900 30.1000 29.9100      0.9829       0.6600    0.0000            1
1994 04 10 28.5400 29.9200 29.8100      0.8958       0.5700    0.0000            1
1994 04 11 28.3900 29.8400 29.7500      0.8494       0.5200    0.0000            1
1994 04 12 28.3600 29.8500 29.8100      0.5994       0.4700    0.0000            1
1994 04 13 28.0600 29.9300 29.8400      0.6323       0.5200    0.0000            1
1994 04 14 27.9800 29.9300 29.8500      0.6755       0.5400    0.0000            1
1994 04 15 27.6900 29.8900 29.8100      0.6500       0.4900    0.0000            1
1994 04 16 27.9300 29.9200 29.9100      0.6570       0.5700    0.0000            1
1994 04 17 27.8200 29.7400 29.6700      0.5087       0.3500    0.0000            1
1994 04 18 27.9500 29.8200 29.7600      0.5190       0.4200    0.0000            1
1994 04 19 27.8500 29.8800 29.7600      0.5600       0.4300    0.0000            1
1994 04 20 27.4500 29.8700 29.6900      0.4850       0.3600    0.0000            1
1994 04 21 27.3400 29.4600 29.2600      0.0680       0.0000    0.0000            1
1994 04 22 27.5700 29.4100 29.2900      0.0520       0.0000    0.0000            1
1994 04 23 27.9100 29.4600 29.3600      0.1180       0.0300    0.0000            1
1994 04 24 27.9700 29.6400 29.5100      0.3020       0.1900    0.0000            1
1994 04 25 28.5800 29.9300 29.9100      0.6700       0.5900    0.0000            1
1994 04 26 28.6000 29.8900 29.8600      0.7283       0.5700    0.0000            1
1994 04 27 28.6800 29.8700 29.7200      0.6140       0.4700    0.0000            1
1994 04 28 28.5600 29.7900 29.7200      0.5717       0.4300    0.0000            1
1994 04 29 28.5000 29.7800 29.7800      0.6033       0.4700    0.0000            1
1994 04 30 28.4500 29.8300 29.7800      0.7000       0.5400    0.0000            1
1994 05 01 28.3100 29.7600 29.6200      0.5200       0.3800    0.0000            1
1994 05 02 28.2200 29.7900 29.5900      0.4670       0.3500    0.0000            1
1994 05 03 28.0200 29.6100 29.3800      0.2420       0.1300    0.0000            1
1994 05 04 27.9800 29.5100 29.4200      0.1203       0.0800    0.0000            1
1994 05 05 28.0900 29.5400 29.4800      0.1900       0.1500    0.0000            1
1994 05 06 28.2800 29.6600 29.6200      0.3230       0.2900    0.0000            1
1994 05 07 28.5500 29.8000 29.6500      0.4720       0.4000    0.0000            1
1994 05 08 28.5500 29.5500 29.4100      0.2500       0.1800    0.0000            1
1994 05 09 28.5000 29.5500 29.4900      0.1700       0.1500    0.0000            1
1994 05 10 28.4500 29.4000 29.3700      0.1217       0.0800    0.0000            1
1994 05 11 28.4200 29.5600 29.4800      0.1647       0.1500    0.0000            1
1994 05 12 28.6300 29.7900 29.7000      0.5020       0.4700    0.0000            1
1994 05 13 28.3600 30.2600 30.0300      0.9667       0.9500    0.0000            1
1994 05 14 28.6000 29.9000 29.7900      0.7010       0.6900    0.0000            1
1994 05 15 28.6000 30.0000 29.9000      0.7700       0.7700    0.0000            1
1994 05 16 28.7000 30.1600 30.1500      0.8119       0.8100    0.0000            1
1994 05 17 28.5600 30.2400 30.2100      0.8745       0.8700    0.0000            1
1994 05 18 28.3600 30.0800 29.9200      0.6139       0.6100    0.0000            1
1994 05 19 28.2200 29.9400 29.8400      0.5265       0.5200    0.0000            1
1994 05 20 28.5200 29.8900 29.8200      0.5097       0.5000    0.0000            1
1994 05 21 28.6600 30.1400 30.1100      0.8810       0.8500    0.0000            1
1994 05 22 28.7200 30.3500 30.3500      1.0761       1.0400    0.1486            2
1994 05 23 28.5300 30.4200 30.3700      1.1287       1.0900    0.3043            2
1994 05 24 28.3900 30.1900 30.1400      0.8865       0.8400    0.3043            2
1994 05 25 28.2700 30.0600 30.0300      0.7716       0.7200    0.3043            2
1994 05 26 28.8100 29.9300 29.8700      0.6632       0.6100    0.3043            2
1994 05 27 28.7900 30.0200 29.9000      0.6981       0.6400    0.3043            2
1994 05 28 28.8000 30.0600 29.8600      0.6494       0.6200    0.3043            2
1994 05 29 28.8100 30.0500 29.9400      0.7377       0.6700    0.3043            2
1994 05 30 28.8400 30.1200 29.9800      0.7626       0.6900    0.3043            1
1994 05 31 28.8700 30.2300 30.1300      0.8258       0.8000    0.3043            1
1994 06 01 28.9800 30.3400 30.2900      0.9884       0.9500    0.3043            1
1994 06 02 28.9300 30.3900 30.3600      1.0665       1.0200    0.4500            2
1994 06 03 28.9000 30.6700 30.6500      1.3529       1.3100    0.6371            2
1994 06 04 28.9100 30.5200 30.5000      1.2052       1.1600    0.8029            2
1994 06 05 28.6000 30.1100 30.0800      0.7806       0.7400    0.8029            2
1994 06 06 28.5300 30.0200 29.9200      0.6184       0.5900    0.8029            2
1994 06 07 28.5700 30.0000 29.9300      0.6345       0.5900    0.8029            2
1994 06 08 28.4800 30.0000 29.9200      0.6287       0.5900    0.8029            2
1994 06 09 28.8000 29.8600 29.8400      0.5642       0.5400    0.8029            2
1994 06 10 28.7600 29.8000 29.7800      0.5861       0.5700    0.8029            2
1994 06 11 28.7800 29.9400 29.9100      0.7416       0.7300    0.8029            1
1994 06 12 27.8300 29.4800 29.3800      0.3494       0.2500    0.8029            1
1994 06 13 27.9500 29.4400 29.4400      0.4129       0.3100    0.8029            1
1994 06 14 28.5700 29.5000 29.4000      0.4065       0.3000    0.8029            1
1994 06 15 28.5500 29.6900 29.5700      0.6700       0.6000    0.8029            1
1994 06 16 29.0700 29.6800 29.5500      0.6087       0.5000    0.8029            1
1994 06 17 29.1600 29.7300 29.5400      0.6640       0.5900    0.8029            1
1994 06 18 29.5800 29.9300 29.8800      1.0040       0.9400    0.8029            1
1994 06 19 29.3900 29.9700 29.9400      1.0780       0.9900    0.8029            1
1994 06 20 29.2100 30.0100 29.9200      1.0983       1.0200    0.9486            2
1994 06 21 29.3500 30.0400 29.9200      1.1600       0.9700    0.9486            2
1994 06 22 29.3300 29.9100 29.7900      1.0300       0.8400    0.9486            2
1994 06 23 29.4000 30.0700 29.9300      1.2047       1.0000    0.9486            2
1994 06 24 29.3200 30.0600 29.7200      0.9290       0.7700    0.9486            2
1994 06 25 29.2200 30.1100 29.9300      0.9067       0.7100    0.9486            2
1994 06 26 29.0900 29.7700 29.6700      0.4990       0.3500    0.9486            2
1994 06 27 29.0000 29.6900 29.5900      0.4280       0.2700    0.9486            1
1994 06 28 29.0400 29.7500 29.5900      0.5013       0.3800    0.9486            1
1994 06 29 29.1600 29.9000 29.8700      0.8167       0.7000    0.9486            1
1994 06 30 29.1400 29.7800 29.6100      0.8550       0.6600    0.9486            1
1994 07 01 29.4400 29.6900 29.5800      0.8300       0.6400    0.9486            1
1994 07 02 29.2600 29.7100 29.6100      0.7703       0.5200    0.9486            1
1994 07 03 29.3000 29.9100 29.8800      0.7740       0.5800    0.9486            1
1994 07 04 29.3400 30.0000 29.9100      0.8073       0.6000    0.9486            1
1994 07 05 29.4100 30.2700 29.9300      1.1700       0.9800    0.9486            1
1994 07 06 29.1600 30.2400 30.1900      1.1190       0.8700    0.9486            1
1994 07 07 29.1400 30.2800 30.0300      1.2700       1.0800    1.1029            2
1994 07 08 29.0900 30.1600 30.0500      0.9870       0.7200    1.1029            2
1994 07 09 29.5400 30.1100 29.8200      1.1120       0.8800    1.1029            2
1994 07 10 29.4500 29.8500 29.7800      1.0633       0.8800    1.1029            2
1994 07 11 29.4800 29.7800 29.7200      1.0280       0.7800    1.1029            2
1994 07 12 29.4000 29.7900 29.6500      0.9220       0.7200    1.1029            2
1994 07 13 29.1800 29.6600 29.6400      0.9047       0.5700    1.1029            2
1994 07 14 29.4400 30.0000 29.8900      1.1913       0.8400    1.1029            1
1994 07 15 29.4700 30.3800 30.3400      1.5900       1.4000    1.3029            2
1994 07 16 29.4100 30.5800 30.5300      1.7635       1.5800    1.5286            2
1994 07 17 28.9700 30.2300 30.0500      1.2865       1.1000    1.6857            2
1994 07 18 28.9900 30.2100 30.0200      1.2587       1.0800    1.8400            2
1994 07 19 29.0700 29.8600 29.8000      1.0603       0.8700    1.8400            2
1994 07 20 29.1800 30.1000 30.0200      1.2561       1.0800    1.9943            2
1994 07 21 29.4700 29.8400 29.6900      0.9535       0.7400    1.9943            2
1994 07 22 29.0800 29.7700 29.7000      0.9681       0.7700    1.9943            2
1994 07 23 28.9700 29.6800 29.6000      0.8581       0.6500    1.9943            2
1994 07 24 28.8800 29.8400 29.7800      1.0319       0.8300    1.9943            2
1994 07 25 29.3700 30.1400 30.1300      1.4029       1.0400    2.1429            2
1994 07 26 29.2900 30.1300 30.1300      1.4042       1.0500    2.2929            2
1994 07 27 29.4700 30.0300 29.9100      1.2323       1.0300    2.4400            2
1994 07 28 29.1000 29.6700 29.4200      0.6994       0.4800    2.4400            2
1994 07 29 29.4000 29.9000 29.7400      1.0081       0.6200    2.4400            2
1994 07 30 29.2100 29.9300 29.7800      1.0645       0.6900    2.4400            2
1994 07 31 29.3600 29.8200 29.7200      1.0055       0.6300    2.4400            2
1994 08 01 29.2700 29.6000 29.5800      0.8790       0.6700    2.4400            2
1994 08 02 29.3000 29.8500 29.7100      1.0106       0.7800    2.4400            2
1994 08 03 29.6000 29.9600 29.9300      1.2329       1.0000    2.4400            1
1994 08 04 29.6900 30.0900 30.0600      1.3510       1.1100    2.5986            2
1994 08 05 29.6400 30.1000 30.0800      1.3765       1.1700    2.7657            2
1994 08 06 29.6700 30.2300 30.2200      1.5087       1.3100    2.9529            2
1994 08 07 29.5700 30.4700 30.4000      1.7052       1.5100    3.1686            2
1994 08 08 29.3000 30.1500 30.0700      1.3668       1.1800    3.3371            2
1994 08 09 29.0100 29.9800 29.8400      1.1519       0.9500    3.3371            2
1994 08 10 28.7800 29.9000 29.8400      1.1532       0.9500    3.3371            2
1994 08 11 28.8200 30.3100 30.2200      1.5484       1.2900    3.5214            2
1994 08 12 29.4500 30.5900 30.5200      1.8513       1.5900    3.7486            2
1994 08 13 29.5400 30.5900 30.5300      1.8748       1.6000    3.9771            2
1994 08 14 29.3900 30.5500 30.4500      1.7674       1.5100    4.0443            3
1994 08 15 29.4900 30.4100 30.2100      1.5200       1.3400    4.0800            3
1994 08 16 29.4000 30.3500 30.2500      1.5435       1.3500    4.2729            3
1994 08 17 29.6100 31.2700 31.2000      2.5319       2.2700    4.5971            3
1994 08 18 29.7400 30.9500 30.8300      2.1116       1.9400    4.8743            3
1994 08 19 29.3800 30.6100 30.5700      1.8465       1.6200    5.1057            3
1994 08 20 29.3500 30.5300 30.4400      1.7042       1.5200    5.3229            3
1994 08 21 29.6100 30.5100 30.4500      1.7097       1.5000    5.5371            3
1994 08 22 29.8000 30.8800 30.7900      2.0613       1.8600    5.8029            3
1994 08 23 29.9100 30.8400 30.7500      1.9855       1.8000    6.0600            3
1994 08 24 29.8100 30.5400 30.3800      1.6416       1.4500    6.2671            3
1994 08 25 29.7600 30.2800 30.1600      1.4061       1.2300    6.2971            3
1994 08 26 28.4600 30.1800 30.0200      1.2477       1.0800    6.2643            3
1994 08 27 29.4900 30.4100 30.3800      1.5903       1.4600    6.3071            3
1994 08 28 29.3900 30.8800 30.7800      1.9752       1.8300    6.5686            3
1994 08 29 29.5300 31.1900 31.0200      2.2226       2.0800    6.8657            3
1994 08 30 29.6700 31.5700 31.3900      2.5994       2.4600    7.2171            3
1994 08 31 29.5500 31.2300 31.0100      2.1958       2.0700    7.5129            3
1994 09 01 29.6800 30.9600 30.8100      1.9774       1.8600    7.7786            3
1994 09 02 29.8300 30.5500 30.4400      1.6439       1.5600    8.0014            4
1994 09 03 29.6400 30.1400 30.1000      1.2768       1.1800    8.1700            4
1994 09 04 29.6900 30.3000 30.1400      1.3058       1.2100    8.3429            4
1994 09 05 29.9200 30.6300 30.5400      1.6939       1.6100    8.5729            4
1994 09 06 29.8400 30.7500 30.6000      1.7455       1.6700    8.8114            4
1994 09 07 29.8000 30.8100 30.6500      1.7871       1.7200    9.0571            4
1994 09 08 29.5400 30.6400 30.3500      1.4687       1.4100    9.2586            4
1994 09 09 29.5200 30.2500 30.2000      1.3223       1.2700    9.4400            4
1994 09 10 29.7100 30.9800 30.9600      1.8432       1.7800    9.6943            4
1994 09 11 29.9200 30.9000 30.8900      1.7539       1.6900    9.9357            4
1994 09 12 29.5200 30.7100 30.7000      1.5429       1.4900   10.0029            4
1994 09 13 29.2500 30.5600 30.5500      1.3726       1.3300   10.1929            4
1994 09 14 28.9700 30.5000 30.4700      1.2813       1.2500   10.3714            4
1994 09 15 29.1200 30.5600 30.5500      1.3700       1.3500   10.5643            4
1994 09 16 29.1000 30.1100 30.0800      0.9100       0.7400   10.5643            4
1994 09 17 29.2400 29.9400 29.8100      0.8927       0.8800   10.5643            4
1994 09 18 29.3900 29.9400 29.7800      0.8670       0.8500   10.5643            4
1994 09 19 29.4700 30.3900 30.1600      1.2527       1.2300   10.7400            4
1994 09 20 29.6100 30.1700 29.9600      1.0583       1.0300   10.8871            4
1994 09 21 29.5700 30.4800 30.2500      1.3360       1.3000   11.0729            4
1994 09 22 29.5700 30.4800 30.2700      1.3797       1.3400   11.2643            4
1994 09 23 29.6600 30.6300 30.3100      1.4253       1.3800   11.4614            4
1994 09 24 29.6200 30.5800 30.5600      1.3970       1.2400   11.6386            4
1994 09 25 29.5900 30.5000 30.1500      1.2867       1.2200   11.8129            4
1994 09 26 29.7700 30.4800 30.4600      1.2963       1.1200   11.9729            4
1994 09 27 29.7900 30.4100 30.3700      1.4480       1.2400   12.1500            4
1994 09 28 29.5000 30.3500 30.3100      1.3870       1.1800   12.3186            4
1994 09 29 29.2800 30.2600 30.1900      1.2713       1.0700   12.3171            4
1994 09 30 29.1300 30.1000 29.9800      1.0750       0.8900   12.3171            4
1994 10 01 29.1600 30.0800 30.0300      1.1040       0.9000   12.3171            4
1994 10 02 29.2000 30.3700 30.2500      1.4010       1.3400   12.5086            4
1994 10 03 29.4800 30.5600 30.4500      1.6460       1.5800   12.7343            4
1994 10 04 29.4400 30.8600 30.8400      1.7370       1.6700   12.9729            4
1994 10 05 29.4800 31.0100 30.9400      1.8300       1.7100   13.2171            4
1994 10 06 28.9000 30.5600 30.5000      1.3940       1.2900   13.4014            4
1994 10 07 29.7400 30.5200 30.4900      1.3880       1.2800   13.3843            4
1994 10 08 29.7800 30.5000 30.4700      1.3743       1.2700   13.3400            4
1994 10 09 29.7900 30.4600 30.4100      1.3180       1.2100   13.3557            4
1994 10 10 29.5000 30.5600 30.4900      1.3400       1.1600   13.3671            4
1994 10 11 29.6300 30.9600 30.8500      1.7087       1.5300   13.5857            4
1994 10 12 29.8300 31.2000 31.0700      1.8910       1.7600   13.6829            4
1994 10 13 30.0900 31.2800 31.1300      1.9507       1.8200   13.9429            4
1994 10 14 29.9600 31.1400 31.0000      1.8203       1.7000   14.1857            4
1994 10 15 29.8300 31.1700 31.0100      1.8500       1.7100   14.4300            4
1994 10 16 30.0600 31.4700 31.4000      2.6145       2.4600   14.7814            4
1994 10 17 29.9900 31.1500 31.0700      2.2990       2.1300   14.9371            4
1994 10 18 29.7600 30.7100 30.6800      1.9535       1.7200   15.0329            4
1994 10 19 29.8100 30.7500 30.6300      1.9006       1.7000   15.1286            4
1994 10 20 29.7700 30.6700 30.4700      1.7458       1.5400   15.3486            4
1994 10 21 29.7700 30.7300 30.4700      1.7690       1.5500   15.5700            4
1994 10 22 29.4200 30.2800 30.1100      1.3739       1.1700   15.7371            4
1994 10 23 29.7100 30.4500 30.4200      1.3658       1.2800   15.9200            4
1994 10 24 29.6300 30.2400 30.1000      1.4065       1.1700   16.0871            4
1994 10 25 29.5700 30.4900 30.3700      1.6684       1.4400   16.2929            4
1994 10 26 29.6800 30.5400 30.4300      1.6997       1.4900   16.5057            4
1994 10 27 29.9100 30.3200 30.2200      1.4116       1.3100   16.5343            4
1994 10 28 29.9600 30.3300 30.2600      1.4374       1.3400   16.5586            4
1994 10 29 30.1600 30.5300 30.4200      1.6545       1.5400   16.5914            4
1994 10 30 29.7400 30.3300 30.2400      1.5429       1.2900   16.5600            4
1994 10 31 29.5600 30.2000 30.0600      1.3258       1.1700   16.5586            4
1994 11 01 29.2900 30.7200 30.6400      1.9739       1.7100   16.8029            4
1994 11 02 29.7100 30.8200 30.7400      2.0797       1.8100   17.0614            4
1994 11 03 29.8000 30.9400 30.8600      2.1858       1.9200   17.1514            4
1994 11 04 30.1900 31.0100 30.9400      2.2603       2.0000   17.2100            4
1994 11 05 29.8600 30.8200 30.6500      1.9913       1.7100   17.2257            4
1994 11 06 29.6700 30.6700 30.5000      1.8039       1.5500   17.2314            4
1994 11 07 30.0000 30.5800 30.4300      1.7790       1.4900   17.2529            4
1994 11 08 29.6500 30.2200 30.1400      1.1845       1.0700   17.2129            4
1994 11 09 29.4900 30.0500 29.9100      0.9639       0.8600   16.8886            4
1994 11 10 28.9800 30.2800 30.2000      0.9965       0.8600   16.6114            4
1994 11 11 29.1500 30.2500 30.1700      0.9652       0.8300   16.3800            4
1994 11 12 29.2400 30.2300 30.1500      0.9881       0.8500   16.1629            4
1994 11 13 29.4700 30.3400 29.9500      1.3303       1.0200   16.0943            4
1994 11 14 29.5000 30.2000 29.8600      1.2452       0.9300   15.8286            4
1994 11 15 29.4500 30.1000 29.8800      1.2400       0.9400   15.5714            4
1994 11 16 29.6300 30.3800 30.1700      1.5867       1.2500   15.5429            4
1994 11 17 29.4600 30.1800 30.0200      1.3627       1.0800   15.5214            4
1994 11 18 29.5200 30.3200 30.1700      1.5300       1.2300   15.5429            4
1994 11 19 29.5100 30.2300 30.1900      1.4380       1.2900   15.5186            4
1994 11 20 29.4400 30.7000 30.6700      1.8883       1.7700   15.5100            4
1994 11 21 29.7800 30.7400 30.7100      1.9340       1.8100   15.4714            4
1994 11 22 29.5900 30.6000 30.5600      1.7813       1.6600   15.3571            4
1994 11 23 29.5300 30.4900 30.4500      1.6613       1.5500   15.2829            4
1994 11 24 29.3500 30.3800 30.3200      1.5290       1.4200   15.2200            4
1994 11 25 29.7200 30.4500 30.1200      1.3133       1.2200   15.1714            4
1994 11 26 29.6900 30.5800 30.4700      1.8033       1.5300   15.2214            4
1994 11 27 29.6500 30.5100 30.3700      1.7340       1.4400   15.2543            4
1994 11 28 29.6100 30.4900 30.3400      1.7327       1.3900   15.2229            4
1994 11 29 29.6500 30.1600 29.9900      1.0967       1.0100   15.1286            4
1994 11 30 29.9100 30.4100 30.4000      1.5450       1.4800   15.0943            4
1994 12 01 29.8300 30.5400 30.3400      1.5067       1.4300   15.0971            4
1994 12 02 29.7300 30.5300 30.3100      1.4733       1.4000   15.1157            4
1994 12 03 29.5900 30.0200 29.8800      1.0700       0.9900   14.8614            4
1994 12 04 29.8400 30.2100 30.0700      1.2583       1.1800   14.7886            4
1994 12 05 29.9500 31.8500 31.8100      2.9967       2.9100   14.9914            4
1994 12 06 29.7300 31.5900 31.5800      2.7470       2.6700   15.1829            4
1994 12 07 29.6600 30.9700 30.9000      2.0787       2.0000   15.2900            4
1994 12 08 29.4500 30.3900 30.3200      1.2247       1.0600   15.2486            4
1994 12 09 28.9000 30.2800 30.1300      1.4480       1.2000   15.4200            4
1994 12 10 28.7400 30.6500 30.5400      1.8650       1.6000   15.6486            4
1994 12 11 29.0400 30.9200 30.8100      2.1033       1.8700   15.9157            4
1994 12 12 29.1000 31.1800 31.0200      2.2900       2.0800   16.0371            4
1994 12 13 29.0100 30.8500 30.7600      2.0260       1.8100   16.1486            4
1994 12 14 29.1300 30.7100 30.6600      1.9237       1.7200   16.2086            4
1994 12 15 29.1800 30.7700 30.7100      1.9700       1.7700   16.2700            4
1994 12 16 29.3400 30.6800 30.5800      1.8700       1.6400   16.3071            4
1994 12 17 29.1700 30.4900 30.3000      1.5806       1.3600   16.3243            4
1994 12 18 29.6600 30.5200 30.4200      1.4448       1.3000   16.3357            4
1994 12 19 29.8100 31.0200 30.7400      1.9061       1.8200   16.4357            4
1994 12 20 29.7100 30.6000 30.4400      1.5194       1.3700   16.4543            4
1994 12 21 29.6200 30.5800 30.3000      1.5542       1.4200   16.4886            4
1994 12 22 29.4700 30.3800 30.2500      1.4755       1.3500   16.5286            4
1994 12 23 29.4900 30.3700 30.3000      1.5103       1.3800   16.7257            4
1994 12 24 29.2700 30.4400 30.3400      1.5971       1.4500   16.9329            4
1994 12 25 29.0100 30.5300 30.4900      1.7103       1.5700   16.9657            4
1994 12 26 28.7600 30.6200 30.5100      1.7865       1.6200   16.9714            4
1994 12 27 28.5100 30.3400 30.2400      1.4923       1.3300   16.9229            4
1994 12 28 28.3100 30.2300 30.0900      1.4558       1.2100   16.8514            4
1994 12 29 28.2300 30.1100 30.0100      1.2855       1.1000   16.8243            4
1994 12 30 28.3100 30.1600 30.0700      1.3552       1.1500   16.8057            4
1994 12 31 27.9500 30.0600 29.9200      1.3100       1.0400   16.7729            4
1995 01 01 28.6200 30.0400 29.9700      1.2745       1.0600   16.7514            4
1995 01 02 28.6200 29.4400 29.3900      0.2835       0.0700   16.5857            4
1995 01 03 28.4600 29.3500 29.3000      0.2010       0.0000   16.3671            4
1995 01 04 28.2800 29.0800 28.9900     -0.0852       0.0000   16.1157            4
1995 01 05 28.7000 29.5500 29.1400      0.6968       0.2200   15.8557            4
1995 01 06 28.6000 29.7400 29.6200      0.5887       0.3100   15.6129            4
1995 01 07 28.5500 29.8900 29.6000      0.6000       0.2900   15.3686            4
1995 01 08 28.4300 29.7400 29.4700      1.0332       0.5400   15.0171            1
1995 01 09 28.4800 29.7900 29.6800      1.2100       0.7300   14.7129            1
1995 01 10 28.9300 30.1000 29.9500      1.5352       1.0200   14.6129            4
1995 01 11 29.0700 29.9000 29.7400      1.1413       0.8300   14.3700            4
1995 01 12 28.7700 30.5000 30.2100      1.7700       1.2600   14.3300            4
1995 01 13 28.8400 30.2000 30.0000      1.4561       1.0800   14.2629            4
1995 01 14 28.8900 30.1200 29.9000      1.4600       0.9500   14.0957            4
1995 01 15 28.8700 30.0600 29.8800      1.4900       0.9400   13.9129            4
1995 01 16 28.5200 29.8000 29.7600      0.8839       0.5400   13.7457            4
1995 01 17 28.8700 29.7000 29.6300      0.7671       0.4100   13.5400            4
1995 01 18 29.1000 30.1300 29.9800      1.1087       0.7400   13.3271            4
1995 01 19 28.6100 29.5900 29.5800      0.7142       0.3500   13.1400            4
1995 01 20 28.7300 29.5600 29.5000      0.5252       0.1900   12.9486            1
1995 01 21 28.6600 29.3800 29.3300      0.4839       0.0600   12.7286            1
1995 01 22 28.9800 30.0300 29.8700      0.9968       0.5800   12.5443            1
1995 01 23 28.8000 30.1900 30.0200      1.3700       0.9900   12.3771            1
1995 01 24 28.7100 30.1200 30.0900      1.3958       1.0100   12.2771            4
1995 01 25 28.5700 29.9300 29.8700      1.1968       0.7400   12.0186            4
1995 01 26 29.3100 29.9700 29.8800      1.2758       0.7900   11.7443            4
1995 01 27 29.3500 29.9300 29.8700      1.2700       0.7900   11.4586            4
1995 01 28 29.6400 30.8000 30.7300      2.2552       1.8400   11.4771            4
1995 01 29 29.7200 30.6500 30.5600      1.7129       1.3400   11.4471            4
1995 01 30 29.5600 30.5300 30.4500      1.5958       1.2300   11.4100            4
1995 01 31 29.3700 30.5600 29.9800      1.6419       1.0300   11.4043            4
1995 02 01 29.3900 30.8700 30.3700      2.0539       1.4400   11.6100            4
1995 02 02 29.2500 31.2000 30.3600      1.8465       1.4500   11.8171            4
1995 02 03 29.3300 31.1700 30.3900      1.9029       1.5000   12.0314            4
1995 02 04 29.2900 30.9500 30.2900      1.7916       1.3800   12.2286            4
1995 02 05 29.0400 30.6100 29.5600      1.0542       0.6500   12.0829            4
1995 02 06 28.9500 30.3700 29.3500      0.8468       0.4400   12.0829            4
1995 02 07 28.6200 29.8500 29.7500      0.8874       0.4600   12.0829            4
1995 02 08 28.5800 29.8200 29.7300      0.9042       0.4900   11.9043            4
1995 02 09 28.7800 30.0000 29.9800      1.1523       0.7300   11.7500            4
1995 02 10 29.2300 30.1200 30.0900      1.2771       0.8500   11.5743            4
1995 02 11 29.6500 31.0700 30.6700      2.1684       1.7600   11.6414            4
1995 02 12 29.4000 31.0500 30.7500      2.2513       1.8400   11.6514            4
1995 02 13 29.4400 31.0900 31.0400      2.3587       1.9600   11.6729            4
1995 02 14 28.9600 30.7100 30.6100      1.9881       1.6100   11.6657            4
1995 02 15 28.8200 31.0400 31.0000      2.3200       1.9500   11.7229            4
1995 02 16 29.3100 30.4000 30.3700      1.6750       1.2900   11.7043            4
1995 02 17 29.3800 30.2900 30.2400      1.5593       1.1600   11.6957            4
1995 02 18 30.2000 30.9400 30.9100      2.2671       1.8700   11.7443            4
1995 02 19 29.4600 30.8200 30.7700      2.0929       1.7000   11.7814            4
1995 02 20 29.3600 30.8700 30.8000      2.1686       1.7600   11.8343            4
1995 02 21 29.3000 30.4600 30.3700      1.7443       1.3300   11.8800            4
1995 02 22 29.3300 30.3300 30.1900      1.6800       1.2000   11.8400            4
1995 02 23 29.6300 30.3600 30.2800      1.6457       1.2300   11.8114            4
1995 02 24 29.8000 30.4500 30.3600      1.9807       1.4700   11.8214            4
1995 02 25 29.4000 30.2000 30.0000      1.6621       1.1200   11.9814            4
1995 02 26 29.1800 30.2800 30.2500      1.2739       0.9400   11.8129            4
1995 02 27 29.1500 30.5700 30.4500      1.4686       1.1200   11.5571            4
1995 02 28 29.1900 30.5500 30.4200      1.4707       1.1000   11.3329            4
1995 03 01 29.0500 30.5800 30.4900      1.4700       1.1500   11.2114            4
1995 03 02 29.2800 30.8800 30.7600      1.7679       1.4200   11.2629            4
1995 03 03 29.4600 30.7700 30.6500      1.6686       1.3300   11.2814            4
1995 03 04 28.8300 30.2700 30.2200      1.2196       0.8900   11.0529            4
1995 03 05 28.7000 29.9100 29.8600      1.1229       0.6400   10.7857            4
1995 03 06 28.5900 29.9400 29.9000      1.1204       0.6700   10.4886            4
1995 03 07 28.5300 29.9300 29.7500      1.1529       0.6300   10.2300            4
1995 03 08 28.1400 29.4000 29.3400      0.5650       0.1100    9.9843            4
1995 03 09 28.4900 29.4600 29.4600      0.4529       0.1200    9.7314            4
1995 03 10 28.6200 29.7000 29.5800      0.5600       0.2600    9.4971            1
1995 03 11 28.8600 29.6500 29.6300      0.6271       0.3000    9.3029            1
1995 03 12 29.0300 30.1000 30.0700      1.0864       0.7300    9.1171            1
1995 03 13 28.8500 30.1800 30.0900      1.1414       0.7700    8.8571            1
1995 03 14 28.7700 30.0800 29.9500      1.0100       0.6400    8.6614            1
1995 03 15 28.7100 30.1400 30.0300      1.0600       0.7000    8.4586            1
1995 03 16 28.7900 30.1100 30.0100      1.0632       0.7000    8.2657            1
1995 03 17 28.9200 30.1600 30.0400      1.0765       0.7100    8.0686            1
1995 03 18 28.9700 30.0000 29.9100      0.8726       0.5900    7.8614            1
1995 03 19 29.2900 30.1100 30.0800      1.0329       0.7400    7.6371            1
1995 03 20 29.0500 30.1600 29.9100      1.1381       0.6900    7.4057            1
1995 03 21 28.4900 30.1200 29.9200      1.1535       0.7000    7.2157            1
1995 03 22 28.3700 30.1700 29.9500      1.1581       0.7000    7.0429            1
1995 03 23 28.4600 29.8600 29.7400      0.7010       0.4300    6.8857            1
1995 03 24 28.7800 29.9300 29.8400      1.5516       0.9600    6.7214            1
1995 03 25 28.6800 30.0200 29.7600      1.4132       0.8600    6.5729            1
1995 03 26 28.7300 30.3200 30.0900      1.4642       1.0500    6.5714            3
1995 03 27 28.7300 30.2200 30.1700      1.3719       0.9500    6.5714            3
1995 03 28 28.3700 30.0600 30.0500      1.1552       0.7600    6.5714            3
1995 03 29 28.1400 30.0500 29.8700      1.0177       0.6300    6.5714            3
1995 03 30 27.9100 29.9700 29.9000      0.7932       0.5700    6.5714            3
1995 03 31 28.0100 29.9900 29.8900      0.8116       0.5600    6.5714            3
1995 04 01 28.2900 30.0000 29.9400      0.8503       0.6100    6.5714            3
1995 04 02 28.4300 29.8200 29.7800      0.8674       0.5200    6.5714            1
1995 04 03 28.1500 29.6000 29.5900      0.4474       0.2600    6.5714            1
1995 04 04 28.1500 29.3900 29.3900      0.2674       0.0700    6.4257            1
1995 04 05 28.4100 29.4400 29.4300      0.2645       0.0900    6.4257            1
1995 04 06 28.7700 29.9800 29.9500      0.7952       0.6300    6.2457            1
1995 04 07 28.7000 30.0700 30.0400      0.8790       0.7200    6.0914            1
1995 04 08 28.6100 30.0400 29.9500      0.8029       0.6400    6.0914            1
1995 04 09 28.1000 29.7900 29.6600      0.5187       0.3500    6.0914            1
1995 04 10 28.2700 29.7400 29.5900      0.4739       0.2800    6.0914            1
1995 04 11 28.4300 29.9700 29.8000      0.6771       0.4900    6.0914            1
1995 04 12 28.3100 29.8300 29.6700      0.5403       0.3600    6.0914            1
1995 04 13 28.2600 29.7700 29.6700      0.4535       0.3300    6.0914            1
1995 04 14 28.2700 29.8000 29.6600      0.5168       0.3500    6.0914            1
1995 04 15 28.4400 29.8100 29.6700      0.4900       0.3500    6.0914            1
1995 04 16 28.6300 29.8800 29.7600      0.5460       0.4300    6.0914            1
1995 04 17 28.5600 29.7900 29.7900      0.7133       0.4800    6.0914            1
1995 04 18 28.4600 29.8800 29.8400      0.7750       0.5500    5.9471            1
1995 04 19 28.4600 30.1400 30.0800      1.0067       0.7900    5.9471            1
1995 04 20 28.6900 30.4700 30.4100      1.1617       1.0700    6.1000            3
1995 04 21 28.6100 29.7400 29.5500      0.3580       0.2300    6.1000            3
1995 04 22 28.7500 30.1300 30.1000      0.8290       0.7600    5.8371            3
1995 04 23 28.7400 30.0500 30.0000      0.7260       0.6600    5.6457            3
1995 04 24 28.8700 30.4300 30.3400      1.0900       1.0200    5.6157            3
1995 04 25 29.2000 30.7100 30.6500      1.3700       1.3100    5.6557            3
1995 04 26 29.2000 30.7100 30.6500      1.3670       1.3100    5.6371            3
1995 04 27 29.2500 30.6100 30.5600      1.3460       1.2500    5.6086            3
1995 04 28 29.3800 30.3300 30.2700      1.0180       0.9500    5.3943            3
1995 04 29 29.4600 30.5000 30.4200      1.1640       1.1000    5.3543            3
1995 04 30 29.0000 30.1700 30.1300      0.8600       0.8000    5.3543            3
1995 05 01 28.8200 29.7300 29.7000      0.4113       0.3600    5.3543            3
1995 05 02 28.9500 29.6400 29.6000      0.3463       0.2900    5.3543            3
1995 05 03 29.1300 29.8900 29.8500      0.5700       0.5300    5.3543            3
1995 05 04 29.0000 29.9900 29.9300      0.6503       0.6100    5.3543            3
1995 05 05 29.1000 30.1400 30.1000      0.8133       0.7700    5.3543            3
1995 05 06 28.9200 30.0300 29.9600      0.6660       0.6300    5.1029            1
1995 05 07 28.7500 29.8900 29.8200      0.5220       0.4900    4.8400            1
1995 05 08 28.6800 30.0500 29.8800      0.6073       0.5700    4.5600            1
1995 05 09 28.9500 30.2600 30.0800      0.7920       0.7600    4.3300            1
1995 05 10 28.8500 30.2400 30.1700      0.8583       0.8400    4.0514            1
1995 05 11 28.5700 30.3000 30.1100      0.8533       0.8200    3.8671            1
1995 05 12 28.2700 30.3100 30.0900      0.8050       0.7900    3.7014            1
1995 05 13 28.1800 30.2700 30.0300      0.7567       0.7400    3.4343            1
1995 05 14 28.1000 29.8900 29.7900      0.4740       0.4700    3.1914            1
1995 05 15 28.3900 29.6500 29.5200      0.2800       0.2800    2.9400            1
1995 05 16 28.5900 29.6900 29.5500      0.3219       0.3200    2.7500            1
1995 05 17 28.3600 29.9400 29.7400      0.4413       0.4400    2.5786            1
1995 05 18 28.3700 29.8600 29.7000      0.3939       0.3900    2.4029            1
1995 05 19 28.1800 29.8000 29.6900      0.3765       0.3700    2.1929            1
1995 05 20 28.1100 29.8200 29.6400      0.3265       0.3200    2.0329            1
1995 05 21 28.2700 29.7200 29.5500      0.2810       0.2500    2.0329            1
1995 05 22 28.4100 29.7100 29.5800      0.2635       0.2500    1.8729            1
1995 05 23 28.5600 30.8500 30.7400      1.4255       1.4100    1.9171            2
1995 05 24 28.5900 30.5300 30.3600      1.0432       1.0200    1.8986            2
1995 05 25 28.6200 30.4600 30.3100      0.9994       0.9800    1.6957            2
1995 05 26 28.6300 30.3700 30.2200      0.9113       0.8900    1.5057            2
1995 05 27 29.1000 29.9500 29.9400      0.6294       0.6100    1.5057            2
1995 05 28 29.0800 30.0400 30.0200      0.7094       0.6800    1.5057            2
1995 05 29 29.0700 30.0600 30.0100      0.7071       0.6800    1.5057            2
1995 05 30 28.8400 29.9600 29.7400      0.5387       0.5000    1.5057            2
1995 05 31 28.6700 29.7100 29.6700      0.4665       0.4200    1.5057            1
1995 06 01 28.5200 29.3500 29.3200      0.3784       0.3400    1.5057            1
1995 06 02 28.6800 29.4600 29.2400      0.3900       0.3400    1.5057            1
1995 06 03 28.5700 29.4200 29.2400      0.3800       0.3300    1.5057            1
1995 06 04 28.6000 29.5500 29.3700      0.0794       0.0600    1.5057            1
1995 06 05 28.5800 29.6300 29.5600      0.2674       0.2200    1.5057            1
1995 06 06 28.7900 30.0400 29.8200      0.6490       0.6200    1.5057            1
1995 06 07 28.5200 29.9700 29.8600      0.5771       0.5400    1.5057            1
1995 06 08 28.3700 29.8000 29.7400      0.4619       0.4000    1.5057            1
1995 06 09 28.2300 29.5300 29.0900      0.2400       0.1900    1.5057            1
1995 06 10 28.4700 29.5300 29.3900      0.2245       0.2100    1.5057            1
1995 06 11 28.3800 29.3200 29.3200      0.1494       0.0100    1.5057            1
1995 06 12 28.3600 29.3300 29.2300      0.0855       0.0000    1.5057            1
1995 06 13 28.2600 29.2800 29.1100     -0.0097       0.0000    1.5057            1
1995 06 14 28.2700 29.2400 29.0800     -0.2200       0.0000    1.5057            1
1995 06 15 28.2300 29.3200 29.3000      0.0100       0.0000    1.5057            1
1995 06 16 28.2100 29.3700 29.3400      0.0693       0.0400    1.5057            1
1995 06 17 28.1500 29.4700 29.4300      0.1780       0.0900    1.5057            1
1995 06 18 28.1000 29.5200 29.4700      0.3400       0.2200    1.3557            1
1995 06 19 27.5800 29.4200 29.3400      0.2340       0.1100    1.3557            1
1995 06 20 27.8800 29.5000 29.4000      0.2817       0.1700    1.3557            1
1995 06 21 28.0000 29.4000 29.3000      0.2140       0.0700    1.3557            1
1995 06 22 28.1600 29.4800 29.4700      0.2707       0.1700    1.3557            1
1995 06 23 28.3000 29.5600 29.5100      0.3120       0.1800    1.3557            1
1995 06 24 28.0700 29.5200 29.2900      0.0910       0.0000    1.3557            1
1995 06 25 28.2700 29.0400 28.9600     -0.2233       0.0000    1.3557            1
1995 06 26 28.3500 29.1000 28.9600     -0.2200       0.0000    1.3557            1
1995 06 27 28.3600 28.9900 28.6400     -0.1680       0.0000    1.3557            1
1995 06 28 28.4600 28.9800 28.9800     -0.0760       0.0000    1.3557            1
1995 06 29 28.6300 29.0900 28.7500      0.0207       0.0000    1.3557            1
1995 06 30 28.7100 29.1400 28.9200      0.1700       0.0000    1.3557            0
1995 07 01 28.6900 29.4200 29.3300      0.2040       0.0000    1.3557            0
1995 07 02 28.7100 29.2800 29.0800      0.1717       0.0100    1.3557            1
1995 07 03 28.6100 29.1700 29.1500      0.2280       0.0700    1.3557            1
1995 07 04 28.5900 29.1800 29.1400      0.2357       0.0800    1.3557            1
1995 07 05 28.5400 29.0500 28.8900      0.1567       0.0000    1.3557            1
1995 07 06 28.1400 29.0300 28.7300     -0.0210       0.0000    1.3557            1
1995 07 07 28.0100 28.8900 28.8700     -0.1033       0.0000    1.3557            1
1995 07 08 28.3600 28.9200 28.6400     -0.1000       0.0000    1.3557            1
1995 07 09 28.5100 28.8800 28.7700      0.0340       0.0000    1.3557            1
1995 07 10 28.6100 28.9600 28.9600      0.1700       0.0000    1.3557            1
1995 07 11 28.3000 29.0100 28.7200     -0.0300       0.0000    1.3557            0
1995 07 12 28.2100 29.1100 29.0000      0.1380       0.0000    1.3557            0
1995 07 13 28.6200 29.7700 29.6100      0.8620       0.6600    1.2029            1
1995 07 14 28.5500 29.5800 29.4300      0.6803       0.4800    1.2029            1
1995 07 15 28.5200 29.4400 29.3400      0.6000       0.4100    1.2029            1
1995 07 16 28.3600 29.0300 28.9700      0.2329       0.0400    1.2029            1
1995 07 17 28.4100 28.9900 28.8700      0.1352       0.0000    1.0571            1
1995 07 18 28.4900 28.9200 28.8000      0.0668       0.0000    0.8700            1
1995 07 19 28.4300 29.0500 29.0100      0.1116       0.0000    0.6829            1
1995 07 20 28.4300 28.8800 28.6800     -0.0200       0.0000    0.5043            1
1995 07 21 28.4600 29.1500 28.7600      0.0761       0.0000    0.5043            1
1995 07 22 28.5100 29.1400 29.1400      0.2458       0.0000    0.3471            1
1995 07 23 28.4100 29.1700 29.1100      0.2758       0.0000    0.3471            0
1995 07 24 28.4400 29.1500 29.1000      0.2690       0.0000    0.3471            0
1995 07 25 28.4100 29.0800 29.0400      0.1555       0.0000    0.3471            0
1995 07 26 28.3700 29.1100 28.9900      0.2506       0.0000    0.3471            0
1995 07 27 28.1700 29.1400 29.0600      0.0932       0.0000    0.3471            0
1995 07 28 28.0800 29.1900 29.1000      0.1352       0.0000    0.3471            0
1995 07 29 27.8200 28.9500 28.9100     -0.0439       0.0000    0.3471            0
1995 07 30 27.8200 28.9700 28.9100     -0.0610       0.0000    0.3471            0
1995 07 31 28.1200 28.9700 28.8100     -0.0690       0.0000    0.3471            0
1995 08 01 28.1800 28.8000 28.6200     -0.0897       0.0000    0.3471            0
1995 08 02 28.1700 28.7600 28.5100     -0.2016       0.0000    0.3471            0
1995 08 03 28.1800 28.8400 28.8300      0.0035       0.0000    0.3471            0
1995 08 04 27.8500 28.8800 28.8600     -0.0026       0.0000    0.3471            0
1995 08 05 27.5700 28.7400 28.7300     -0.1190       0.0000    0.3471            0
1995 08 06 27.5700 28.6900 28.6800     -0.1790       0.0000    0.3471            0
1995 08 07 27.8300 28.9400 28.8900      0.0690       0.0000    0.3471            0
1995 08 08 27.8300 28.8100 28.6200     -0.0913       0.0000    0.3471            0
1995 08 09 27.9200 28.9200 28.7300      0.0339       0.0000    0.3471            0
1995 08 10 28.1900 28.9400 28.7600      0.1116       0.0000    0.3471            0
1995 08 11 27.9400 28.7900 28.6700     -0.0942       0.0000    0.3471            0
1995 08 12 28.1300 28.6400 28.6400     -0.1277       0.0000    0.3471            0
1995 08 13 28.0500 28.5100 28.2700     -0.4474       0.0000    0.3471            0
1995 08 14 27.9300 28.4700 28.1500     -0.5503       0.0000    0.3471            0
1995 08 15 28.0600 28.6500 28.6500     -0.2900       0.0000    0.1457            0
1995 08 16 28.0100 28.4800 28.2600     -0.4371       0.0000    0.0000            0
1995 08 17 28.0600 28.5500 28.3700     -0.3442       0.0000    0.0000            0
1995 08 18 28.1600 28.5100 28.3300     -0.3894       0.0000    0.0000            0
1995 08 19 27.9500 28.6100 28.4200     -0.3058       0.0000    0.0000            0
1995 08 20 27.9300 28.3700 28.0500     -0.6823       0.0000    0.0000            0
1995 08 21 27.7900 28.4000 28.0400     -0.7006       0.0000    0.0000            0
1995 08 22 27.5500 28.5300 28.1300     -0.5987       0.0000    0.0000            0
1995 08 23 27.5900 28.6700 28.5400     -0.4616       0.0000    0.0000            0
1995 08 24 27.6200 28.6600 28.4500     -0.4439       0.0000    0.0000            0
1995 08 25 27.7100 28.5100 28.4200     -0.5910       0.0000    0.0000            0
1995 08 26 27.7700 28.5900 28.4500     -0.3810       0.0000    0.0000            0
1995 08 27 27.8800 28.6700 28.6400     -0.2790       0.0000    0.0000            0
1995 08 28 27.7200 28.6700 28.5900     -0.4381       0.0000    0.0000            0
1995 08 29 27.7300 28.6400 28.5900     -0.4448       0.0000    0.0000            0
1995 08 30 27.7300 28.6300 28.5900     -0.4516       0.0000    0.0000            0
1995 08 31 27.5800 28.6600 28.5900     -0.4584       0.0000    0.0000            0
1995 09 01 27.5900 28.6900 28.6700     -0.3916       0.0000    0.0000            0
1995 09 02 27.5200 28.7300 28.5700     -0.4961       0.0000    0.0000            0
1995 09 03 27.5000 28.6500 28.4900     -0.5787       0.0000    0.0000            0
1995 09 04 27.4500 28.8300 28.6700     -0.4090       0.0000    0.0000            0
1995 09 05 27.4300 28.6300 28.4700     -0.6155       0.0000    0.0000            0
1995 09 06 27.4100 28.5500 28.3600     -0.7290       0.0000    0.0000            0
1995 09 07 27.4800 28.5500 28.3700     -0.7258       0.0000    0.0000            0
1995 09 08 27.5800 28.4800 28.4200     -0.6903       0.0000    0.0000            0
1995 09 09 27.7800 28.5700 28.2800     -0.5977       0.0000    0.0000            0
1995 09 10 27.9100 28.4600 28.1200     -0.7561       0.0000    0.0000            0
1995 09 11 27.5200 28.4500 28.1900     -0.6594       0.0000    0.0000            0
1995 09 12 27.3800 28.4200 28.1800     -0.7006       0.0000    0.0000            0
1995 09 13 27.0900 28.2500 28.1600     -0.7365       0.0000    0.0000            0
1995 09 14 27.0200 28.2300 28.1800     -0.7039       0.0000    0.0000            0
1995 09 15 26.9700 28.2000 28.0900     -0.8200       0.0000    0.0000            0
1995 09 16 26.8900 28.4100 28.4000     -0.7603       0.0000    0.0000            0
1995 09 17 26.9200 28.3800 28.0900     -1.0587       0.0000    0.0000            0
1995 09 18 26.9000 28.4800 28.1900     -0.9580       0.0000    0.0000            0
1995 09 19 27.0700 28.4900 28.1800     -0.9673       0.0000    0.0000            0
1995 09 20 27.5000 28.7600 28.5200     -0.6267       0.0000    0.0000            0
1995 09 21 27.5100 28.6500 28.4000     -0.7460       0.0000    0.0000            0
1995 09 22 27.1500 28.1800 27.6300     -1.2680       0.0000    0.0000            0
1995 09 23 26.9300 28.0900 28.0100     -1.1527       0.0000    0.0000            0
1995 09 24 26.9800 28.4800 28.3000     -0.5990       0.0000    0.0000            0
1995 09 25 26.8800 28.7600 28.7200     -0.4400       0.0000    0.0000            0
1995 09 26 26.9700 28.9200 28.6700     -0.4763       0.0000    0.0000            0
1995 09 27 27.0400 29.0400 28.8100     -0.3320       0.0000    0.0000            0
1995 09 28 27.0400 28.9100 28.7200     -0.4213       0.0000    0.0000            0
1995 09 29 27.1300 28.7600 28.6200     -0.5207       0.0000    0.0000            0
1995 09 30 27.1500 28.3100 28.2300     -0.7500       0.0000    0.0000            0
1995 10 01 27.3300 28.2900 28.2800     -0.6940       0.0000    0.0000            0
1995 10 02 27.2100 28.1800 28.0800     -0.8327       0.0000    0.0000            0
1995 10 03 27.1900 28.2600 28.2400     -0.6660       0.0000    0.0000            0
1995 10 04 27.0100 28.2200 28.1600     -0.7653       0.0000    0.0000            0
1995 10 05 26.9100 28.4100 28.3400     -0.5333       0.0000    0.0000            0
1995 10 06 26.9200 28.4300 28.2400     -0.6180       0.0000    0.0000            0
1995 10 07 26.9800 28.3200 28.2500     -0.5940       0.0000    0.0000            0
1995 10 08 27.0900 28.6200 28.4900     -0.3280       0.0000    0.0000            0
1995 10 09 27.2700 28.5800 28.5100     -0.2820       0.0000    0.0000            0
1995 10 10 27.4100 28.6300 28.5100     -0.2783       0.0000    0.0000            0
1995 10 11 27.0600 28.6000 28.4800     -0.3420       0.0000    0.0000            0
1995 10 12 27.5000 28.6600 28.5400     -0.2500       0.0000    0.0000            0
1995 10 13 27.6000 28.6900 28.5600     -0.2560       0.0000    0.0000            0
1995 10 14 27.5500 28.9600 28.9300     -0.2300       0.0000    0.0000            0
1995 10 15 27.8100 28.9200 28.9100     -0.2700       0.0000    0.0000            0
1995 10 16 27.8100 28.9000 28.8700     -0.3106       0.0000    0.0000            0
1995 10 17 27.7800 28.8500 28.8300     -0.3526       0.0000    0.0000            0
1995 10 18 27.7700 28.7600 28.7400     -0.4129       0.0000    0.0000            0
1995 10 19 27.8200 28.7000 28.6500     -0.4926       0.0000    0.0000            0
1995 10 20 27.7700 28.5900 28.5400     -0.6132       0.0000    0.0000            0
1995 10 21 27.7000 28.4500 28.3800     -0.7981       0.0000    0.0000            0
1995 10 22 27.6100 28.4200 28.0000     -0.7206       0.0000    0.0000            0
1995 10 23 27.2000 28.6100 28.4900     -0.6426       0.0000    0.0000            0
1995 10 24 27.0900 28.6500 28.5100     -0.6142       0.0000    0.0000            0
1995 10 25 27.1200 28.4200 28.3300     -0.8232       0.0000    0.0000            0
1995 10 26 27.0500 28.2600 28.0900     -1.0258       0.0000    0.0000            0
1995 10 27 27.0200 27.9500 27.8600     -1.3016       0.0000    0.0000            0
1995 10 28 27.1100 27.9600 27.9300     -1.2484       0.0000    0.0000            0
1995 10 29 26.9100 27.9100 27.6600     -1.2790       0.0000    0.0000            0
1995 10 30 26.7600 27.9300 27.9100     -1.2648       0.0000    0.0000            0
1995 10 31 26.8000 28.0200 27.9800     -1.2006       0.0000    0.0000            0
1995 11 01 26.7800 28.0100 27.8200     -1.1055       0.0000    0.0000            0
1995 11 02 26.8200 28.2700 28.1600     -0.9858       0.0000    0.0000            0
1995 11 03 26.8700 28.4100 28.2800     -0.7706       0.0000    0.0000            0
1995 11 04 26.9500 28.4100 28.2700     -0.7823       0.0000    0.0000            0
1995 11 05 26.9500 28.3300 28.2300     -0.8239       0.0000    0.0000            0
1995 11 06 27.4400 28.9100 28.7600     -0.3671       0.0000    0.0000            0
1995 11 07 27.5200 29.0400 28.8600     -0.2674       0.0000    0.0000            0
1995 11 08 27.4600 29.1800 28.9200     -0.2168       0.0000    0.0000            0
1995 11 09 27.2500 29.0400 28.8300     -0.2919       0.0000    0.0000            0
1995 11 10 27.4300 29.0100 28.8300     -0.2984       0.0000    0.0000            0
1995 11 11 27.2400 28.7400 28.5600     -0.5023       0.0000    0.0000            0
1995 11 12 27.2300 28.8800 28.7000     -0.4119       0.0000    0.0000            0
1995 11 13 27.2900 28.6100 28.4700     -0.5874       0.0000    0.0000            0
1995 11 14 27.3900 28.6100 28.5100     -0.6500       0.0000    0.0000            0
1995 11 15 26.9800 27.9200 27.7900     -1.2800       0.0000    0.0000            0
1995 11 16 27.0800 28.0900 27.9800     -1.0903       0.0000    0.0000            0
1995 11 17 27.2800 28.2600 28.1500     -0.9013       0.0000    0.0000            0
1995 11 18 27.1200 28.5000 28.3400     -0.7210       0.0000    0.0000            0
1995 11 19 26.8400 28.6500 28.4500     -0.6747       0.0000    0.0000            0
1995 11 20 26.8000 28.6800 28.4900     -0.6467       0.0000    0.0000            0
1995 11 21 26.7800 28.6300 28.4300     -0.6960       0.0000    0.0000            0
1995 11 22 27.0400 28.5300 28.3800     -0.7610       0.0000    0.0000            0
1995 11 23 27.0900 28.6800 28.4700     -0.6767       0.0000    0.0000            0
1995 11 24 27.1600 28.7800 28.5800     -0.5740       0.0000    0.0000            0
1995 11 25 27.1400 28.6200 28.4000     -0.7500       0.0000    0.0000            0
1995 11 26 27.2500 28.7300 28.5100     -0.6430       0.0000    0.0000            0
1995 11 27 27.5700 28.8700 28.6700     -0.4860       0.0000    0.0000            0
1995 11 28 27.6700 28.7300 28.2600     -0.6260       0.0000    0.0000            0
1995 11 29 27.5000 28.6700 28.6200     -0.5787       0.0000    0.0000            0
1995 11 30 26.8800 28.9600 28.7000     -0.4750       0.0000    0.0000            0
1995 12 01 26.7200 29.1700 29.0100     -0.1733       0.0000    0.0000            0
1995 12 02 26.8500 29.2900 29.0600     -0.0170       0.0000    0.0000            0
1995 12 03 26.7100 29.0600 29.0000     -0.0820       0.0000    0.0000            0
1995 12 04 26.6800 28.9500 28.9200     -0.1727       0.0000    0.0000            0
1995 12 05 26.6300 29.3100 29.1200      0.0567       0.0000    0.0000            0
1995 12 06 26.7400 29.4700 29.2800      0.2160       0.0300    0.0000            1
1995 12 07 26.8000 29.4700 29.3500      0.2727       0.0500    0.0000            1
1995 12 08 26.9600 29.1000 28.9600     -0.1053       0.0000    0.0000            1
1995 12 09 27.1200 29.1300 29.0900     -0.1380       0.0000    0.0000            1
1995 12 10 27.0600 28.9200 28.8400     -0.3817       0.0000    0.0000            1
1995 12 11 27.0800 29.1200 29.0300     -0.2060       0.0000    0.0000            1
1995 12 12 27.0900 29.0200 28.9100     -0.3250       0.0000    0.0000            1
1995 12 13 27.2600 28.9900 28.8600     -0.3767       0.0000    0.0000            1
1995 12 14 27.3400 28.5800 28.3700     -0.6373       0.0000    0.0000            0
1995 12 15 27.4800 28.5800 28.2700     -0.6000       0.0000    0.0000            0
1995 12 16 27.3700 28.6000 28.5700     -0.6516       0.0000    0.0000            0
1995 12 17 27.3600 28.8900 28.7500     -0.4858       0.0000    0.0000            0
1995 12 18 27.6200 28.9800 28.6800     -0.4071       0.0000    0.0000            0
1995 12 19 27.3800 28.8900 28.7100     -0.4929       0.0000    0.0000            0
1995 12 20 27.5300 28.8900 28.7100     -0.4748       0.0000    0.0000            0
1995 12 21 27.7800 28.9400 28.5100     -0.1400       0.0000    0.0000            0
1995 12 22 28.0100 29.1500 28.9700     -0.0845       0.0000    0.0000            0
1995 12 23 28.1300 29.1800 28.7200      0.0774       0.0000    0.0000            0
1995 12 24 28.0700 29.2100 29.0700      0.0510       0.0000    0.0000            0
1995 12 25 27.9600 29.0800 28.8400     -0.0542       0.0000    0.0000            0
1995 12 26 27.4900 29.1900 28.9100      0.0213       0.0000    0.0000            0
1995 12 27 27.3500 28.9400 28.7800     -0.2065       0.0000    0.0000            0
1995 12 28 26.9900 28.7700 28.4600     -0.5303       0.0000    0.0000            0
1995 12 29 27.2200 28.8100 28.5000     -0.4697       0.0000    0.0000            0
1995 12 30 27.1500 28.7500 28.6400     -0.4735       0.0000    0.0000            0
1995 12 31 27.1100 28.7700 28.4000     -0.1052       0.0000    0.0000            0
1996 01 01 27.0100 29.1200 28.9400     -0.0303       0.0000    0.0000            0
1996 01 02 26.9100 29.1500 28.9700      0.0161       0.0000    0.0000            0
1996 01 03 26.7100 29.4300 29.2500      0.3010       0.0000    0.0000            0
1996 01 04 26.4400 28.8900 28.7300     -0.1987       0.0000    0.0000            0
1996 01 05 26.8800 28.9900 28.9300     -0.1610       0.0000    0.0000            0
1996 01 06 26.8600 29.0400 28.9800     -0.0939       0.0000    0.0000            0
1996 01 07 26.6500 28.9900 28.8700     -0.1768       0.0000    0.0000            0
1996 01 08 26.6000 29.1700 29.0600      0.1481       0.0000    0.0000            0
1996 01 09 26.5900 29.1800 29.0600      0.1535       0.0000    0.0000            0
1996 01 10 26.6900 29.2000 29.1700      0.1161       0.0000    0.0000            0
1996 01 11 26.9500 29.2100 29.1700      0.1316       0.0000    0.0000            0
1996 01 12 26.9900 29.0900 29.0000      0.1097       0.0000    0.0000            0
1996 01 13 26.9900 28.8600 28.8600     -0.1842       0.0000    0.0000            0
1996 01 14 27.0300 28.8800 28.8400     -0.1868       0.0000    0.0000            0
1996 01 15 27.1600 29.0900 28.8500     -0.0400       0.0000    0.0000            0
1996 01 16 27.0000 29.0500 29.0100      0.1413       0.0000    0.0000            0
1996 01 17 27.0100 28.9800 28.8400     -0.1674       0.0000    0.0000            0
1996 01 18 27.1900 28.9400 28.8900      0.0226       0.0000    0.0000            0
1996 01 19 27.3900 29.0000 28.9600     -0.0339       0.0000    0.0000            0
1996 01 20 27.3800 29.5300 29.2600      0.4384       0.0200    0.0000            1
1996 01 21 26.8900 29.3600 29.0900      0.2781       0.0000    0.0000            1
1996 01 22 26.8500 29.2000 28.9300      0.0955       0.0000    0.0000            1
1996 01 23 26.8800 28.9700 28.7500     -0.1068       0.0000    0.0000            1
1996 01 24 27.1300 29.1100 28.8400      0.0271       0.0000    0.0000            1
1996 01 25 27.1500 29.3700 29.3100      0.4500       0.0300    0.0000            1
1996 01 26 27.0700 28.8800 28.7900     -0.0571       0.0000    0.0000            1
1996 01 27 27.0700 28.8300 28.6800     -0.1339       0.0000    0.0000            1
1996 01 28 27.1200 28.8400 28.6800     -0.1584       0.0000    0.0000            1
1996 01 29 27.0600 28.8200 28.6700     -0.1690       0.0000    0.0000            1
1996 01 30 27.0800 28.8100 28.6700     -0.1697       0.0000    0.0000            1
1996 01 31 27.0200 28.6900 28.6000     -0.2503       0.0000    0.0000            1
1996 02 01 27.3500 28.7800 28.5900     -0.2252       0.0000    0.0000            0
1996 02 02 27.2900 28.5500 28.4200     -0.4210       0.0000    0.0000            0
1996 02 03 27.4100 28.6200 28.5200     -0.3216       0.0000    0.0000            0
1996 02 04 27.5000 28.6200 28.5700     -0.4142       0.0000    0.0000            0
1996 02 05 27.4600 28.4800 28.4200     -0.5665       0.0000    0.0000            0
1996 02 06 27.2800 28.2800 28.2600     -0.7429       0.0000    0.0000            0
1996 02 07 27.0500 28.3100 28.2600     -0.7177       0.0000    0.0000            0
1996 02 08 27.1000 28.5900 28.5000     -0.4590       0.0000    0.0000            0
1996 02 09 27.2100 28.3300 28.2800     -0.5658       0.0000    0.0000            0
1996 02 10 26.6500 28.5400 28.4900     -0.3532       0.0000    0.0000            0
1996 02 11 27.4200 29.4300 29.3900      0.3861       0.0500    0.0000            1
1996 02 12 27.5800 29.2400 28.9700      0.0361       0.0000    0.0000            1
1996 02 13 27.4800 29.1500 28.7800     -0.1594       0.0000    0.0000            1
1996 02 14 27.3800 28.8900 28.5600     -0.3813       0.0000    0.0000            1
1996 02 15 27.1800 28.7900 28.5300     -0.4200       0.0000    0.0000            1
1996 02 16 27.0800 28.4700 28.1700     -0.7814       0.0000    0.0000            1
1996 02 17 26.7800 28.0800 27.8000     -1.0559       0.0000    0.0000            1
1996 02 18 26.7800 27.7800 27.6300     -1.1579       0.0000    0.0000            0
1996 02 19 26.9600 27.9800 27.7300     -0.8966       0.0000    0.0000            0
1996 02 20 26.4900 28.3000 28.0400     -0.9203       0.0000    0.0000            0
1996 02 21 26.2100 28.3500 28.0100     -0.9459       0.0000    0.0000            0
1996 02 22 26.2800 28.5700 28.2000     -0.7348       0.0000    0.0000            0
1996 02 23 26.0400 28.7100 28.4200     -0.5155       0.0000    0.0000            0
1996 02 24 26.0400 28.7100 28.4900     -0.4524       0.0000    0.0000            0
1996 02 25 26.3400 28.7600 28.6600     -0.2897       0.0000    0.0000            0
1996 02 26 26.6000 28.7100 28.6700     -0.1334       0.0000    0.0000            0
1996 02 27 26.4200 28.7000 28.6700     -0.1493       0.0000    0.0000            0
1996 02 28 26.4900 28.9300 28.6800      0.0483       0.0000    0.0000            0
1996 02 29 26.6000 28.8400 28.7700     -0.0214       0.0000    0.0000            0
1996 03 01 26.9900 28.2400 28.1200     -0.7141       0.0000    0.0000            0
1996 03 02 26.8000 28.1900 28.0100     -0.9455       0.0000    0.0000            0
1996 03 03 26.8600 28.7700 28.5300     -0.4100       0.0000    0.0000            0
1996 03 04 26.8200 28.7300 28.5200     -0.4738       0.0000    0.0000            0
1996 03 05 26.8300 28.6800 28.4800     -0.5134       0.0000    0.0000            0
1996 03 06 26.8700 28.5300 28.3600     -0.6638       0.0000    0.0000            0
1996 03 07 26.9100 28.5400 28.3100     -0.7145       0.0000    0.0000            0
1996 03 08 26.8400 28.6900 28.4600     -0.5576       0.0000    0.0000            0
1996 03 09 26.3100 28.5800 28.3300     -0.6600       0.0000    0.0000            0
1996 03 10 26.6400 28.1500 28.0900     -0.9431       0.0000    0.0000            0
1996 03 11 26.8000 28.2200 28.1000     -0.8728       0.0000    0.0000            0
1996 03 12 26.7800 28.2700 28.1400     -0.8121       0.0000    0.0000            0
1996 03 13 26.7800 28.5200 28.4200     -0.5472       0.0000    0.0000            0
1996 03 14 26.8900 28.7300 28.5100     -0.4107       0.0000    0.0000            0
1996 03 15 26.9600 28.8400 28.6200     -0.3500       0.0000    0.0000            0
1996 03 16 26.9000 28.5300 28.2600     -0.6868       0.0000    0.0000            0
1996 03 17 26.9100 28.3800 28.1400     -0.8435       0.0000    0.0000            0
1996 03 18 26.9800 28.3400 28.1300     -0.8603       0.0000    0.0000            0
1996 03 19 26.9900 28.4700 28.2900     -0.7158       0.0000    0.0000            0
1996 03 20 26.6900 27.8700 27.8200     -1.2539       0.0000    0.0000            0
1996 03 21 26.6800 27.8900 27.8800     -1.1629       0.0000    0.0000            0
1996 03 22 26.5800 27.9100 27.8100     -0.9839       0.0000    0.0000            0
1996 03 23 26.7300 28.2200 28.1600     -0.6639       0.0000    0.0000            0
1996 03 24 27.0100 28.3900 28.3400     -0.7352       0.0000    0.0000            0
1996 03 25 27.4000 28.7000 28.6800     -0.1416       0.0000    0.0000            0
1996 03 26 27.2000 28.6800 28.6400     -0.2103       0.0000    0.0000            0
1996 03 27 26.8100 28.7200 28.6600     -0.1858       0.0000    0.0000            0
1996 03 28 25.9400 28.6800 28.5100     -0.1739       0.0000    0.0000            0
1996 03 29 26.2800 28.2300 28.1800     -0.6913       0.0000    0.0000            0
1996 03 30 26.5900 28.6600 28.4800     -0.3423       0.0000    0.0000            0
1996 03 31 26.8700 29.0600 28.9600     -0.1232       0.0000    0.0000            0
1996 04 01 26.9700 28.9800 28.9300     -0.1742       0.0000    0.0000            0
1996 04 02 27.1400 29.1000 29.0700     -0.0803       0.0000    0.0000            0
1996 04 03 27.0400 29.0500 28.9800     -0.1503       0.0000    0.0000            0
1996 04 04 27.1800 29.4300 29.4000      0.2474       0.0700    0.0000            1
1996 04 05 27.3000 28.9800 28.8800     -0.2787       0.0000    0.0000            1
1996 04 06 26.0600 28.3700 28.2900     -0.6006       0.0000    0.0000            1
1996 04 07 26.0900 28.3600 28.2300     -0.8810       0.0000    0.0000            1
1996 04 08 26.6200 28.3500 28.1800     -0.7535       0.0000    0.0000            1
1996 04 09 26.8800 28.8000 28.6300     -0.4932       0.0000    0.0000            1
1996 04 10 27.0400 28.7700 28.6300     -0.5361       0.0000    0.0000            1
1996 04 11 27.2600 28.8400 28.7200     -0.3077       0.0000    0.0000            0
1996 04 12 27.3600 28.8200 28.7300     -0.2687       0.0000    0.0000            0
1996 04 13 27.3200 29.1000 29.0900      0.0881       0.0000    0.0000            0
1996 04 14 27.3200 29.0800 29.0000      0.1887       0.0000    0.0000            0
1996 04 15 27.6300 29.0800 29.0400      0.2100       0.0000    0.0000            0
1996 04 16 27.4500 28.9600 28.8600      0.0117       0.0000    0.0000            0
1996 04 17 27.4800 29.0600 29.0400     -0.0360       0.0000    0.0000            0
1996 04 18 27.7800 28.8900 28.8400     -0.3430       0.0000    0.0000            0
1996 04 19 28.1200 28.8100 28.7400     -0.5047       0.0000    0.0000            0
1996 04 20 27.8900 28.6800 28.5800     -0.6683       0.0000    0.0000            0
1996 04 21 27.9200 28.9000 28.7600     -0.4320       0.0000    0.0000            0
1996 04 22 27.7900 29.0300 28.8700     -0.3273       0.0000    0.0000            0
1996 04 23 27.7600 28.9600 28.9600     -0.3140       0.0000    0.0000            0
1996 04 24 27.7200 28.8900 28.7300     -0.0840       0.0000    0.0000            0
1996 04 25 27.8500 29.1500 29.1400     -0.1400       0.0000    0.0000            0
1996 04 26 27.9300 28.8700 28.8500     -0.0147       0.0000    0.0000            0
1996 04 27 27.6700 29.0400 28.9500     -0.0780       0.0000    0.0000            0
1996 04 28 27.4700 29.0500 28.9800     -0.1113       0.0000    0.0000            0
1996 04 29 27.1800 29.2300 29.1000      0.0253       0.0000    0.0000            0
1996 04 30 26.9800 28.7500 28.6800     -0.4000       0.0000    0.0000            0
1996 05 01 27.2900 28.7800 28.7400     -0.3507       0.0000    0.0000            0
1996 05 02 27.3300 28.7200 28.7100     -0.4143       0.0000    0.0000            0
1996 05 03 27.4300 28.6500 28.6500     -0.4340       0.0000    0.0000            0
1996 05 04 27.5200 29.0000 28.8900     -0.3923       0.0000    0.0000            0
1996 05 05 27.2600 28.8600 28.7600     -0.5433       0.0000    0.0000            0
1996 05 06 27.3900 28.9400 28.8100     -0.4840       0.0000    0.0000            0
1996 05 07 27.3100 28.8600 28.7500     -0.5660       0.0000    0.0000            0
1996 05 08 27.8300 29.3000 29.1100     -0.2067       0.0000    0.0000            0
1996 05 09 27.9100 29.3700 29.2000     -0.1180       0.0000    0.0000            0
1996 05 10 28.0600 29.5200 29.4000      0.1167       0.0900    0.0000            1
1996 05 11 28.1800 29.4500 29.3800      0.0760       0.0600    0.0000            1
1996 05 12 28.2600 29.4300 29.3700      0.0730       0.0600    0.0000            1
1996 05 13 28.3600 29.4100 29.3800      0.0780       0.0700    0.0000            1
1996 05 14 28.4400 29.4100 29.4000      0.0943       0.0900    0.0000            1
1996 05 15 28.1800 28.6800 28.4500     -0.5200       0.0000    0.0000            1
1996 05 16 28.3700 28.7900 28.7100     -0.2577       0.0000    0.0000            1
1996 05 17 28.4800 28.9100 28.7900     -0.1561       0.0000    0.0000            1
1996 05 18 28.3000 29.0700 29.0700     -0.2261       0.0000    0.0000            1
1996 05 19 28.2100 29.1200 29.0800     -0.2248       0.0000    0.0000            1
1996 05 20 27.7700 29.2900 29.0100     -0.0839       0.0000    0.0000            1
1996 05 21 27.8300 29.5800 29.3300      0.1035       0.0900    0.0000            1
1996 05 22 27.8400 29.6900 29.4200      0.2135       0.2000    0.0000            1
1996 05 23 27.8600 29.6000 29.3900      0.1681       0.1500    0.0000            1
1996 05 24 27.9300 29.4700 29.3100      0.0903       0.0700    0.0000            1
1996 05 25 27.9900 29.4500 29.3100      0.0926       0.0700    0.0000            1
1996 05 26 28.0500 29.4100 29.3100      0.0919       0.0600    0.0000            1
1996 05 27 28.1000 29.3700 29.3400      0.0439       0.0400    0.0000            1
1996 05 28 28.1500 29.3700 29.3400      0.0484       0.0400    0.0000            1
1996 05 29 28.1800 29.4000 28.9400      0.0471       0.0200    0.0000            1
1996 05 30 28.3100 29.4500 29.2300      0.0965       0.0500    0.0000            1
1996 05 31 28.3800 29.4100 29.3300      0.0455       0.0300    0.0000            1
1996 06 01 28.1900 29.2100 29.1900     -0.0016       0.0000    0.0000            1
1996 06 02 28.0400 29.1200 29.0900     -0.0910       0.0000    0.0000            1
1996 06 03 28.0400 29.1000 29.0800     -0.1010       0.0000    0.0000            1
1996 06 04 28.2300 28.8700 28.8400     -0.3342       0.0000    0.0000            1
1996 06 05 28.3700 29.0400 29.0100     -0.1629       0.0000    0.0000            1
1996 06 06 28.4900 29.2200 29.1900      0.0197       0.0000    0.0000            1
1996 06 07 28.4700 29.5000 29.4700      0.3213       0.2100    0.0000            1
1996 06 08 28.4700 29.5800 29.5500      0.4139       0.2900    0.0000            1
1996 06 09 28.7400 29.6900 29.4700      0.6755       0.5200    0.0000            1
1996 06 10 28.7200 29.6800 29.4300      0.7081       0.5000    0.0000            1
1996 06 11 28.5200 29.5000 29.4700      0.3106       0.1800    0.0000            1
1996 06 12 28.4300 29.4900 29.4700      0.3255       0.1900    0.0000            1
1996 06 13 28.4100 29.4900 29.4300      0.3310       0.2000    0.0000            1
1996 06 14 28.2300 29.4900 29.4500      0.3152       0.1700    0.0000            1
1996 06 15 28.3700 29.5700 29.5100      0.2400       0.1700    0.0000            1
1996 06 16 28.2300 29.2600 29.1900     -0.0807       0.0000    0.0000            1
1996 06 17 28.3000 29.3100 29.2400     -0.0213       0.0000    0.0000            1
1996 06 18 28.0700 29.4200 29.3500      0.1170       0.0300    0.0000            1
1996 06 19 27.9000 28.8900 28.6400     -0.4660       0.0000    0.0000            1
1996 06 20 27.6500 28.5200 28.3400     -0.5917       0.0000    0.0000            1
1996 06 21 27.6400 28.6000 28.2500     -0.5980       0.0000    0.0000            1
1996 06 22 27.5300 28.4500 28.1600     -0.7717       0.0000    0.0000            1
1996 06 23 27.6300 29.1300 28.8700     -0.3353       0.0000    0.0000            1
1996 06 24 27.6400 29.2400 29.0900     -0.1070       0.0000    0.0000            1
1996 06 25 27.6900 29.4100 29.3100      0.1300       0.0000    0.0000            0
1996 06 26 28.0200 29.5000 29.3300      0.1590       0.0000    0.0000            0
1996 06 27 28.1800 29.4200 29.2600      0.0980       0.0000    0.0000            0
1996 06 28 28.4200 29.3100 29.0200      0.2657       0.0700    0.0000            1
1996 06 29 28.4400 29.0500 28.9100      0.1653       0.0300    0.0000            1
1996 06 30 28.2400 28.6900 28.5500     -0.2300       0.0000    0.0000            1
1996 07 01 28.1400 28.6000 28.3600     -0.3853       0.0000    0.0000            1
1996 07 02 28.2600 28.7800 28.3800     -0.3693       0.0000    0.0000            1
1996 07 03 28.1900 28.8200 28.5200     -0.2340       0.0000    0.0000            1
1996 07 04 28.0200 28.7400 28.3900     -0.3413       0.0000    0.0000            1
1996 07 05 27.8200 28.7700 28.3900     -0.3800       0.0000    0.0000            1
1996 07 06 27.7800 28.3400 28.1900     -0.5700       0.0000    0.0000            0
1996 07 07 27.6700 28.4500 28.3100     -0.4273       0.0000    0.0000            0
1996 07 08 27.6000 28.4600 28.3000     -0.4500       0.0000    0.0000            0
1996 07 09 27.8300 28.5200 28.2500     -0.5220       0.0000    0.0000            0
1996 07 10 27.9500 28.4400 28.0800     -0.6250       0.0000    0.0000            0
1996 07 11 28.0300 28.5200 28.2600     -0.5113       0.0000    0.0000            0
1996 07 12 28.1200 28.6100 28.3000     -0.3970       0.0000    0.0000            0
1996 07 13 28.0800 28.6600 28.2700     -0.4207       0.0000    0.0000            0
1996 07 14 27.9700 28.7300 28.6800     -0.3290       0.0000    0.0000            0
1996 07 15 28.0100 28.4900 28.1800     -0.5000       0.0000    0.0000            0
1996 07 16 27.9400 28.2900 28.2000     -0.4910       0.0000    0.0000            0
1996 07 17 27.9000 28.3400 28.1800     -0.5200       0.0000    0.0000            0
1996 07 18 27.8000 28.2600 28.1400     -0.5600       0.0000    0.0000            0
1996 07 19 27.7300 28.2100 28.1500     -0.5313       0.0000    0.0000            0
1996 07 20 27.5400 28.2400 28.1700     -0.5300       0.0000    0.0000            0
1996 07 21 27.4600 28.2900 28.1600     -0.5400       0.0000    0.0000            0
1996 07 22 27.6600 28.3200 28.1600     -0.5400       0.0000    0.0000            0
1996 07 23 27.7300 28.2300 28.0000     -0.6926       0.0000    0.0000            0
1996 07 24 27.6600 28.6800 28.6500     -0.2497       0.0000    0.0000            0
1996 07 25 27.5500 28.7600 28.7500     -0.1574       0.0000    0.0000            0
1996 07 26 27.7500 28.6800 28.6600     -0.2416       0.0000    0.0000            0
1996 07 27 27.6000 28.4900 28.4700     -0.4190       0.0000    0.0000            0
1996 07 28 27.7900 28.6400 28.3100     -0.3823       0.0000    0.0000            0
1996 07 29 27.9200 28.4500 28.4400     -0.4429       0.0000    0.0000            0
1996 07 30 27.9800 28.5600 28.4300     -0.4458       0.0000    0.0000            0
1996 07 31 28.0500 28.4300 28.2000     -0.4990       0.0000    0.0000            0
1996 08 01 28.0600 28.4900 28.2900     -0.4371       0.0000    0.0000            0
1996 08 02 27.9100 28.2400 28.1000     -0.6074       0.0000    0.0000            0
1996 08 03 27.8200 28.1200 28.0400     -0.6684       0.0000    0.0000            0
1996 08 04 27.8600 28.4300 28.2900     -0.3990       0.0000    0.0000            0
1996 08 05 27.8300 28.2600 28.0300     -0.6835       0.0000    0.0000            0
1996 08 06 27.9200 28.5200 28.4100     -0.4603       0.0000    0.0000            0
1996 08 07 27.8300 28.4700 28.3800     -0.4855       0.0000    0.0000            0
1996 08 08 27.7900 28.4300 28.3500     -0.3426       0.0000    0.0000            0
1996 08 09 27.9400 28.4900 28.4000     -0.2755       0.0000    0.0000            0
1996 08 10 28.0500 28.5800 28.5700     -0.2997       0.0000    0.0000            0
1996 08 11 28.1000 28.6800 28.6700     -0.1990       0.0000    0.0000            0
1996 08 12 28.2600 28.9100 28.8900      0.0332       0.0000    0.0000            0
1996 08 13 28.2200 28.9500 28.9300      0.0848       0.0000    0.0000            0
1996 08 14 28.0900 29.0000 28.6000     -0.0823       0.0000    0.0000            0
1996 08 15 28.0000 28.7600 28.7000     -0.2300       0.0000    0.0000            0
1996 08 16 27.8600 28.7000 28.2400     -0.4661       0.0000    0.0000            0
1996 08 17 27.7800 28.5900 28.1700     -0.5416       0.0000    0.0000            0
1996 08 18 27.6500 28.5200 28.4400     -0.4439       0.0000    0.0000            0
1996 08 19 27.6100 28.5800 28.3100     -0.4171       0.0000    0.0000            0
1996 08 20 27.6100 28.6400 28.3300     -0.4190       0.0000    0.0000            0
1996 08 21 27.4500 28.5300 28.2500     -0.4906       0.0000    0.0000            0
1996 08 22 27.8200 28.5400 28.5000     -0.4842       0.0000    0.0000            0
1996 08 23 27.9000 28.3400 28.2600     -0.6723       0.0000    0.0000            0
1996 08 24 27.9100 28.3000 28.0800     -0.6923       0.0000    0.0000            0
1996 08 25 28.0200 28.4600 28.2200     -0.5581       0.0000    0.0000            0
1996 08 26 28.0400 28.4600 28.2800     -0.5003       0.0000    0.0000            0
1996 08 27 28.0000 28.3600 28.3400     -0.6223       0.0000    0.0000            0
1996 08 28 27.7700 28.2400 28.2300     -0.7332       0.0000    0.0000            0
1996 08 29 27.6600 28.4600 28.1800     -0.6329       0.0000    0.0000            0
1996 08 30 27.7400 28.5600 28.5200     -0.4848       0.0000    0.0000            0
1996 08 31 27.7400 28.5700 28.5500     -0.4394       0.0000    0.0000            0
1996 09 01 27.7900 28.6500 28.6100     -0.2271       0.0000    0.0000            0
1996 09 02 27.8000 28.6000 28.5800     -0.2652       0.0000    0.0000            0
1996 09 03 27.8200 28.5400 28.4900     -0.3355       0.0000    0.0000            0
1996 09 04 27.8900 28.4100 28.3300     -0.5042       0.0000    0.0000            0
1996 09 05 27.9200 28.5100 28.4500     -0.4194       0.0000    0.0000            0
1996 09 06 27.8000 28.4500 28.2600     -0.6174       0.0000    0.0000            0
1996 09 07 27.8900 28.4400 28.1500     -0.7129       0.0000    0.0000            0
1996 09 08 27.8900 28.3000 28.1300     -0.7635       0.0000    0.0000            0
1996 09 09 27.8200 28.2900 28.1800     -0.6410       0.0000    0.0000            0
1996 09 10 27.7200 28.3200 28.2200     -0.7829       0.0000    0.0000            0
1996 09 11 27.4200 28.3400 28.1400     -0.8029       0.0000    0.0000            0
1996 09 12 27.3700 28.3300 28.2600     -0.8868       0.0000    0.0000            0
1996 09 13 27.6400 28.6100 28.5100     -0.6258       0.0000    0.0000            0
1996 09 14 27.7600 28.7000 28.5700     -0.5735       0.0000    0.0000            0
1996 09 15 27.9600 28.6500 28.1700     -0.7700       0.0000    0.0000            0
1996 09 16 28.2700 28.7000 28.5000     -0.3973       0.0000    0.0000            0
1996 09 17 28.1800 28.7500 28.3900     -0.4947       0.0000    0.0000            0
1996 09 18 28.0700 28.7800 28.7400     -0.4300       0.0000    0.0000            0
1996 09 19 27.9100 28.9100 28.8000     -0.3700       0.0000    0.0000            0
1996 09 20 27.7800 28.5200 28.2400     -0.6600       0.0000    0.0000            0
1996 09 21 27.8500 28.7400 28.6800     -0.4820       0.0000    0.0000            0
1996 09 22 27.8600 28.7400 28.6800     -0.4800       0.0000    0.0000            0
1996 09 23 27.8500 28.8700 28.8400     -0.3227       0.0000    0.0000            0
1996 09 24 27.8000 28.7700 28.7500     -0.4130       0.0000    0.0000            0
1996 09 25 27.8700 28.8200 28.7600     -0.3900       0.0000    0.0000            0
1996 09 26 27.7800 28.7400 28.5200     -0.3947       0.0000    0.0000            0
1996 09 27 27.6600 28.6900 28.6800     -0.2980       0.0000    0.0000            0
1996 09 28 27.6800 28.6600 28.6500     -0.3270       0.0000    0.0000            0
1996 09 29 27.6000 28.5800 28.5700     -0.3900       0.0000    0.0000            0
1996 09 30 27.5300 28.5500 28.4500     -0.5050       0.0000    0.0000            0
1996 10 01 27.7200 28.4000 28.3900     -0.5313       0.0000    0.0000            0
1996 10 02 28.0900 28.6100 28.4200     -0.4290       0.0000    0.0000            0
1996 10 03 28.2500 28.6700 28.5100     -0.3120       0.0000    0.0000            0
1996 10 04 28.1700 28.6500 28.3300     -0.4903       0.0000    0.0000            0
1996 10 05 27.9100 28.6300 28.3100     -0.4933       0.0000    0.0000            0
1996 10 06 27.7800 28.5900 28.2900     -0.4800       0.0000    0.0000            0
1996 10 07 27.9300 28.7300 28.7300     -0.4473       0.0000    0.0000            0
1996 10 08 27.9500 29.1100 28.9900     -0.1877       0.0000    0.0000            0
1996 10 09 28.0100 29.0700 28.9700     -0.2080       0.0000    0.0000            0
1996 10 10 27.8700 28.8400 28.7600     -0.3817       0.0000    0.0000            0
1996 10 11 27.8400 28.5800 28.3300     -0.6013       0.0000    0.0000            0
1996 10 12 27.7700 28.5400 28.5300     -0.6390       0.0000    0.0000            0
1996 10 13 27.8300 28.3300 28.2500     -0.6907       0.0000    0.0000            0
1996 10 14 27.6300 28.3800 28.2300     -0.6120       0.0000    0.0000            0
1996 10 15 27.7200 28.5900 28.5200     -0.4100       0.0000    0.0000            0
1996 10 16 27.7700 28.6200 28.4300     -0.3713       0.0000    0.0000            0
1996 10 17 27.9000 29.0300 28.9100     -0.2187       0.0000    0.0000            0
1996 10 18 27.9600 28.6900 28.3900     -0.4039       0.0000    0.0000            0
1996 10 19 27.9100 28.7700 28.6800     -0.4687       0.0000    0.0000            0
1996 10 20 27.8700 28.7300 28.5900     -0.5652       0.0000    0.0000            0
1996 10 21 27.8200 28.8200 28.6200     -0.5061       0.0000    0.0000            0
1996 10 22 27.7300 28.9600 28.7800     -0.3455       0.0000    0.0000            0
1996 10 23 27.8900 29.0000 28.7900     -0.3348       0.0000    0.0000            0
1996 10 24 27.7600 29.0000 28.7300     -0.4013       0.0000    0.0000            0
1996 10 25 27.8800 28.9000 28.7300     -0.4000       0.0000    0.0000            0
1996 10 26 27.8600 28.5500 28.2800     -0.4539       0.0000    0.0000            0
1996 10 27 27.7200 28.5800 28.1500     -0.5397       0.0000    0.0000            0
1996 10 28 27.4700 28.5600 28.4000     -0.6384       0.0000    0.0000            0
1996 10 29 27.3300 28.5100 28.3300     -0.7271       0.0000    0.0000            0
1996 10 30 27.4200 28.4000 28.1800     -0.4526       0.0000    0.0000            0
1996 10 31 27.8400 28.5800 28.3600     -0.3026       0.0000    0.0000            0
1996 11 01 27.8200 28.5800 28.5500     -0.4984       0.0000    0.0000            0
1996 11 02 27.8500 28.5600 28.5500     -0.4990       0.0000    0.0000            0
1996 11 03 27.8300 28.7300 28.5100     -0.5113       0.0000    0.0000            0
1996 11 04 27.7900 28.6700 28.5700     -0.6035       0.0000    0.0000            0
1996 11 05 27.6200 28.6000 28.5800     -0.5468       0.0000    0.0000            0
1996 11 06 27.2000 28.6400 28.5700     -0.6013       0.0000    0.0000            0
1996 11 07 27.3500 28.8400 28.7100     -0.4797       0.0000    0.0000            0
1996 11 08 27.3200 28.8500 28.7200     -0.4810       0.0000    0.0000            0
1996 11 09 27.5200 29.0300 28.9000     -0.2742       0.0000    0.0000            0
1996 11 10 27.8000 29.0200 28.9400     -0.2352       0.0000    0.0000            0
1996 11 11 27.9600 28.9900 28.9300     -0.2561       0.0000    0.0000            0
1996 11 12 27.8700 28.9700 28.8800     -0.3071       0.0000    0.0000            0
1996 11 13 28.0900 28.8600 28.6700     -0.3681       0.0000    0.0000            0
1996 11 14 27.5900 28.8600 28.7000     -0.3494       0.0000    0.0000            0
1996 11 15 27.5300 28.5900 28.4200     -0.6300       0.0000    0.0000            0
1996 11 16 27.7500 28.5500 28.4700     -0.5913       0.0000    0.0000            0
1996 11 17 27.8300 28.4400 28.3700     -0.6927       0.0000    0.0000            0
1996 11 18 27.8200 28.7700 28.6000     -0.5760       0.0000    0.0000            0
1996 11 19 27.9600 28.8700 28.6700     -0.4620       0.0000    0.0000            0
1996 11 20 27.7900 28.5500 28.4900     -0.5833       0.0000    0.0000            0
1996 11 21 27.6700 28.5100 28.4700     -0.6060       0.0000    0.0000            0
1996 11 22 27.1700 28.0700 28.0500     -1.0100       0.0000    0.0000            0
1996 11 23 27.7200 29.0000 28.8400     -0.2153       0.0000    0.0000            0
1996 11 24 27.6500 28.6500 28.5700     -0.5030       0.0000    0.0000            0
1996 11 25 27.7400 28.8300 28.7400     -0.3333       0.0000    0.0000            0
1996 11 26 28.2300 29.2400 29.1700      0.0963       0.0000    0.0000            0
1996 11 27 28.0100 29.2100 29.1500      0.0760       0.0000    0.0000            0
1996 11 28 27.4500 28.7000 28.5700     -0.4873       0.0000    0.0000            0
1996 11 29 27.3100 28.5500 28.5300     -0.7040       0.0000    0.0000            0
1996 11 30 27.1900 28.5600 28.5200     -0.6800       0.0000    0.0000            0
1996 12 01 27.4000 28.6900 28.4400     -0.1933       0.0000    0.0000            0
1996 12 02 27.7200 28.6500 28.5600     -0.0810       0.0000    0.0000            0
1996 12 03 28.0500 28.7100 28.4400     -0.2240       0.0000    0.0000            0
1996 12 04 28.0400 28.8200 28.8100     -0.2660       0.0000    0.0000            0
1996 12 05 28.1400 29.0100 29.0100     -0.1800       0.0000    0.0000            0
1996 12 06 28.1500 29.0900 29.0700     -0.1290       0.0000    0.0000            0
1996 12 07 28.2300 29.0500 28.9800     -0.2313       0.0000    0.0000            0
1996 12 08 28.1500 28.9700 28.8400     -0.3713       0.0000    0.0000            0
1996 12 09 27.9500 28.9000 28.8000     -0.4140       0.0000    0.0000            0
1996 12 10 27.8800 28.9200 28.7400     -0.4817       0.0000    0.0000            0
1996 12 11 28.1300 28.9700 28.7400     -0.3647       0.0000    0.0000            0
1996 12 12 27.4700 28.5300 28.4700     -0.5910       0.0000    0.0000            0
1996 12 13 27.5600 28.5900 28.5400     -0.5300       0.0000    0.0000            0
1996 12 14 27.5400 28.6700 28.5900     -0.4797       0.0000    0.0000            0
1996 12 15 27.8400 28.7100 28.6600     -0.4100       0.0000    0.0000            0
1996 12 16 27.8100 28.7000 28.5100     -0.4994       0.0000    0.0000            0
1996 12 17 27.8000 28.6700 28.5800     -0.4281       0.0000    0.0000            0
1996 12 18 27.7900 28.4800 28.2000     -0.7410       0.0000    0.0000            0
1996 12 19 27.7900 28.4500 28.2700     -0.7074       0.0000    0.0000            0
1996 12 20 28.0200 29.3800 29.2700      0.0703       0.0000    0.0000            0
1996 12 21 27.8100 29.1200 29.0100     -0.1655       0.0000    0.0000            0
1996 12 22 27.9100 29.1200 29.0200     -0.1481       0.0000    0.0000            0
1996 12 23 28.0800 29.0500 28.9800     -0.1806       0.0000    0.0000            0
1996 12 24 27.8200 29.4000 29.3300      0.1668       0.0000    0.0000            0
1996 12 25 27.6500 29.2300 28.9300     -0.0690       0.0000    0.0000            0
1996 12 26 27.6100 28.8000 28.7500     -0.4055       0.0000    0.0000            0
1996 12 27 27.6200 28.7500 28.6800     -0.4455       0.0000    0.0000            0
1996 12 28 27.4900 28.8200 28.7900     -0.3435       0.0000    0.0000            0
1996 12 29 27.7700 28.9400 28.8500     -0.1287       0.0000    0.0000            0
1996 12 30 27.9000 29.4900 29.2700      0.2968       0.0300    0.0000            1
1996 12 31 27.9000 29.3500 29.1900      0.2287       0.0000    0.0000            1
1997 01 01 27.7500 29.1100 28.8800     -0.0803       0.0000    0.0000            1
1997 01 02 27.8300 29.2900 29.0400      0.0910       0.0000    0.0000            1
1997 01 03 27.7100 28.9100 28.6400     -0.3035       0.0000    0.0000            1
1997 01 04 27.5600 28.6700 28.5500     -0.5481       0.0000    0.0000            1
1997 01 05 27.5200 28.5400 28.4300     -0.6410       0.0000    0.0000            1
1997 01 06 27.7700 28.6200 28.5400     -0.5239       0.0000    0.0000            0
1997 01 07 27.9200 28.8500 28.7600     -0.2994       0.0000    0.0000            0
1997 01 08 27.9000 29.2800 29.1300      0.0958       0.0000    0.0000            0
1997 01 09 27.6600 29.1500 28.9200      0.0561       0.0000    0.0000            0
1997 01 10 27.6100 29.3300 29.0100      0.1668       0.0000    0.0000            0
1997 01 11 27.4700 29.4000 29.2200      0.1716       0.0000    0.0000            0
1997 01 12 27.6300 29.4200 29.2700      0.2568       0.0000    0.0000            0
1997 01 13 27.6100 28.8100 28.7600     -0.2742       0.0000    0.0000            0
1997 01 14 27.7900 28.7800 28.7000     -0.3074       0.0000    0.0000            0
1997 01 15 27.9600 28.8900 28.8100     -0.2000       0.0000    0.0000            0
1997 01 16 28.1800 28.9200 28.9100     -0.1097       0.0000    0.0000            0
1997 01 17 28.0900 29.2100 29.1900      0.1706       0.0000    0.0000            0
1997 01 18 27.6600 29.2200 29.1400      0.1429       0.0000    0.0000            0
1997 01 19 27.6400 29.2700 29.2400      0.2213       0.0000    0.0000            0
1997 01 20 27.5700 28.9000 28.8500     -0.1452       0.0000    0.0000            0
1997 01 21 27.5700 28.4500 28.3500     -0.6000       0.0000    0.0000            0
1997 01 22 27.8700 28.6100 28.5700     -0.4010       0.0000    0.0000            0
1997 01 23 27.8600 28.8700 28.7100     -0.2726       0.0000    0.0000            0
1997 01 24 27.8400 28.8900 28.7500     -0.2600       0.0000    0.0000            0
1997 01 25 27.7700 29.0100 28.8800     -0.1197       0.0000    0.0000            0
1997 01 26 27.9000 28.7900 28.7400     -0.2323       0.0000    0.0000            0
1997 01 27 28.0200 29.0400 28.9800     -0.0361       0.0000    0.0000            0
1997 01 28 27.9300 28.8900 28.8600     -0.1558       0.0000    0.0000            0
1997 01 29 27.8500 28.6000 28.5500     -0.4665       0.0000    0.0000            0
1997 01 30 27.7700 28.4000 28.4000     -0.4755       0.0000    0.0000            0
1997 01 31 27.8400 28.6800 28.5400     -0.4452       0.0000    0.0000            0
1997 02 01 27.9700 28.9200 28.9000      0.0319       0.0000    0.0000            0
1997 02 02 27.9900 29.0800 29.0600      0.2132       0.0000    0.0000            0
1997 02 03 27.9600 29.4100 29.2600      0.5739       0.2000    0.0000            1
1997 02 04 27.7600 29.2300 29.0900      0.4406       0.0000    0.0000            1
1997 02 05 27.6900 29.0100 28.8700     -0.1103       0.0000    0.0000            1
1997 02 06 27.1400 28.6400 28.5800     -0.4071       0.0000    0.0000            1
1997 02 07 27.8800 28.8000 28.7900     -0.2226       0.0000    0.0000            1
1997 02 08 27.9500 29.4100 29.3500      0.3323       0.0300    0.0000            1
1997 02 09 27.6100 29.2600 29.2200      0.2361       0.0000    0.0000            1
1997 02 10 27.2900 29.3400 29.3200      0.3084       0.0000    0.0000            1
1997 02 11 27.4100 29.3900 29.3400      0.3448       0.0000    0.0000            1
1997 02 12 27.1300 29.1700 29.0900      0.1561       0.0000    0.0000            1
1997 02 13 26.5300 28.6700 28.5900     -0.2706       0.0000    0.0000            1
1997 02 14 26.4300 28.8600 28.7600     -0.2110       0.0000    0.0000            1
1997 02 15 27.1800 28.8900 28.7900     -0.1700       0.0000    0.0000            0
1997 02 16 27.4200 28.7700 28.6600     -0.3011       0.0000    0.0000            0
1997 02 17 26.9500 28.3400 28.2100     -0.7314       0.0000    0.0000            0
1997 02 18 26.8700 28.2300 28.0500     -0.9064       0.0000    0.0000            0
1997 02 19 27.4600 28.5900 28.4300     -0.4900       0.0000    0.0000            0
1997 02 20 27.3800 28.6600 28.5400     -0.4036       0.0000    0.0000            0
1997 02 21 27.6500 28.6500 28.5800     -0.4107       0.0000    0.0000            0
1997 02 22 27.6700 29.0100 28.8800     -0.0650       0.0000    0.0000            0
1997 02 23 27.7400 29.2300 29.0500      0.1043       0.0000    0.0000            0
1997 02 24 27.6900 29.1100 28.9000     -0.0464       0.0000    0.0000            0
1997 02 25 27.7200 29.0700 28.8200     -0.1271       0.0000    0.0000            0
1997 02 26 27.7500 28.9600 28.7100     -0.2518       0.0000    0.0000            0
1997 02 27 27.8000 28.9300 28.6400     -0.3329       0.0000    0.0000            0
1997 02 28 27.7300 28.9000 28.4800     -0.2229       0.0000    0.0000            0
1997 03 01 27.6200 28.6900 28.5000     -0.3100       0.0000    0.0000            0
1997 03 02 27.4800 28.6800 28.5500     -0.4661       0.0000    0.0000            0
1997 03 03 27.4600 28.6300 28.5600     -0.4614       0.0000    0.0000            0
1997 03 04 27.3900 28.6200 28.5300     -0.2936       0.0000    0.0000            0
1997 03 05 27.2600 28.6000 28.5800     -0.4271       0.0000    0.0000            0
1997 03 06 27.3700 28.5800 28.5100     -0.5004       0.0000    0.0000            0
1997 03 07 27.2700 28.5700 28.4900     -0.5343       0.0000    0.0000            0
1997 03 08 27.0200 28.5400 28.5000     -0.5250       0.0000    0.0000            0
1997 03 09 27.1800 28.5600 28.5500     -0.4771       0.0000    0.0000            0
1997 03 10 27.2900 28.6000 28.5700     -0.4111       0.0000    0.0000            0
1997 03 11 27.3200 28.6300 28.5600     -0.4214       0.0000    0.0000            0
1997 03 12 27.3000 28.8400 28.7200     -0.2646       0.0000    0.0000            0
1997 03 13 27.2800 28.8300 28.6800     -0.2971       0.0000    0.0000            0
1997 03 14 27.3000 28.8900 28.7000     -0.2786       0.0000    0.0000            0
1997 03 15 27.4100 28.9900 28.7100     -0.2500       0.0000    0.0000            0
1997 03 16 27.6600 28.9500 28.6400     -0.3068       0.0000    0.0000            0
1997 03 17 27.6300 28.7500 28.1300     -0.2577       0.0000    0.0000            0
1997 03 18 27.4300 28.5400 28.2600     -0.7194       0.0000    0.0000            0
1997 03 19 27.4000 28.4800 28.1800     -0.7871       0.0000    0.0000            0
1997 03 20 27.4000 28.4900 28.2100     -0.7939       0.0000    0.0000            0
1997 03 21 27.5900 28.5600 28.0200      0.0142       0.0000    0.0000            0
1997 03 22 27.6800 28.6000 28.5900     -0.5052       0.0000    0.0000            0
1997 03 23 28.5100 29.0200 28.9600      0.9145       0.0100    0.0000            1
1997 03 24 28.3300 29.0000 28.9700      0.9126       0.0200    0.0000            1
1997 03 25 28.2300 28.8800 28.8500      0.7874       0.0000    0.0000            1
1997 03 26 28.2500 28.9100 28.6800      0.6158       0.0000    0.0000            1
1997 03 27 28.1700 28.7900 28.7300      0.6306       0.0000    0.0000            1
1997 03 28 28.2700 28.8500 28.7200      0.6048       0.0000    0.0000            1
1997 03 29 28.3700 29.2200 28.9300      0.8365       0.0000    0.0000            1
1997 03 30 28.3300 29.2400 28.9500      0.8358       0.0000    0.0000            1
1997 03 31 28.3400 29.2200 29.1700      0.4639       0.0000    0.0000            0
1997 04 01 28.3500 29.4800 29.4400      0.3258       0.1200    0.0000            1
1997 04 02 28.4000 29.6300 29.5400      0.4255       0.2300    0.0000            1
1997 04 03 28.2800 29.5000 29.4200      0.3197       0.1200    0.0000            1
1997 04 04 28.3600 29.6500 29.5200      0.3810       0.1900    0.0000            1
1997 04 05 27.8800 29.7600 29.5200      0.3877       0.1900    0.0000            1
1997 04 06 28.0000 29.2500 28.9400      0.7516       0.0000    0.0000            1
1997 04 07 28.0600 29.2600 28.9400      0.7429       0.0000    0.0000            1
1997 04 08 28.1800 29.2300 28.9000      0.7368       0.0000    0.0000            1
1997 04 09 28.2600 29.3100 28.9600      0.7135       0.0100    0.0000            1
1997 04 10 28.5400 29.2300 29.1900      0.2758       0.0000    0.0000            1
1997 04 11 28.6800 29.3900 29.1800      0.9265       0.2400    0.0000            1
1997 04 12 28.5500 29.7100 29.4600      1.2048       0.5200    0.0000            1
1997 04 13 28.3600 29.7300 29.4800      1.1845       0.5300    0.0000            1
1997 04 14 28.2100 29.8600 29.4800      1.2013       0.5400    0.0000            1
1997 04 15 28.3600 29.3500 29.0200      0.7600       0.0900    0.0000            1
1997 04 16 28.4600 29.2100 29.1200      0.5303       0.2100    0.0000            1
1997 04 17 29.0600 29.7100 29.5100      0.9687       0.6200    0.0000            1
1997 04 18 29.0600 29.4800 29.4200      0.8850       0.5300    0.0000            1
1997 04 19 28.8400 29.3400 29.2400      0.6213       0.3300    0.0000            1
1997 04 20 28.8200 29.6000 29.5200      1.1533       0.5800    0.0000            1
1997 04 21 28.7900 29.6800 29.6200      1.2580       0.6900    0.0000            1
1997 04 22 28.7300 29.9200 29.8300      1.4543       0.9000    0.0000            1
1997 04 23 28.5900 29.4500 29.4200      0.9860       0.4800    0.0000            1
1997 04 24 29.0700 29.6500 29.5400      0.9270       0.6500    0.0000            1
1997 04 25 29.0700 29.6200 29.5100      0.9067       0.6300    0.0000            1
1997 04 26 29.0600 29.5900 29.5000      0.8637       0.6100    0.0000            1
1997 04 27 29.0200 29.4900 29.3900      0.7760       0.5100    0.0000            1
1997 04 28 28.9900 29.5300 29.3600      0.7670       0.5000    0.0000            1
1997 04 29 29.0600 29.5700 29.3900      0.8013       0.5400    0.0000            1
1997 04 30 29.2700 29.8800 29.8200      1.3350       0.8900    0.0000            1
1997 05 01 29.0200 29.8700 29.7700      1.2913       0.8400    0.0000            1
1997 05 02 29.0100 29.8200 29.7400      1.1933       0.7900    0.0000            1
1997 05 03 28.9200 29.6700 29.4000      0.8880       0.4700    0.0000            1
1997 05 04 29.2100 29.6000 29.3500      0.6447       0.4700    0.0000            1
1997 05 05 28.8900 29.4300 29.1900      0.5200       0.3300    0.0000            1
1997 05 06 28.9200 29.3800 29.2200      0.4940       0.3400    0.0000            1
1997 05 07 28.8700 29.2800 29.2100      0.4100       0.2900    0.0000            1
1997 05 08 28.9100 29.9200 29.8800      1.0327       0.9300    0.0000            1
1997 05 09 28.9000 29.9300 29.8800      0.9980       0.9100    0.0000            1
1997 05 10 28.9000 29.8600 29.7300      0.8917       0.8200    0.0000            1
1997 05 11 29.0400 29.8000 29.6900      0.8287       0.7700    0.0000            1
1997 05 12 29.1500 29.7100 29.6600      0.7550       0.7100    0.0000            1
1997 05 13 29.2400 29.8800 29.7400      0.9033       0.8500    0.0000            1
1997 05 14 29.2200 29.9600 29.8200      0.9910       0.9300    0.0000            1
1997 05 15 29.1900 29.9500 29.8000      0.9600       0.9100    0.0000            1
1997 05 16 29.3500 29.9200 29.7600      0.9106       0.8700    0.0000            1
1997 05 17 29.1100 29.9500 29.7500      0.9013       0.8600    0.0000            1
1997 05 18 29.3300 30.0600 30.0100      1.0368       1.0300    0.1471            2
1997 05 19 29.5400 30.3900 30.3700      1.3242       1.3100    0.3343            2
1997 05 20 29.5800 30.4500 30.4200      1.3594       1.3400    0.5257            2
1997 05 21 29.5700 30.3700 30.2500      1.3035       1.2900    0.7100            2
1997 05 22 29.1500 30.3700 30.2900      1.3358       1.3200    0.8986            2
1997 05 23 29.3000 30.3500 30.2600      1.3629       1.3500    1.0914            2
1997 05 24 29.3600 30.3800 30.2600      1.3603       1.3400    1.2829            2
1997 05 25 29.1700 30.1900 30.0100      1.2365       1.1500    1.4471            2
1997 05 26 29.0300 30.0800 30.0200      1.0948       1.0700    1.6000            2
1997 05 27 28.9400 29.9900 29.8400      1.0777       0.9900    1.6000            2
1997 05 28 29.2900 29.7600 29.7200      0.7935       0.7600    1.6000            2
1997 05 29 29.0600 29.6800 29.4100      0.4861       0.4500    1.6000            2
1997 05 30 29.0800 29.7000 29.6500      0.4916       0.4400    1.6000            2
1997 05 31 29.0400 29.9200 29.4100      0.5161       0.4800    1.6000            2
1997 06 01 29.0700 30.0100 29.3800      0.4829       0.4500    1.6000            2
1997 06 02 29.0300 30.2300 29.8300      0.5416       0.5300    1.6000            1
1997 06 03 29.0100 30.1600 30.0100      0.7168       0.6800    1.6000            1
1997 06 04 29.2400 30.0100 29.7000      0.6465       0.6400    1.6000            1
1997 06 05 28.9100 29.8100 29.7500      0.5848       0.4900    1.6000            1
1997 06 06 28.8900 29.8900 29.5000      0.7829       0.5500    1.6000            1
1997 06 07 28.8700 29.6100 29.6000      0.8806       0.6400    1.6000            1
1997 06 08 28.9600 29.6100 29.5700      0.8335       0.6400    1.6000            1
1997 06 09 28.9100 29.6200 29.5900      0.8377       0.6400    1.6000            1
1997 06 10 28.8700 29.4700 29.4700      0.2003       0.1500    1.6000            1
1997 06 11 28.8000 29.4400 29.4100      0.1310       0.0700    1.6000            1
1997 06 12 28.3100 28.9800 28.9100      0.1748       0.0000    1.6000            1
1997 06 13 28.4900 29.3000 29.1900      0.4626       0.2600    1.6000            1
1997 06 14 28.9200 29.4500 29.4000      0.6713       0.4700    1.6000            1
1997 06 15 28.8400 29.4800 29.4300      0.6800       0.5000    1.6000            1
1997 06 16 28.6900 29.3000 29.2800      0.5003       0.3400    1.6000            1
1997 06 17 28.6700 29.3500 29.3100      0.5600       0.3800    1.6000            1
1997 06 18 28.7500 29.2700 29.2700      0.5100       0.3200    1.6000            1
1997 06 19 28.6700 29.3400 29.3000      0.4493       0.3800    1.6000            1
1997 06 20 28.6300 29.3200 29.2500      0.4283       0.3600    1.6000            1
1997 06 21 28.6200 29.4700 29.4300      0.6360       0.4800    1.6000            1
1997 06 22 28.1000 29.5300 29.4700      0.7653       0.5500    1.6000            1
1997 06 23 28.8400 29.6500 29.5700      0.7507       0.6500    1.6000            1
1997 06 24 28.8900 29.6400 29.6100      0.8670       0.6600    1.6000            1
1997 06 25 28.9600 29.7500 29.7200      0.9800       0.7900    1.6000            1
1997 06 26 28.9700 30.1300 30.1000      1.3663       1.1700    1.7671            2
1997 06 27 29.1800 30.1400 30.1000      1.3080       1.1600    1.9329            2
1997 06 28 29.1600 30.0100 29.9300      1.1543       0.9900    1.9329            2
1997 06 29 29.1100 29.7400 29.6900      0.9400       0.7600    1.9329            2
1997 06 30 28.9500 29.6300 29.5900      0.8150       0.6500    1.9329            2
1997 07 01 28.8400 29.3200 29.3100      0.5260       0.3600    1.9329            2
1997 07 02 28.7400 29.3000 29.2700      0.2087       0.0500    1.9329            2
1997 07 03 28.6600 29.4500 29.4300      0.4020       0.2400    1.9329            2
1997 07 04 28.8200 29.4200 29.4100      0.5430       0.4100    1.9329            1
1997 07 05 28.5300 29.5700 29.4300      0.6800       0.4900    1.9329            1
1997 07 06 28.3900 29.5500 29.4400      0.6800       0.4900    1.9329            1
1997 07 07 28.3500 29.3700 29.2700      0.5200       0.3400    1.9329            1
1997 07 08 28.4700 29.3300 29.2800      0.5300       0.3500    1.9329            1
1997 07 09 29.0800 29.4200 29.3800      0.6080       0.4400    1.9329            1
1997 07 10 28.7300 29.2800 29.2500      0.4900       0.3000    1.9329            1
1997 07 11 28.6200 29.2200 29.1800      0.4413       0.2500    1.9329            1
1997 07 12 28.5600 29.2900 29.2400      0.5010       0.3100    1.9329            1
1997 07 13 28.7000 29.4000 29.3600      0.5787       0.4200    1.9329            1
1997 07 14 28.6100 29.4100 29.3800      0.5990       0.4300    1.9329            1
1997 07 15 28.6300 29.3000 29.2200      0.5400       0.2700    1.9329            1
1997 07 16 28.8500 29.5700 29.3500      0.6590       0.4300    1.9329            1
1997 07 17 28.9800 29.5900 29.5800      0.8800       0.5200    1.9329            1
1997 07 18 29.0100 29.7600 29.3800      0.7152       0.4700    1.9329            1
1997 07 19 29.2300 29.7700 29.4200      0.7287       0.5300    1.9329            1
1997 07 20 29.2800 29.8300 29.7500      0.8413       0.5500    1.9329            1
1997 07 21 29.1700 29.5400 29.4200      0.7342       0.5300    1.9329            1
1997 07 22 28.7500 29.2300 29.1200      0.4632       0.2400    1.9329            1
1997 07 23 29.0200 29.7500 29.6600      0.9700       0.7500    1.9329            1
1997 07 24 28.7500 29.4600 29.3800      0.6900       0.4700    1.9329            1
1997 07 25 29.1300 29.6200 29.5800      0.8900       0.6700    1.9329            1
1997 07 26 29.1400 29.7200 29.6700      0.9794       0.7900    1.9329            1
1997 07 27 29.2700 29.7000 29.6600      0.9623       0.7600    1.9329            1
1997 07 28 29.0600 29.6800 29.6500      0.9335       0.7200    1.9329            1
1997 07 29 28.9200 29.6900 29.6700      0.9352       0.7300    1.9329            1
1997 07 30 28.8300 29.6500 29.6300      0.9032       0.6800    1.9329            1
1997 07 31 28.4800 29.3500 29.3300      0.6365       0.4000    1.9329            1
1997 08 01 28.4400 29.2700 29.2400      0.5494       0.3100    1.9329            1
1997 08 02 28.3400 29.3600 29.2600      0.6026       0.3900    1.9329            1
1997 08 03 28.4900 29.3700 29.3100      0.6239       0.4100    1.9329            1
1997 08 04 28.8500 29.4500 29.2600      0.5635       0.3600    1.9329            1
1997 08 05 29.0100 29.5300 29.3300      0.6332       0.4300    1.9329            1
1997 08 06 28.9600 29.4500 29.2500      0.5658       0.3700    1.9329            1
1997 08 07 29.2000 29.7700 29.6900      0.9803       0.7700    1.9329            1
1997 08 08 29.1000 29.7400 29.7300      1.0190       0.7600    1.9329            1
1997 08 09 29.0100 29.7500 29.7400      1.0277       0.7700    1.9329            1
1997 08 10 28.9300 29.5700 29.5000      0.8016       0.6000    1.7857            1
1997 08 11 29.1400 29.5000 29.4400      0.7326       0.5400    1.5986            1
1997 08 12 29.2100 29.6400 29.5000      0.8410       0.6300    1.4071            1
1997 08 13 29.3800 29.7600 29.6500      0.9313       0.7300    1.2229            1
1997 08 14 29.3500 29.9100 29.8300      1.1110       0.9100    1.0343            1
1997 08 15 29.3400 29.8400 29.7500      1.0300       0.8500    0.8414            1
1997 08 16 29.3600 30.0200 29.9500      1.2345       1.0400    0.7986            2
1997 08 17 29.4100 30.1000 30.0100      1.3071       1.1200    0.7943            2
1997 08 18 29.3200 30.0900 29.9700      1.2326       1.0500    0.7914            2
1997 08 19 29.0700 30.1100 29.9600      1.2342       1.0600    0.9429            2
1997 08 20 28.8500 30.0900 30.0000      1.2526       1.0100    1.0871            2
1997 08 21 28.8500 30.0800 30.0100      1.2635       0.9200    1.0871            2
1997 08 22 28.9200 30.0700 29.9900      1.2294       1.0000    1.2300            2
1997 08 23 28.9200 29.8900 29.7100      0.9455       0.6500    1.2300            2
1997 08 24 28.8200 29.7200 29.6700      0.9032       0.6200    1.2300            2
1997 08 25 28.9100 29.9100 29.7400      0.9723       0.6800    1.2300            2
1997 08 26 28.6700 29.9000 29.8400      1.0119       0.6100    1.2300            2
1997 08 27 28.8700 29.8800 29.8400      0.9987       0.6000    1.2300            2
1997 08 28 28.6600 29.7300 29.7000      0.8477       0.4600    1.2300            2
1997 08 29 29.0500 29.9600 29.7500      0.9561       0.7200    1.2300            1
1997 08 30 29.0500 30.0700 30.0500      1.1787       0.8100    1.2300            1
1997 08 31 29.1200 30.1400 29.8200      1.0274       0.8800    1.2300            1
1997 09 01 29.1900 30.1800 30.0900      1.2529       1.0000    1.3729            2
1997 09 02 29.1900 30.2100 30.1500      1.3197       1.0200    1.5186            2
1997 09 03 28.9800 30.0400 29.9600      1.1190       0.8800    1.5186            2
1997 09 04 29.5300 30.3900 30.2900      1.4545       1.3800    1.7157            2
1997 09 05 29.5400 30.4300 30.3300      1.4877       1.4200    1.9186            2
1997 09 06 29.4100 30.2500 30.0400      1.2052       1.1500    2.0829            2
1997 09 07 29.0800 29.6700 29.5000      0.6468       0.5900    2.0829            2
1997 09 08 29.0400 29.5100 29.3600      0.4997       0.4500    2.0829            2
1997 09 09 29.0100 29.4300 29.3100      0.4487       0.4100    2.0829            2
1997 09 10 28.9200 29.3900 29.2900      0.4239       0.3900    2.0829            2
1997 09 11 29.1800 29.6500 29.5400      0.6448       0.6100    2.0829            2
1997 09 12 29.0700 29.6200 29.5500      0.6271       0.6000    2.0829            2
1997 09 13 29.4500 29.7800 29.7100      0.8403       0.7900    2.0829            1
1997 09 14 29.3900 29.7500 29.6000      0.7252       0.6500    2.0829            1
1997 09 15 29.3100 29.7400 29.7000      0.8100       0.8100    2.0829            1
1997 09 16 29.2400 29.7800 29.7600      0.8633       0.8600    2.0829            1
1997 09 17 29.0600 30.1000 30.0700      1.1660       1.1600    2.2486            2
1997 09 18 29.2500 30.1100 30.0700      1.1970       0.9800    2.0814            2
1997 09 19 29.3700 30.0300 29.9700      1.0973       0.9000    1.9157            2
1997 09 20 28.9300 30.0300 29.9200      1.0350       0.8100    1.9157            2
1997 09 21 28.8600 29.9500 29.9200      0.7600       0.6000    1.9157            2
1997 09 22 29.3600 29.9100 29.7400      0.8633       0.8400    1.9157            2
1997 09 23 29.6500 30.0500 29.8700      1.0167       0.9900    1.9157            2
1997 09 24 29.8500 30.3000 30.1500      1.3000       1.2700    2.0971            2
1997 09 25 29.8100 30.2800 30.1500      1.3133       1.2700    2.2786            2
1997 09 26 29.6300 30.5600 30.3900      1.5297       1.4600    2.4871            2
1997 09 27 29.4000 30.3100 30.1300      1.2640       1.1800    2.6557            2
1997 09 28 29.3900 30.1800 29.9500      1.1320       1.0800    2.8100            2
1997 09 29 29.3900 30.0100 29.9000      1.0520       1.0000    2.9529            2
1997 09 30 28.9700 29.8700 29.8000      0.8750       0.6600    2.9529            2
1997 10 01 28.5400 29.8500 29.7100      0.8527       0.7900    2.9529            2
1997 10 02 28.4400 29.7800 29.7600      0.8830       0.6800    2.9529            2
1997 10 03 29.0900 30.1600 30.1500      1.2620       1.0600    3.1043            2
1997 10 04 29.2100 30.2000 30.1200      1.2000       0.9800    3.1043            2
1997 10 05 29.2600 30.2500 30.2000      1.2833       1.0700    3.2571            2
1997 10 06 29.0100 30.0700 30.0600      1.1320       0.9400    3.2571            2
1997 10 07 28.8900 30.1200 30.1100      1.2153       1.0000    3.4000            2
1997 10 08 28.6900 30.0900 30.0800      1.1870       0.9800    3.4000            2
1997 10 09 28.6700 30.0700 30.0600      1.1120       0.9800    3.4000            2
1997 10 10 28.5600 30.0300 30.0300      1.0850       0.9600    3.4000            2
1997 10 11 28.3900 29.8200 29.7600      0.8413       0.7100    3.4000            2
1997 10 12 28.2000 29.7000 29.6300      0.6800       0.5500    3.4000            2
1997 10 13 28.8900 30.8100 30.6900      1.5200       1.3500    3.5929            2
1997 10 14 29.0900 30.9300 30.7500      1.5800       1.4100    3.7943            2
1997 10 15 28.9700 30.8500 30.6300      1.5000       1.3100    3.9814            2
1997 10 16 29.1300 30.7500 30.5700      1.3887       1.2300    4.1571            3
1997 10 17 28.7200 30.6100 30.4200      1.2913       1.1000    4.3143            3
1997 10 18 28.0600 30.2400 30.0700      0.9181       0.7400    4.3143            3
1997 10 19 28.3300 30.1500 29.9800      0.8061       0.6400    4.3143            3
1997 10 20 28.4200 30.0600 29.8800      0.7416       0.5600    4.3143            3
1997 10 21 28.4300 29.9200 29.7600      0.6219       0.4400    4.3143            3
1997 10 22 28.7400 30.0900 29.9000      0.9900       0.9000    4.3143            3
1997 10 23 28.7200 29.9800 29.7900      0.9803       0.8800    4.3143            3
1997 10 24 28.7400 29.9000 29.8400      1.0142       0.9200    4.3143            1
1997 10 25 28.7200 29.9600 29.8300      0.9400       0.8500    4.3143            1
1997 10 26 28.5600 29.8400 29.8100      0.9000       0.8100    4.3143            1
1997 10 27 28.4800 29.7900 29.7600      0.8761       0.7700    4.3143            1
1997 10 28 28.3900 29.7400 29.7100      0.8000       0.7000    4.3143            1
1997 10 29 28.3900 29.6700 29.6400      0.7300       0.6400    4.3143            1
1997 10 30 28.3800 29.6200 29.5300      0.6500       0.5600    4.3143            1
1997 10 31 28.2900 29.4800 29.3700      0.4848       0.3800    4.3143            1
1997 11 01 28.1400 29.7500 29.6300      0.6790       0.5700    4.3143            1
1997 11 02 28.1500 30.1600 29.9600      1.0700       0.9800    4.3143            1
1997 11 03 28.4100 30.1800 30.0800      1.1639       0.9900    4.3143            1
1997 11 04 29.1100 29.9700 29.8900      0.9435       0.8300    4.3143            1
1997 11 05 29.2700 30.0300 29.7800      0.8465       0.7400    4.3143            1
1997 11 06 29.2500 30.0600 30.0400      0.9990       0.8200    4.3143            1
1997 11 07 29.1200 30.0100 29.8500      0.8752       0.7600    4.3143            1
1997 11 08 28.9400 30.1900 30.1700      0.9690       0.8300    4.1657            1
1997 11 09 28.8700 30.0000 29.9400      0.8894       0.7200    4.0057            1
1997 11 10 29.0700 30.2600 30.2500      1.1961       1.0300    4.0029            3
1997 11 11 29.0800 30.3200 30.3100      1.2529       1.1000    4.0086            3
1997 11 12 29.0700 30.4900 30.4900      1.4297       1.2700    4.0457            3
1997 11 13 29.2700 30.5600 30.5500      1.4865       1.3100    4.2329            3
1997 11 14 29.4700 30.3600 30.3300      1.2713       1.1000    4.2471            3
1997 11 15 29.5400 30.5800 30.5200      1.5900       1.4300    4.4514            3
1997 11 16 29.7400 30.5000 30.4900      1.4287       1.2600    4.6314            3
1997 11 17 29.6800 30.2200 30.0900      1.2273       1.1300    4.7929            3
1997 11 18 29.7000 30.1700 29.9600      1.1620       1.0500    4.9429            3
1997 11 19 29.5800 30.0600 30.0600      1.1720       1.0900    5.0986            3
1997 11 20 29.4400 29.9600 29.8400      1.0817       0.9600    5.0986            3
1997 11 21 29.4200 30.0100 29.9200      1.1480       1.0300    5.2457            3
1997 11 22 29.4400 30.0600 29.9900      1.0960       1.0200    5.3914            3
1997 11 23 29.4000 29.9800 29.9100      1.0140       0.9400    5.3914            3
1997 11 24 29.3900 29.9000 29.7500      0.8780       0.7900    5.2486            3
1997 11 25 29.3300 29.8200 29.6400      0.7767       0.7000    5.1029            3
1997 11 26 29.2800 29.7700 29.6000      0.9043       0.6500    5.1029            3
1997 11 27 29.2600 29.7400 29.5500      0.8520       0.6000    4.9057            3
1997 11 28 29.2200 29.7500 29.5600      0.6827       0.6000    4.7029            3
1997 11 29 29.1800 29.7800 29.5700      0.6913       0.6100    4.5386            1
1997 11 30 29.2000 29.6600 29.5100      0.6150       0.5400    4.5386            1
1997 12 01 29.1300 29.6300 29.4200      0.5080       0.4500    4.5386            1
1997 12 02 29.0000 29.5300 29.3600      0.4460       0.3900    4.5386            1
1997 12 03 28.2500 29.3300 29.2500      0.2760       0.2000    4.5386            1
1997 12 04 28.2100 29.2200 29.1600      0.1810       0.0900    4.5386            1
1997 12 05 28.1500 29.1900 29.0900      0.1033       0.0200    4.5386            1
1997 12 06 28.1600 29.3200 29.0900      0.0980       0.0400    4.5386            1
1997 12 07 28.3100 29.0800 29.0000     -0.0947       0.0000    4.5386            1
1997 12 08 28.1100 29.1100 29.0200     -0.0577       0.0000    4.5386            1
1997 12 09 28.0300 29.2200 29.0600     -0.0180       0.0000    4.5386            1
1997 12 10 28.1000 29.2100 29.0500     -0.0450       0.0000    4.3729            1
1997 12 11 28.2900 29.2000 29.1100      0.0327       0.0000    4.3729            1
1997 12 12 28.5200 29.6800 29.6200      0.5320       0.3600    4.3729            1
1997 12 13 28.5000 29.5100 29.4800      0.3920       0.2300    4.3729            1
1997 12 14 28.3100 29.4300 29.4300      0.3603       0.1600    4.3729            1
1997 12 15 28.6500 29.3300 29.1300      0.4100       0.1900    4.3729            1
1997 12 16 28.94